symbol,first_obs,last_obs,history_years,n_sessions_in_window,n_traded_in_window,missing_frac,median_turnover_inr,last_price,reasons,eligible,as_of
360ONE.NS,,,0.0,0,0,1.0,0.0,,no_data,False,2018-01-01
ABB.NS,2015-01-01,2018-01-01,3.001,252,252,0.0,69691076.30316162,1208.4515380859375,illiquid,False,2018-01-01
ABCAPITAL.NS,2017-09-01,2018-01-01,0.334,84,84,0.0,700644776.5364914,186.39999389648438,short_history,False,2018-01-01
ADANIENSOL.NS,2015-07-31,2018-01-01,2.423,252,252,0.0,96157137.72177124,219.6999969482422,short_history;illiquid,False,2018-01-01
ADANIENT.NS,2015-01-01,2018-01-01,3.001,252,252,0.0,572148350.1888733,89.049560546875,,True,2018-01-01
ADANIGREEN.NS,,,0.0,0,0,1.0,0.0,,no_data,False,2018-01-01
ADANIPORTS.NS,2015-01-01,2018-01-01,3.001,252,252,0.0,1222286147.5735626,379.9798889160156,,True,2018-01-01
ADANIPOWER.NS,2015-01-01,2018-01-01,3.001,252,252,0.0,314599865.7114196,8.520000457763672,low_price,False,2018-01-01
ALKEM.NS,2015-12-23,2018-01-01,2.026,252,252,0.0,47156552.77807617,2042.823486328125,short_history;illiquid,False,2018-01-01
AMBER.NS,,,0.0,0,0,1.0,0.0,,no_data,False,2018-01-01
AMBUJACEM.NS,2015-01-01,2018-01-01,3.001,252,252,0.0,466989938.171875,234.7113800048828,,True,2018-01-01
ANGELONE.NS,,,0.0,0,0,1.0,0.0,,no_data,False,2018-01-01
APLAPOLLO.NS,2015-01-01,2018-01-01,3.001,252,252,0.0,16204278.945960999,191.48594665527344,illiquid,False,2018-01-01
APOLLOHOSP.NS,2015-01-01,2018-01-01,3.001,252,252,0.0,309937867.35009766,1171.5345458984375,,True,2018-01-01
ASHOKLEY.NS,2015-01-01,2018-01-01,3.001,252,252,0.0,902134853.4230347,49.91121292114258,,True,2018-01-01
ASIANPAINT.NS,2015-01-01,2018-01-01,3.001,252,252,0.0,809574879.0665894,1062.954833984375,,True,2018-01-01
ASTRAL.NS,2015-01-01,2018-01-01,3.001,252,252,0.0,26191753.145599365,370.96453857421875,illiquid,False,2018-01-01
AUBANK.NS,2017-07-11,2018-01-01,0.476,120,120,0.0,248826429.0,328.82818603515625,short_history;illiquid,False,2018-01-01
AUROPHARMA.NS,2015-01-01,2018-01-01,3.001,252,252,0.0,1403058539.4542236,653.599365234375,,True,2018-01-01
AXISBANK.NS,2015-01-01,2018-01-01,3.001,252,252,0.0,3337062139.1608887,562.0167236328125,,True,2018-01-01
BAJAJ-AUTO.NS,2015-01-01,2018-01-01,3.001,252,252,0.0,697941601.3269043,2601.655517578125,,True,2018-01-01
BAJAJFINSV.NS,2015-01-01,2018-01-01,3.001,252,252,0.0,549971145.5358887,514.9772338867188,,True,2018-01-01
BAJAJHLDNG.NS,2015-01-01,2018-01-01,3.001,252,252,0.0,36657519.48321533,2515.914306640625,illiquid,False,2018-01-01
BAJFINANCE.NS,2015-01-01,2018-01-01,3.001,252,252,0.0,1220378817.5971985,167.0399169921875,,True,2018-01-01
BANDHANBNK.NS,,,0.0,0,0,1.0,0.0,,no_data,False,2018-01-01
BANKBARODA.NS,2015-01-01,2018-01-01,3.001,252,252,0.0,1433803729.182602,138.68661499023438,,True,2018-01-01
BANKINDIA.NS,2015-01-01,2018-01-01,3.001,252,252,0.0,572441052.868454,144.62142944335938,,True,2018-01-01
BDL.NS,,,0.0,0,0,1.0,0.0,,no_data,False,2018-01-01
BEL.NS,2015-01-01,2018-01-01,3.001,252,252,0.0,568617140.3188534,51.529541015625,,True,2018-01-01
BHARATFORG.NS,2015-01-01,2018-01-01,3.001,252,252,0.0,706274679.3173218,680.5284423828125,,True,2018-01-01
BHARTIARTL.NS,2015-01-01,2018-01-01,3.001,252,252,0.0,1320982044.2734528,447.93572998046875,,True,2018-01-01
BHEL.NS,2015-01-01,2018-01-01,3.001,252,252,0.0,645862166.4220657,88.32759857177734,,True,2018-01-01
BIOCON.NS,2015-01-01,2018-01-01,3.001,252,252,0.0,639874123.4047852,265.0105895996094,,True,2018-01-01
BLUESTARCO.NS,2015-01-01,2018-01-01,3.001,252,252,0.0,30027973.616394043,378.43817138671875,illiquid,False,2018-01-01
BOSCHLTD.NS,2015-01-01,2018-01-01,3.001,252,252,0.0,288095952.23339844,17920.126953125,,True,2018-01-01
BPCL.NS,2015-01-01,2018-01-01,3.001,252,252,0.0,1510082945.2886581,146.43856811523438,,True,2018-01-01
BRITANNIA.NS,2015-01-01,2018-01-01,3.001,252,252,0.0,467151612.8876953,2061.892333984375,,True,2018-01-01
BSE.NS,2017-02-03,2018-01-01,0.909,226,226,0.0,83838424.05337143,85.33930206298828,short_history;illiquid,False,2018-01-01
CAMS.NS,,,0.0,0,0,1.0,0.0,,no_data,False,2018-01-01
CANBK.NS,2015-01-01,2018-01-01,3.001,252,252,0.0,759163825.0380669,61.05694580078125,,True,2018-01-01
CDSL.NS,2017-06-30,2018-01-01,0.507,127,127,0.0,478301708.0,160.71273803710938,short_history,False,2018-01-01
CGPOWER.NS,2015-01-01,2018-01-01,3.001,252,252,0.0,162783131.42787933,91.67185974121094,illiquid,False,2018-01-01
CHOLAFIN.NS,2015-01-01,2018-01-01,3.001,252,252,0.0,210584840.50056458,256.0429382324219,illiquid,False,2018-01-01
CIPLA.NS,2015-01-01,2018-01-01,3.001,252,252,0.0,585733877.6521301,571.3703002929688,,True,2018-01-01
COALINDIA.NS,2015-01-01,2018-01-01,3.001,252,252,0.0,912254229.4869995,129.61817932128906,,True,2018-01-01
COCHINSHIP.NS,2017-08-11,2018-01-01,0.392,97,97,0.0,201803632.2224121,214.10487365722656,short_history;illiquid,False,2018-01-01
COFORGE.NS,2015-01-01,2018-01-01,3.001,252,252,0.0,155329230.32730103,118.46782684326172,illiquid,False,2018-01-01
COLPAL.NS,2015-01-01,2018-01-01,3.001,252,252,0.0,259258093.00646973,909.91943359375,,True,2018-01-01
CONCOR.NS,2015-01-01,2018-01-01,3.001,252,252,0.0,338818349.09954834,493.33453369140625,,True,2018-01-01
CROMPTON.NS,2016-05-13,2018-01-01,1.637,252,252,0.0,134443239.065773,250.46119689941406,short_history;illiquid,False,2018-01-01
CUMMINSIND.NS,2015-01-01,2018-01-01,3.001,252,252,0.0,208181761.54153442,775.6030883789062,illiquid,False,2018-01-01
DABUR.NS,2015-01-01,2018-01-01,3.001,252,252,0.0,308156833.81658936,316.199951171875,,True,2018-01-01
DALBHARAT.NS,,,0.0,0,0,1.0,0.0,,no_data,False,2018-01-01
DELHIVERY.NS,,,0.0,0,0,1.0,0.0,,no_data,False,2018-01-01
DIVISLAB.NS,2015-01-01,2018-01-01,3.001,252,252,0.0,773237028.9285278,1034.7999267578125,,True,2018-01-01
DIXON.NS,2017-09-18,2018-01-01,0.287,73,73,0.0,181955991.78588867,833.308349609375,short_history;illiquid,False,2018-01-01
DLF.NS,2015-01-01,2018-01-01,3.001,252,252,0.0,1572545365.7040253,237.22509765625,,True,2018-01-01
DMART.NS,2017-03-21,2018-01-01,0.783,196,196,0.0,635334017.9492798,1170.5,short_history,False,2018-01-01
DRREDDY.NS,2015-01-01,2018-01-01,3.001,252,252,0.0,894325773.2504272,452.6151428222656,,True,2018-01-01
EICHERMOT.NS,2015-01-01,2018-01-01,3.001,252,252,0.0,942367343.1848145,2766.73095703125,,True,2018-01-01
ETERNAL.NS,,,0.0,0,0,1.0,0.0,,no_data,False,2018-01-01
FEDERALBNK.NS,2015-01-01,2018-01-01,3.001,252,252,0.0,755266611.4341965,101.03030395507812,,True,2018-01-01
FORCEMOT.NS,,,0.0,0,0,1.0,0.0,,no_data,False,2018-01-01
FORTIS.NS,2015-01-01,2018-01-01,3.001,252,252,0.0,561752921.129837,156.24880981445312,,True,2018-01-01
GAIL.NS,2015-01-01,2018-01-01,3.001,252,252,0.0,1258841068.1170044,87.85628509521484,,True,2018-01-01
GLENMARK.NS,2015-01-01,2018-01-01,3.001,252,252,0.0,438890787.43341064,577.6390380859375,,True,2018-01-01
GMRAIRPORT.NS,2015-01-01,2018-01-01,3.001,252,252,0.0,373481082.5514393,20.09070587158203,,True,2018-01-01
GODFRYPHLP.NS,2015-01-01,2018-01-01,3.001,252,252,0.0,105817794.39019775,283.9820251464844,illiquid,False,2018-01-01
GODREJCP.NS,2015-01-01,2018-01-01,3.001,252,252,0.0,394879730.96365356,606.2908935546875,,True,2018-01-01
GODREJPROP.NS,2015-01-01,2018-01-01,3.001,252,252,0.0,90769107.76611328,700.464111328125,illiquid,False,2018-01-01
GRASIM.NS,2015-01-01,2018-01-01,3.001,252,252,0.0,989485430.2150879,1084.3193359375,,True,2018-01-01
GVT&D.NS,2015-01-01,2018-01-01,3.001,252,211,0.1627,25344750.950073242,438.8493957519531,illiquid;poor_coverage,False,2018-01-01
HAL.NS,,,0.0,0,0,1.0,0.0,,no_data,False,2018-01-01
HAVELLS.NS,2015-01-01,2018-01-01,3.001,252,252,0.0,478126046.6730194,522.8153076171875,,True,2018-01-01
HCLTECH.NS,2015-01-01,2018-01-01,3.001,252,252,0.0,1024598644.7965698,337.38922119140625,,True,2018-01-01
HDFCAMC.NS,,,0.0,0,0,1.0,0.0,,no_data,False,2018-01-01
HDFCBANK.NS,2015-01-01,2018-01-01,3.001,252,252,0.0,1852752361.173584,425.6490478515625,,True,2018-01-01
HDFCLIFE.NS,2017-11-17,2018-01-01,0.123,31,31,0.0,654410270.973053,380.7106628417969,short_history,False,2018-01-01
HEROMOTOCO.NS,2015-01-01,2018-01-01,3.001,252,252,0.0,1096007127.581543,2772.489501953125,,True,2018-01-01
HINDALCO.NS,2015-01-01,2018-01-01,3.001,252,252,0.0,2069105646.0712051,255.89743041992188,,True,2018-01-01
HINDPETRO.NS,2015-01-01,2018-01-01,3.001,252,252,0.0,1434867062.1383667,180.3128662109375,,True,2018-01-01
HINDUNILVR.NS,2015-01-01,2018-01-01,3.001,252,252,0.0,1102696074.2962036,1172.3109130859375,,True,2018-01-01
HINDZINC.NS,2015-01-01,2018-01-01,3.001,252,252,0.0,508347940.25260925,152.92733764648438,,True,2018-01-01
ICICIBANK.NS,2015-01-01,2018-01-01,3.001,252,252,0.0,3806368047.870941,295.5632629394531,,True,2018-01-01
ICICIGI.NS,2017-09-27,2018-01-01,0.263,66,66,0.0,160782222.62631226,753.649169921875,short_history;illiquid,False,2018-01-01
ICICIPRULI.NS,2016-09-29,2018-01-01,1.257,252,252,0.0,334149507.7825165,371.0011901855469,short_history,False,2018-01-01
IDEA.NS,2015-01-01,2018-01-01,3.001,252,252,0.0,940954031.8582935,63.070560455322266,,True,2018-01-01
IDFCFIRSTB.NS,2015-11-06,2018-01-01,2.155,252,252,0.0,399325933.6168251,53.40147399902344,short_history,False,2018-01-01
IEX.NS,2017-10-23,2018-01-01,0.192,50,50,0.0,31289930.106010437,47.351436614990234,short_history;illiquid,False,2018-01-01
INDHOTEL.NS,2015-01-01,2018-01-01,3.001,252,252,0.0,52200817.195640564,111.4387435913086,illiquid,False,2018-01-01
INDIANB.NS,2015-01-01,2018-01-01,3.001,252,252,0.0,252295319.37527466,317.4429626464844,,True,2018-01-01
INDIGO.NS,2015-11-10,2018-01-01,2.144,252,252,0.0,460564343.81469727,1189.4512939453125,short_history,False,2018-01-01
INDUSINDBK.NS,2015-01-01,2018-01-01,3.001,252,252,0.0,1461332883.1849976,1545.3070068359375,,True,2018-01-01
INDUSTOWER.NS,2015-01-01,2018-01-01,3.001,252,252,0.0,892220311.1129761,265.35614013671875,,True,2018-01-01
INFY.NS,2015-01-01,2018-01-01,3.001,252,252,0.0,3338021884.383728,406.4488830566406,,True,2018-01-01
INOXWIND.NS,2015-04-09,2018-01-01,2.732,252,252,0.0,49424621.16020203,36.32500076293945,short_history;illiquid,False,2018-01-01
IOC.NS,2015-01-01,2018-01-01,3.001,252,252,0.0,1540840527.3208008,71.9784927368164,,True,2018-01-01
IREDA.NS,,,0.0,0,0,1.0,0.0,,no_data,False,2018-01-01
IRFC.NS,,,0.0,0,0,1.0,0.0,,no_data,False,2018-01-01
ITC.NS,2015-01-01,2018-01-01,3.001,252,252,0.0,2579749384.6218185,178.77493286132812,,True,2018-01-01
JINDALSTEL.NS,2015-01-01,2018-01-01,3.001,252,252,0.0,1026943049.8041229,202.9630126953125,,True,2018-01-01
JIOFIN.NS,,,0.0,0,0,1.0,0.0,,no_data,False,2018-01-01
JSWENERGY.NS,2015-01-01,2018-01-01,3.001,252,252,0.0,520495384.6967888,84.80033874511719,,True,2018-01-01
JSWSTEEL.NS,2015-01-01,2018-01-01,3.001,252,252,0.0,870978096.2919617,241.23558044433594,,True,2018-01-01
JUBLFOOD.NS,2015-01-01,2018-01-01,3.001,252,252,0.0,679023244.0855789,173.74591064453125,,True,2018-01-01
KALYANKJIL.NS,,,0.0,0,0,1.0,0.0,,no_data,False,2018-01-01
KAYNES.NS,,,0.0,0,0,1.0,0.0,,no_data,False,2018-01-01
KEI.NS,2015-01-01,2018-01-01,3.001,252,252,0.0,56984255.98933411,366.084228515625,illiquid,False,2018-01-01
KFINTECH.NS,,,0.0,0,0,1.0,0.0,,no_data,False,2018-01-01
KOTAKBANK.NS,2015-01-01,2018-01-01,3.001,252,252,0.0,1421012945.1072693,198.60623168945312,,True,2018-01-01
KPITTECH.NS,,,0.0,0,0,1.0,0.0,,no_data,False,2018-01-01
LAURUSLABS.NS,2016-12-19,2018-01-01,1.035,252,252,0.0,51459662.93678284,104.2497787475586,short_history;illiquid,False,2018-01-01
LICHSGFIN.NS,2015-01-01,2018-01-01,3.001,252,252,0.0,964044950.8520508,479.5093688964844,,True,2018-01-01
LICI.NS,,,0.0,0,0,1.0,0.0,,no_data,False,2018-01-01
LODHA.NS,,,0.0,0,0,1.0,0.0,,no_data,False,2018-01-01
LT.NS,2015-01-01,2018-01-01,3.001,252,252,0.0,2100126302.0370483,1107.6307373046875,,True,2018-01-01
LTF.NS,2015-01-01,2018-01-01,3.001,252,252,0.0,614561069.5881653,146.49049377441406,,True,2018-01-01
LTM.NS,2016-07-21,2018-01-01,1.448,252,252,0.0,28648216.696350098,1017.9381103515625,short_history;illiquid,False,2018-01-01
LUPIN.NS,2015-01-01,2018-01-01,3.001,252,252,0.0,1331023613.1398315,837.6796264648438,,True,2018-01-01
M&M.NS,2015-01-01,2018-01-01,3.001,252,252,0.0,1233801779.0540771,684.817626953125,,True,2018-01-01
MANAPPURAM.NS,2015-01-01,2018-01-01,3.001,252,252,0.0,433643182.2612343,103.56648254394531,,True,2018-01-01
MANKIND.NS,,,0.0,0,0,1.0,0.0,,no_data,False,2018-01-01
MARICO.NS,2015-01-01,2018-01-01,3.001,252,252,0.0,260962167.61376953,282.5068054199219,,True,2018-01-01
MARUTI.NS,2015-01-01,2018-01-01,3.001,252,252,0.0,2923282643.1069336,8873.3779296875,,True,2018-01-01
MAXHEALTH.NS,,,0.0,0,0,1.0,0.0,,no_data,False,2018-01-01
MAZDOCK.NS,,,0.0,0,0,1.0,0.0,,no_data,False,2018-01-01
MCX.NS,2015-01-01,2018-01-01,3.001,252,252,0.0,289503653.6709595,165.3347930908203,,True,2018-01-01
MFSL.NS,2015-01-01,2018-01-01,3.001,252,252,0.0,323358306.26257324,597.0499877929688,,True,2018-01-01
MOTHERSON.NS,2015-01-01,2018-01-01,3.001,252,252,0.0,697711086.2211037,62.2458381652832,,True,2018-01-01
MOTILALOFS.NS,2015-01-01,2018-01-01,3.001,252,252,0.0,110307461.09265137,1423.6396484375,illiquid,False,2018-01-01
MPHASIS.NS,2015-01-01,2018-01-01,3.001,252,252,0.0,52139561.00097656,590.359375,illiquid,False,2018-01-01
MUTHOOTFIN.NS,2015-01-01,2018-01-01,3.001,252,252,0.0,235098652.4671936,401.759521484375,illiquid,False,2018-01-01
NAM-INDIA.NS,2017-11-06,2018-01-01,0.153,40,40,0.0,224234808.70968628,233.8068084716797,short_history;illiquid,False,2018-01-01
NATIONALUM.NS,2015-01-01,2018-01-01,3.001,252,252,0.0,208357536.3063202,50.71687698364258,illiquid,False,2018-01-01
NAUKRI.NS,2015-01-01,2018-01-01,3.001,252,252,0.0,32791197.6020813,267.5390319824219,illiquid,False,2018-01-01
NBCC.NS,2015-01-01,2018-01-01,3.001,252,252,0.0,275894749.5439606,75.40780639648438,,True,2018-01-01
NESTLEIND.NS,2015-01-01,2018-01-01,3.001,252,252,0.0,215354677.42889404,352.48919677734375,illiquid,False,2018-01-01
NHPC.NS,2015-01-01,2018-01-01,3.001,252,252,0.0,152497854.554533,21.340641021728516,illiquid,False,2018-01-01
NMDC.NS,2015-01-01,2018-01-01,3.001,252,252,0.0,337914697.93536186,20.723976135253906,,True,2018-01-01
NTPC.NS,2015-01-01,2018-01-01,3.001,252,252,0.0,789836140.1088333,106.09724426269531,,True,2018-01-01
NYKAA.NS,,,0.0,0,0,1.0,0.0,,no_data,False,2018-01-01
OBEROIRLTY.NS,2015-01-01,2018-01-01,3.001,252,252,0.0,62296492.29408264,465.42669677734375,illiquid,False,2018-01-01
OFSS.NS,2015-01-01,2018-01-01,3.001,252,252,0.0,82191025.22424316,2765.2138671875,illiquid,False,2018-01-01
OIL.NS,2015-01-01,2018-01-01,3.001,252,252,0.0,156971024.437912,104.94515991210938,illiquid,False,2018-01-01
ONGC.NS,2015-01-01,2018-01-01,3.001,252,252,0.0,1151090338.8405075,120.28314208984375,,True,2018-01-01
PAGEIND.NS,2015-01-01,2018-01-01,3.001,252,252,0.0,163672200.69677734,22819.61328125,illiquid,False,2018-01-01
PATANJALI.NS,2015-01-01,2018-01-01,3.001,252,252,0.0,14737217.687225342,604.1468505859375,illiquid,False,2018-01-01
PAYTM.NS,,,0.0,0,0,1.0,0.0,,no_data,False,2018-01-01
PERSISTENT.NS,2015-01-01,2018-01-01,3.001,252,252,0.0,43576762.95748901,323.2991943359375,illiquid,False,2018-01-01
PETRONET.NS,2015-01-01,2018-01-01,3.001,252,252,0.0,811483305.3782043,177.6107940673828,,True,2018-01-01
PFC.NS,2015-01-01,2018-01-01,3.001,252,252,0.0,717128145.636383,60.89008331298828,,True,2018-01-01
PGEL.NS,2015-01-01,2018-01-01,3.001,252,252,0.0,12605062.035980225,41.64305877685547,illiquid,False,2018-01-01
PHOENIXLTD.NS,2015-01-01,2018-01-01,3.001,252,252,0.0,25334802.784362793,311.4384765625,illiquid,False,2018-01-01
PIDILITIND.NS,2015-01-01,2018-01-01,3.001,252,252,0.0,275484543.4237366,429.70941162109375,,True,2018-01-01
PIIND.NS,2015-01-01,2018-01-01,3.001,252,252,0.0,85074333.0423584,930.2974853515625,illiquid,False,2018-01-01
PNB.NS,2015-01-01,2018-01-01,3.001,252,252,0.0,1291484152.0300522,153.05255126953125,,True,2018-01-01
PNBHOUSING.NS,2016-11-07,2018-01-01,1.15,252,252,0.0,242910187.81921387,1068.19140625,short_history;illiquid,False,2018-01-01
POLICYBZR.NS,,,0.0,0,0,1.0,0.0,,no_data,False,2018-01-01
POLYCAB.NS,,,0.0,0,0,1.0,0.0,,no_data,False,2018-01-01
POWERGRID.NS,2015-01-01,2018-01-01,3.001,252,252,0.0,918014293.4775009,73.26819610595703,,True,2018-01-01
POWERINDIA.NS,,,0.0,0,0,1.0,0.0,,no_data,False,2018-01-01
PRESTIGE.NS,2015-01-01,2018-01-01,3.001,252,252,0.0,58394754.39186859,305.8033752441406,illiquid,False,2018-01-01
RADICO.NS,2015-01-01,2018-01-01,3.001,252,252,0.0,96621941.51786041,287.7030334472656,illiquid,False,2018-01-01
RBLBANK.NS,2016-08-31,2018-01-01,1.336,252,252,0.0,573401608.4279175,491.8096923828125,short_history,False,2018-01-01
RECLTD.NS,2015-01-01,2018-01-01,3.001,252,252,0.0,937165565.8465347,60.4090690612793,,True,2018-01-01
RELIANCE.NS,2015-01-01,2018-01-01,3.001,252,252,0.0,4874106542.411041,400.01531982421875,,True,2018-01-01
RVNL.NS,,,0.0,0,0,1.0,0.0,,no_data,False,2018-01-01
SAIL.NS,2015-01-01,2018-01-01,3.001,252,252,0.0,360945379.81012535,77.45777130126953,,True,2018-01-01
SBICARD.NS,,,0.0,0,0,1.0,0.0,,no_data,False,2018-01-01
SBILIFE.NS,2017-10-03,2018-01-01,0.246,63,63,0.0,277861910.94921875,686.7574462890625,short_history,False,2018-01-01
SBIN.NS,2015-01-01,2018-01-01,3.001,252,252,0.0,3705345786.558777,278.3490295410156,,True,2018-01-01
SHREECEM.NS,2015-01-01,2018-01-01,3.001,252,252,0.0,258444747.95996094,17332.30859375,,True,2018-01-01
SHRIRAMFIN.NS,2015-01-01,2018-01-01,3.001,252,252,0.0,643387090.9126053,253.74429321289062,,True,2018-01-01
SIEMENS.NS,2015-01-01,2018-01-01,3.001,252,252,0.0,201313969.94802856,684.5253295898438,illiquid,False,2018-01-01
SOLARINDS.NS,2015-01-01,2018-01-01,3.001,252,252,0.0,9634854.87866211,1154.089111328125,illiquid,False,2018-01-01
SONACOMS.NS,,,0.0,0,0,1.0,0.0,,no_data,False,2018-01-01
SRF.NS,2015-01-01,2018-01-01,3.001,252,252,0.0,250601707.94441223,379.7764892578125,,True,2018-01-01
SUNPHARMA.NS,2015-01-01,2018-01-01,3.001,252,252,0.0,1997709642.9970703,530.2835693359375,,True,2018-01-01
SUPREMEIND.NS,2015-01-01,2018-01-01,3.001,252,252,0.0,48098163.160095215,1196.5635986328125,illiquid,False,2018-01-01
SUZLON.NS,2015-01-01,2018-01-01,3.001,252,252,0.0,570940963.2327099,14.507780075073242,low_price,False,2018-01-01
TATACONSUM.NS,2015-01-01,2018-01-01,3.001,252,252,0.0,439499359.4830551,290.45550537109375,,True,2018-01-01
TATAELXSI.NS,2015-01-01,2018-01-01,3.001,252,252,0.0,403787141.16589355,867.6544799804688,,True,2018-01-01
TATAPOWER.NS,2015-01-01,2018-01-01,3.001,252,252,0.0,336694424.6675339,86.56336975097656,,True,2018-01-01
TATASTEEL.NS,2015-01-01,2018-01-01,3.001,252,252,0.0,2386442275.7842464,54.16439437866211,,True,2018-01-01
TCS.NS,2015-01-01,2018-01-01,3.001,252,252,0.0,2241746068.494629,1063.4422607421875,,True,2018-01-01
TECHM.NS,2015-01-01,2018-01-01,3.001,252,252,0.0,906895401.4223328,371.10638427734375,,True,2018-01-01
TIINDIA.NS,2017-11-02,2018-01-01,0.164,42,42,0.0,15628278.92666626,261.70068359375,short_history;illiquid,False,2018-01-01
TITAN.NS,2015-01-01,2018-01-01,3.001,252,252,0.0,687613931.3475037,826.05859375,,True,2018-01-01
TMPV.NS,2015-01-01,2018-01-01,3.001,252,252,0.0,2557767611.9640656,413.5127258300781,,True,2018-01-01
TORNTPHARM.NS,2015-01-01,2018-01-01,3.001,252,252,0.0,166595946.45758057,623.7274780273438,illiquid,False,2018-01-01
TRENT.NS,2015-01-01,2018-01-01,3.001,252,252,0.0,32260216.63104248,328.1023864746094,illiquid,False,2018-01-01
TVSMOTOR.NS,2015-01-01,2018-01-01,3.001,252,252,0.0,479625676.1181946,732.5164794921875,,True,2018-01-01
ULTRACEMCO.NS,2015-01-01,2018-01-01,3.001,252,252,0.0,759382156.4196777,4024.287109375,,True,2018-01-01
UNIONBANK.NS,2015-01-01,2018-01-01,3.001,252,252,0.0,511065868.6976166,121.55432891845703,,True,2018-01-01
UNITDSPR.NS,2015-01-01,2018-01-01,3.001,252,252,0.0,888199465.266037,708.1322021484375,,True,2018-01-01
UNOMINDA.NS,2015-01-01,2018-01-01,3.001,252,252,0.0,48576684.172813416,206.95166015625,illiquid,False,2018-01-01
UPL.NS,2015-01-01,2018-01-01,3.001,252,252,0.0,886287955.8112793,459.5542297363281,,True,2018-01-01
VBL.NS,2016-11-08,2018-01-01,1.147,252,252,0.0,13883196.663869858,37.83394241333008,short_history;illiquid,False,2018-01-01
VEDL.NS,2015-01-01,2018-01-01,3.001,252,252,0.0,2599741417.2238464,116.53336334228516,,True,2018-01-01
VOLTAS.NS,2015-01-01,2018-01-01,3.001,252,252,0.0,537345572.1380157,618.212646484375,,True,2018-01-01
WIPRO.NS,2015-01-01,2018-01-01,3.001,252,252,0.0,577782652.6546402,107.10289764404297,,True,2018-01-01
YESBANK.NS,2015-01-01,2018-01-01,3.001,252,252,0.0,2928370349.2179565,305.9404296875,,True,2018-01-01
ZYDUSLIFE.NS,2015-01-01,2018-01-01,3.001,252,252,0.0,386601104.64959717,401.7217102050781,,True,2018-01-01
360ONE.NS,,,0.0,0,0,1.0,0.0,,no_data,False,2018-06-29
ABB.NS,2015-01-01,2018-06-29,3.491,252,252,0.0,70883815.67004395,1021.2002563476562,illiquid,False,2018-06-29
ABCAPITAL.NS,2017-09-01,2018-06-29,0.824,207,207,0.0,411605606.30218506,133.1999969482422,short_history,False,2018-06-29
ADANIENSOL.NS,2015-07-31,2018-06-29,2.913,252,252,0.0,164111444.40001678,156.14999389648438,short_history;illiquid,False,2018-06-29
ADANIENT.NS,2015-01-01,2018-06-29,3.491,252,252,0.0,727715049.0005875,71.45101165771484,,True,2018-06-29
ADANIGREEN.NS,2018-06-18,2018-06-29,0.03,10,10,0.0,32819862.057928085,26.799999237060547,short_history;illiquid,False,2018-06-29
ADANIPORTS.NS,2015-01-01,2018-06-29,3.491,252,252,0.0,1223611399.949646,354.7841796875,,True,2018-06-29
ADANIPOWER.NS,2015-01-01,2018-06-29,3.491,252,252,0.0,320618665.0477147,3.2300000190734863,low_price,False,2018-06-29
ALKEM.NS,2015-12-23,2018-06-29,2.516,252,252,0.0,43582138.8894043,1740.4647216796875,short_history;illiquid,False,2018-06-29
AMBER.NS,2018-01-30,2018-06-29,0.411,104,104,0.0,36206933.99713135,908.3187255859375,short_history;illiquid,False,2018-06-29
AMBUJACEM.NS,2015-01-01,2018-06-29,3.491,252,252,0.0,528217470.93273926,183.19703674316406,,True,2018-06-29
ANGELONE.NS,,,0.0,0,0,1.0,0.0,,no_data,False,2018-06-29
APLAPOLLO.NS,2015-01-01,2018-06-29,3.491,252,252,0.0,30538307.327270508,160.15171813964844,illiquid,False,2018-06-29
APOLLOHOSP.NS,2015-01-01,2018-06-29,3.491,252,252,0.0,337892486.6715698,1020.434814453125,,True,2018-06-29
ASHOKLEY.NS,2015-01-01,2018-06-29,3.491,252,252,0.0,1498771201.9662628,52.91892623901367,,True,2018-06-29
ASIANPAINT.NS,2015-01-01,2018-06-29,3.491,252,252,0.0,785723664.1408081,1180.7845458984375,,True,2018-06-29
ASTRAL.NS,2015-01-01,2018-06-29,3.491,252,252,0.0,26434297.79196167,447.41729736328125,illiquid,False,2018-06-29
AUBANK.NS,2017-07-11,2018-06-29,0.966,243,243,0.0,145642212.2208252,325.3060302734375,short_history;illiquid,False,2018-06-29
AUROPHARMA.NS,2015-01-01,2018-06-29,3.491,252,252,0.0,1345314289.8067017,581.1565551757812,,True,2018-06-29
AXISBANK.NS,2015-01-01,2018-06-29,3.491,252,252,0.0,3245084668.0408936,507.65362548828125,,True,2018-06-29
BAJAJ-AUTO.NS,2015-01-01,2018-06-29,3.491,252,252,0.0,814200739.6704102,2222.82666015625,,True,2018-06-29
BAJAJFINSV.NS,2015-01-01,2018-06-29,3.491,252,252,0.0,729644076.1676025,579.6250610351562,,True,2018-06-29
BAJAJHLDNG.NS,2015-01-01,2018-06-29,3.491,252,252,0.0,37796832.94812012,2531.680419921875,illiquid,False,2018-06-29
BAJFINANCE.NS,2015-01-01,2018-06-29,3.491,252,252,0.0,1563383683.4835052,222.28269958496094,,True,2018-06-29
BANDHANBNK.NS,2018-03-27,2018-06-29,0.257,66,66,0.0,459128901.8623657,504.5772399902344,short_history,False,2018-06-29
BANKBARODA.NS,2015-01-01,2018-06-29,3.491,252,252,0.0,1736045313.7332344,96.73712921142578,,True,2018-06-29
BANKINDIA.NS,2015-01-01,2018-06-29,3.491,252,252,0.0,665089437.5471573,74.48131561279297,,True,2018-06-29
BDL.NS,2018-03-23,2018-06-29,0.268,68,68,0.0,15945774.492645264,163.90414428710938,short_history;illiquid,False,2018-06-29
BEL.NS,2015-01-01,2018-06-29,3.491,252,252,0.0,559032347.8093987,31.17119598388672,,True,2018-06-29
BHARATFORG.NS,2015-01-01,2018-06-29,3.491,252,252,0.0,700993702.3860168,576.7080688476562,,True,2018-06-29
BHARTIARTL.NS,2015-01-01,2018-06-29,3.491,252,252,0.0,2174969928.5884857,326.19622802734375,,True,2018-06-29
BHEL.NS,2015-01-01,2018-06-29,3.491,252,252,0.0,549074056.7530746,67.1544418334961,,True,2018-06-29
BIOCON.NS,2015-01-01,2018-06-29,3.491,252,252,0.0,941432852.2529297,305.18084716796875,,True,2018-06-29
BLUESTARCO.NS,2015-01-01,2018-06-29,3.491,252,252,0.0,34506755.37445068,295.8635559082031,illiquid,False,2018-06-29
BOSCHLTD.NS,2015-01-01,2018-06-29,3.491,252,252,0.0,254761303.01757812,15938.0537109375,,True,2018-06-29
BPCL.NS,2015-01-01,2018-06-29,3.491,252,252,0.0,1773926042.6432953,110.9531021118164,,True,2018-06-29
BRITANNIA.NS,2015-01-01,2018-06-29,3.491,252,252,0.0,548072203.8452148,2703.968994140625,,True,2018-06-29
BSE.NS,2017-02-03,2018-06-29,1.399,252,252,0.0,88315961.94755173,77.4494400024414,short_history;illiquid,False,2018-06-29
CAMS.NS,,,0.0,0,0,1.0,0.0,,no_data,False,2018-06-29
CANBK.NS,2015-01-01,2018-06-29,3.491,252,252,0.0,1061343356.2382698,42.580745697021484,,True,2018-06-29
CDSL.NS,2017-06-30,2018-06-29,0.997,250,250,0.0,200960984.35595703,126.48062133789062,short_history;illiquid,False,2018-06-29
CGPOWER.NS,2015-01-01,2018-06-29,3.491,252,252,0.0,172354468.58184433,55.269832611083984,illiquid,False,2018-06-29
CHOLAFIN.NS,2015-01-01,2018-06-29,3.491,252,252,0.0,262338285.04859924,294.8973388671875,,True,2018-06-29
CIPLA.NS,2015-01-01,2018-06-29,3.491,252,252,0.0,747051516.875,576.1824340820312,,True,2018-06-29
COALINDIA.NS,2015-01-01,2018-06-29,3.491,252,252,0.0,908868113.6077728,136.0996856689453,,True,2018-06-29
COCHINSHIP.NS,2017-08-11,2018-06-29,0.882,220,220,0.0,96944018.75692749,171.0086212158203,short_history;illiquid,False,2018-06-29
COFORGE.NS,2015-01-01,2018-06-29,3.491,252,252,0.0,458620221.7573929,198.93826293945312,,True,2018-06-29
COLPAL.NS,2015-01-01,2018-06-29,3.491,252,252,0.0,284531441.6364136,991.2307739257812,,True,2018-06-29
CONCOR.NS,2015-01-01,2018-06-29,3.491,252,252,0.0,378260628.4515381,472.1947937011719,,True,2018-06-29
CROMPTON.NS,2016-05-13,2018-06-29,2.127,252,252,0.0,130718553.91113281,209.3656005859375,short_history;illiquid,False,2018-06-29
CUMMINSIND.NS,2015-01-01,2018-06-29,3.491,252,252,0.0,237132989.71868896,553.4479370117188,illiquid,False,2018-06-29
DABUR.NS,2015-01-01,2018-06-29,3.491,252,252,0.0,347069300.7464447,354.66046142578125,,True,2018-06-29
DALBHARAT.NS,,,0.0,0,0,1.0,0.0,,no_data,False,2018-06-29
DELHIVERY.NS,,,0.0,0,0,1.0,0.0,,no_data,False,2018-06-29
DIVISLAB.NS,2015-01-01,2018-06-29,3.491,252,252,0.0,643070460.2608948,977.8838500976562,,True,2018-06-29
DIXON.NS,2017-09-18,2018-06-29,0.778,196,196,0.0,97949610.08666992,583.0700073242188,short_history;illiquid,False,2018-06-29
DLF.NS,2015-01-01,2018-06-29,3.491,252,252,0.0,1421100320.5775833,175.48182678222656,,True,2018-06-29
DMART.NS,2017-03-21,2018-06-29,1.273,252,252,0.0,684614660.0483398,1485.4000244140625,short_history,False,2018-06-29
DRREDDY.NS,2015-01-01,2018-06-29,3.491,252,252,0.0,1061246755.3469849,420.7797546386719,,True,2018-06-29
EICHERMOT.NS,2015-01-01,2018-06-29,3.491,252,252,0.0,1047926981.4111328,2646.16064453125,,True,2018-06-29
ETERNAL.NS,,,0.0,0,0,1.0,0.0,,no_data,False,2018-06-29
FEDERALBNK.NS,2015-01-01,2018-06-29,3.491,252,252,0.0,784907722.2278061,76.07479858398438,,True,2018-06-29
FORCEMOT.NS,,,0.0,0,0,1.0,0.0,,no_data,False,2018-06-29
FORTIS.NS,2015-01-01,2018-06-29,3.491,252,252,0.0,874568488.8694916,133.86375427246094,,True,2018-06-29
GAIL.NS,2015-01-01,2018-06-29,3.491,252,252,0.0,1261276092.5443802,81.22376251220703,,True,2018-06-29
GLENMARK.NS,2015-01-01,2018-06-29,3.491,252,252,0.0,449732565.235199,564.9931640625,,True,2018-06-29
GMRAIRPORT.NS,2015-01-01,2018-06-29,3.491,252,252,0.0,516408239.69346094,13.78420639038086,low_price,False,2018-06-29
GODFRYPHLP.NS,2015-01-01,2018-06-29,3.491,252,252,0.0,91043955.58694458,208.4725799560547,illiquid,False,2018-06-29
GODREJCP.NS,2015-01-01,2018-06-29,3.491,252,252,0.0,423351423.8357544,759.1317138671875,,True,2018-06-29
GODREJPROP.NS,2015-01-01,2018-06-29,3.491,252,252,0.0,89066530.1821289,715.5910034179688,illiquid,False,2018-06-29
GRASIM.NS,2015-01-01,2018-06-29,3.491,252,252,0.0,899863166.4856567,954.3660888671875,,True,2018-06-29
GVT&D.NS,2015-01-01,2018-06-29,3.491,252,252,0.0,20686499.112426758,284.4920959472656,illiquid,False,2018-06-29
HAL.NS,2018-04-02,2018-06-29,0.241,64,64,0.0,20068991.678955078,344.9897766113281,short_history;illiquid,False,2018-06-29
HAVELLS.NS,2015-01-01,2018-06-29,3.491,252,252,0.0,553300245.1791534,512.3486938476562,,True,2018-06-29
HCLTECH.NS,2015-01-01,2018-06-29,3.491,252,252,0.0,1266607076.9200745,357.12884521484375,,True,2018-06-29
HDFCAMC.NS,,,0.0,0,0,1.0,0.0,,no_data,False,2018-06-29
HDFCBANK.NS,2015-01-01,2018-06-29,3.491,252,252,0.0,2408015598.1273193,487.0271911621094,,True,2018-06-29
HDFCLIFE.NS,2017-11-17,2018-06-29,0.613,154,154,0.0,708752007.3582001,445.68505859375,short_history,False,2018-06-29
HEROMOTOCO.NS,2015-01-01,2018-06-29,3.491,252,252,0.0,1116542545.7868652,2608.578125,,True,2018-06-29
HINDALCO.NS,2015-01-01,2018-06-29,3.491,252,252,0.0,2016328805.8531647,217.53402709960938,,True,2018-06-29
HINDPETRO.NS,2015-01-01,2018-06-29,3.491,252,252,0.0,1535882791.1239014,118.37425994873047,,True,2018-06-29
HINDUNILVR.NS,2015-01-01,2018-06-29,3.491,252,252,0.0,1330057426.7451782,1441.766357421875,,True,2018-06-29
HINDZINC.NS,2015-01-01,2018-06-29,3.491,252,252,0.0,510600058.338974,138.5325927734375,,True,2018-06-29
ICICIBANK.NS,2015-01-01,2018-06-29,3.491,252,252,0.0,4140800617.897217,262.32073974609375,,True,2018-06-29
ICICIGI.NS,2017-09-27,2018-06-29,0.753,189,189,0.0,128534365.4185791,660.0941162109375,short_history;illiquid,False,2018-06-29
ICICIPRULI.NS,2016-09-29,2018-06-29,1.747,252,252,0.0,405573727.47717285,369.18560791015625,short_history,False,2018-06-29
IDEA.NS,2015-01-01,2018-06-29,3.491,252,252,0.0,914551521.5849419,35.78620910644531,,True,2018-06-29
IDFCFIRSTB.NS,2015-11-06,2018-06-29,2.645,252,252,0.0,380091568.7236061,37.82400894165039,short_history,False,2018-06-29
IEX.NS,2017-10-23,2018-06-29,0.682,173,173,0.0,21504316.371688843,48.863182067871094,short_history;illiquid,False,2018-06-29
INDHOTEL.NS,2015-01-01,2018-06-29,3.491,252,252,0.0,103801067.08164597,124.18132781982422,illiquid,False,2018-06-29
INDIANB.NS,2015-01-01,2018-06-29,3.491,252,252,0.0,390419239.5713196,294.2654724121094,,True,2018-06-29
INDIGO.NS,2015-11-10,2018-06-29,2.634,252,252,0.0,753522531.914978,1076.240966796875,short_history,False,2018-06-29
INDUSINDBK.NS,2015-01-01,2018-06-29,3.491,252,252,0.0,1659055415.5561523,1845.82470703125,,True,2018-06-29
INDUSTOWER.NS,2015-01-01,2018-06-29,3.491,252,252,0.0,1011679268.2694397,215.57723999023438,,True,2018-06-29
INFY.NS,2015-01-01,2018-06-29,3.491,252,252,0.0,3979083738.3935547,526.6637573242188,,True,2018-06-29
INOXWIND.NS,2015-04-09,2018-06-29,3.222,252,252,0.0,26839886.435058594,20.962499618530273,illiquid,False,2018-06-29
IOC.NS,2015-01-01,2018-06-29,3.491,252,252,0.0,1599887545.7727814,60.42676544189453,,True,2018-06-29
IREDA.NS,,,0.0,0,0,1.0,0.0,,no_data,False,2018-06-29
IRFC.NS,,,0.0,0,0,1.0,0.0,,no_data,False,2018-06-29
ITC.NS,2015-01-01,2018-06-29,3.491,252,252,0.0,2608368947.616394,185.03367614746094,,True,2018-06-29
JINDALSTEL.NS,2015-01-01,2018-06-29,3.491,252,252,0.0,1479220860.1348953,219.54849243164062,,True,2018-06-29
JIOFIN.NS,,,0.0,0,0,1.0,0.0,,no_data,False,2018-06-29
JSWENERGY.NS,2015-01-01,2018-06-29,3.491,252,252,0.0,426155117.5721588,61.097225189208984,,True,2018-06-29
JSWSTEEL.NS,2015-01-01,2018-06-29,3.491,252,252,0.0,1012667915.8401794,296.59814453125,,True,2018-06-29
JUBLFOOD.NS,2015-01-01,2018-06-29,3.491,252,252,0.0,1428419832.1034622,271.1808776855469,,True,2018-06-29
KALYANKJIL.NS,,,0.0,0,0,1.0,0.0,,no_data,False,2018-06-29
KAYNES.NS,,,0.0,0,0,1.0,0.0,,no_data,False,2018-06-29
KEI.NS,2015-01-01,2018-06-29,3.491,252,252,0.0,91828441.75097656,399.95196533203125,illiquid,False,2018-06-29
KFINTECH.NS,,,0.0,0,0,1.0,0.0,,no_data,False,2018-06-29
KOTAKBANK.NS,2015-01-01,2018-06-29,3.491,252,252,0.0,1802741373.6941528,266.7315979003906,,True,2018-06-29
KPITTECH.NS,,,0.0,0,0,1.0,0.0,,no_data,False,2018-06-29
LAURUSLABS.NS,2016-12-19,2018-06-29,1.525,252,252,0.0,31677366.643562317,89.53248596191406,short_history;illiquid,False,2018-06-29
LICHSGFIN.NS,2015-01-01,2018-06-29,3.491,252,252,0.0,856172929.5143433,397.2459411621094,,True,2018-06-29
LICI.NS,,,0.0,0,0,1.0,0.0,,no_data,False,2018-06-29
LODHA.NS,,,0.0,0,0,1.0,0.0,,no_data,False,2018-06-29
LT.NS,2015-01-01,2018-06-29,3.491,252,252,0.0,2421679645.1121826,1120.282470703125,,True,2018-06-29
LTF.NS,2015-01-01,2018-06-29,3.491,252,252,0.0,691514044.4405975,128.4862823486328,,True,2018-06-29
LTM.NS,2016-07-21,2018-06-29,1.938,252,252,0.0,78864440.05078125,1485.4041748046875,short_history;illiquid,False,2018-06-29
LUPIN.NS,2015-01-01,2018-06-29,3.491,252,252,0.0,1346390984.053955,857.1693115234375,,True,2018-06-29
M&M.NS,2015-01-01,2018-06-29,3.491,252,252,0.0,1518526263.3776855,825.5703125,,True,2018-06-29
MANAPPURAM.NS,2015-01-01,2018-06-29,3.491,252,252,0.0,478522469.0330086,84.88006591796875,,True,2018-06-29
MANKIND.NS,,,0.0,0,0,1.0,0.0,,no_data,False,2018-06-29
MARICO.NS,2015-01-01,2018-06-29,3.491,252,252,0.0,300414196.6920471,294.5282897949219,,True,2018-06-29
MARUTI.NS,2015-01-01,2018-06-29,3.491,252,252,0.0,3501922533.3061523,8113.7265625,,True,2018-06-29
MAXHEALTH.NS,,,0.0,0,0,1.0,0.0,,no_data,False,2018-06-29
MAZDOCK.NS,,,0.0,0,0,1.0,0.0,,no_data,False,2018-06-29
MCX.NS,2015-01-01,2018-06-29,3.491,252,252,0.0,300963826.1191559,131.3711395263672,,True,2018-06-29
MFSL.NS,2015-01-01,2018-06-29,3.491,252,252,0.0,289924434.03027344,432.54998779296875,,True,2018-06-29
MOTHERSON.NS,2015-01-01,2018-06-29,3.491,252,252,0.0,734016136.0249004,46.74595642089844,,True,2018-06-29
MOTILALOFS.NS,2015-01-01,2018-06-29,3.491,252,252,0.0,117920249.04650879,745.834716796875,illiquid,False,2018-06-29
MPHASIS.NS,2015-01-01,2018-06-29,3.491,252,252,0.0,127544257.5302124,867.0067138671875,illiquid,False,2018-06-29
MUTHOOTFIN.NS,2015-01-01,2018-06-29,3.491,252,252,0.0,260834197.7093506,332.091064453125,,True,2018-06-29
NAM-INDIA.NS,2017-11-06,2018-06-29,0.643,163,163,0.0,63107261.11584473,181.32937622070312,short_history;illiquid,False,2018-06-29
NATIONALUM.NS,2015-01-01,2018-06-29,3.491,252,252,0.0,464056231.43060684,40.84178924560547,,True,2018-06-29
NAUKRI.NS,2015-01-01,2018-06-29,3.491,252,252,0.0,57265926.67404175,230.1497344970703,illiquid,False,2018-06-29
NBCC.NS,2015-01-01,2018-06-29,3.491,252,252,0.0,308072805.8611107,45.88912582397461,,True,2018-06-29
NESTLEIND.NS,2015-01-01,2018-06-29,3.491,252,252,0.0,381791332.8781128,441.75006103515625,,True,2018-06-29
NHPC.NS,2015-01-01,2018-06-29,3.491,252,252,0.0,153376589.51054573,16.181970596313477,illiquid;low_price,False,2018-06-29
NMDC.NS,2015-01-01,2018-06-29,3.491,252,252,0.0,334080066.86289215,16.64506721496582,low_price,False,2018-06-29
NTPC.NS,2015-01-01,2018-06-29,3.491,252,252,0.0,842578084.3437195,97.55237579345703,,True,2018-06-29
NYKAA.NS,,,0.0,0,0,1.0,0.0,,no_data,False,2018-06-29
OBEROIRLTY.NS,2015-01-01,2018-06-29,3.491,252,252,0.0,109396454.12194824,464.48095703125,illiquid,False,2018-06-29
OFSS.NS,2015-01-01,2018-06-29,3.491,252,252,0.0,83350468.76269531,2770.61962890625,illiquid,False,2018-06-29
OIL.NS,2015-01-01,2018-06-29,3.491,252,252,0.0,180103464.59701538,92.13648223876953,illiquid,False,2018-06-29
ONGC.NS,2015-01-01,2018-06-29,3.491,252,252,0.0,1045360101.5784988,100.2802734375,,True,2018-06-29
PAGEIND.NS,2015-01-01,2018-06-29,3.491,252,252,0.0,294508848.9140625,25248.796875,,True,2018-06-29
PATANJALI.NS,2015-01-01,2018-06-29,3.491,252,252,0.0,28922733.72000122,358.61126708984375,illiquid,False,2018-06-29
PAYTM.NS,,,0.0,0,0,1.0,0.0,,no_data,False,2018-06-29
PERSISTENT.NS,2015-01-01,2018-06-29,3.491,252,252,0.0,65795745.29943848,371.8798522949219,illiquid,False,2018-06-29
PETRONET.NS,2015-01-01,2018-06-29,3.491,252,252,0.0,824637834.3781128,152.138671875,,True,2018-06-29
PFC.NS,2015-01-01,2018-06-29,3.491,252,252,0.0,544446882.1994629,38.70409393310547,,True,2018-06-29
PGEL.NS,2015-01-01,2018-06-29,3.491,252,252,0.0,15357091.890621185,18.885513305664062,illiquid;low_price,False,2018-06-29
PHOENIXLTD.NS,2015-01-01,2018-06-29,3.491,252,252,0.0,47803066.85083008,327.63336181640625,illiquid,False,2018-06-29
PIDILITIND.NS,2015-01-01,2018-06-29,3.491,252,252,0.0,422061294.4170227,507.77325439453125,,True,2018-06-29
PIIND.NS,2015-01-01,2018-06-29,3.491,252,252,0.0,82332636.6531372,730.7781372070312,illiquid,False,2018-06-29
PNB.NS,2015-01-01,2018-06-29,3.491,252,252,0.0,1906047724.716568,68.65950775146484,,True,2018-06-29
PNBHOUSING.NS,2016-11-07,2018-06-29,1.64,252,252,0.0,196077009.1619873,905.2177734375,short_history;illiquid,False,2018-06-29
POLICYBZR.NS,,,0.0,0,0,1.0,0.0,,no_data,False,2018-06-29
POLYCAB.NS,,,0.0,0,0,1.0,0.0,,no_data,False,2018-06-29
POWERGRID.NS,2015-01-01,2018-06-29,3.491,252,252,0.0,1057913226.9010124,69.25028991699219,,True,2018-06-29
POWERINDIA.NS,,,0.0,0,0,1.0,0.0,,no_data,False,2018-06-29
PRESTIGE.NS,2015-01-01,2018-06-29,3.491,252,252,0.0,60834484.875,261.6258544921875,illiquid,False,2018-06-29
RADICO.NS,2015-01-01,2018-06-29,3.491,252,252,0.0,337432308.857193,403.81854248046875,,True,2018-06-29
RBLBANK.NS,2016-08-31,2018-06-29,1.826,252,252,0.0,495008075.92788696,532.3598022460938,short_history,False,2018-06-29
RECLTD.NS,2015-01-01,2018-06-29,3.491,252,252,0.0,647364204.2920952,41.914730072021484,,True,2018-06-29
RELIANCE.NS,2015-01-01,2018-06-29,3.491,252,252,0.0,5379853922.538055,430.4426574707031,,True,2018-06-29
RVNL.NS,,,0.0,0,0,1.0,0.0,,no_data,False,2018-06-29
SAIL.NS,2015-01-01,2018-06-29,3.491,252,252,0.0,810045851.288765,69.35269165039062,,True,2018-06-29
SBICARD.NS,,,0.0,0,0,1.0,0.0,,no_data,False,2018-06-29
SBILIFE.NS,2017-10-03,2018-06-29,0.736,186,186,0.0,232343946.74798584,664.0074462890625,short_history;illiquid,False,2018-06-29
SBIN.NS,2015-01-01,2018-06-29,3.491,252,252,0.0,4519391340.3259735,235.06939697265625,,True,2018-06-29
SHREECEM.NS,2015-01-01,2018-06-29,3.491,252,252,0.0,278873187.1669922,15052.3662109375,,True,2018-06-29
SHRIRAMFIN.NS,2015-01-01,2018-06-29,3.491,252,252,0.0,875047894.6251221,223.77963256835938,,True,2018-06-29
SIEMENS.NS,2015-01-01,2018-06-29,3.491,252,252,0.0,198085887.68045044,546.9777221679688,illiquid,False,2018-06-29
SOLARINDS.NS,2015-01-01,2018-06-29,3.491,252,252,0.0,11206425.209960938,1097.56201171875,illiquid,False,2018-06-29
SONACOMS.NS,,,0.0,0,0,1.0,0.0,,no_data,False,2018-06-29
SRF.NS,2015-01-01,2018-06-29,3.491,252,252,0.0,303561147.4469757,328.5691833496094,,True,2018-06-29
SUNPHARMA.NS,2015-01-01,2018-06-29,3.491,252,252,0.0,2282404173.6513977,520.9998168945312,,True,2018-06-29
SUPREMEIND.NS,2015-01-01,2018-06-29,3.491,252,252,0.0,46893696.04187012,1044.80859375,illiquid,False,2018-06-29
SUZLON.NS,2015-01-01,2018-06-29,3.491,252,252,0.0,414285317.55569744,6.886603832244873,low_price,False,2018-06-29
TATACONSUM.NS,2015-01-01,2018-06-29,3.491,252,252,0.0,816207662.956871,252.3628692626953,,True,2018-06-29
TATAELXSI.NS,2015-01-01,2018-06-29,3.491,252,252,0.0,512225128.4942322,1201.2430419921875,,True,2018-06-29
TATAPOWER.NS,2015-01-01,2018-06-29,3.491,252,252,0.0,414498058.7611542,65.26778411865234,,True,2018-06-29
TATASTEEL.NS,2015-01-01,2018-06-29,3.491,252,252,0.0,3244575753.563545,44.69312286376953,,True,2018-06-29
TCS.NS,2015-01-01,2018-06-29,3.491,252,252,0.0,2892322401.7009277,1501.379150390625,,True,2018-06-29
TECHM.NS,2015-01-01,2018-06-29,3.491,252,252,0.0,1176037482.5488281,483.4857177734375,,True,2018-06-29
TIINDIA.NS,2017-11-02,2018-06-29,0.654,165,165,0.0,9246814.352355957,225.2977294921875,short_history;illiquid,False,2018-06-29
TITAN.NS,2015-01-01,2018-06-29,3.491,252,252,0.0,1361305329.5547485,851.3021850585938,,True,2018-06-29
TMPV.NS,2015-01-01,2018-06-29,3.491,252,252,0.0,2839061413.568222,262.36065673828125,,True,2018-06-29
TORNTPHARM.NS,2015-01-01,2018-06-29,3.491,252,252,0.0,196502467.03216553,634.6513061523438,illiquid,False,2018-06-29
TRENT.NS,2015-01-01,2018-06-29,3.491,252,252,0.0,32318855.446502686,299.1521301269531,illiquid,False,2018-06-29
TVSMOTOR.NS,2015-01-01,2018-06-29,3.491,252,252,0.0,528470940.0888977,529.4070434570312,,True,2018-06-29
ULTRACEMCO.NS,2015-01-01,2018-06-29,3.491,252,252,0.0,776122110.5523682,3610.659423828125,,True,2018-06-29
UNIONBANK.NS,2015-01-01,2018-06-29,3.491,252,252,0.0,557918179.2739716,68.7465591430664,,True,2018-06-29
UNITDSPR.NS,2015-01-01,2018-06-29,3.491,252,252,0.0,1069323549.7644043,646.1284790039062,,True,2018-06-29
UNOMINDA.NS,2015-01-01,2018-06-29,3.491,252,252,0.0,89170698.71031952,205.07102966308594,illiquid,False,2018-06-29
UPL.NS,2015-01-01,2018-06-29,3.491,252,252,0.0,883604289.2113037,376.27801513671875,,True,2018-06-29
VBL.NS,2016-11-08,2018-06-29,1.637,252,252,0.0,20965956.711675644,43.50269317626953,short_history;illiquid,False,2018-06-29
VEDL.NS,2015-01-01,2018-06-29,3.491,252,252,0.0,2916493294.378296,90.844970703125,,True,2018-06-29
VOLTAS.NS,2015-01-01,2018-06-29,3.491,252,252,0.0,659919083.1347351,498.99029541015625,,True,2018-06-29
WIPRO.NS,2015-01-01,2018-06-29,3.491,252,252,0.0,674844983.0869522,88.7658920288086,,True,2018-06-29
YESBANK.NS,2015-01-01,2018-06-29,3.491,252,252,0.0,3151710183.1414185,335.0539245605469,,True,2018-06-29
ZYDUSLIFE.NS,2015-01-01,2018-06-29,3.491,252,252,0.0,359130154.62210083,350.5023193359375,,True,2018-06-29
360ONE.NS,,,0.0,0,0,1.0,0.0,,no_data,False,2019-01-01
ABB.NS,2015-01-01,2019-01-01,4.0,252,252,0.0,81265169.03063965,1143.120361328125,illiquid,False,2019-01-01
ABCAPITAL.NS,2017-09-01,2019-01-01,1.333,252,252,0.0,223772874.8100586,100.0999984741211,short_history;illiquid,False,2019-01-01
ADANIENSOL.NS,2015-07-31,2019-01-01,3.422,252,252,0.0,134585888.0465393,200.5,illiquid,False,2019-01-01
ADANIENT.NS,2015-01-01,2019-01-01,4.0,252,252,0.0,1132139330.6382942,155.2369384765625,,True,2019-01-01
ADANIGREEN.NS,2018-06-18,2019-01-01,0.539,133,133,0.0,23678314.966049194,41.400001525878906,short_history;illiquid,False,2019-01-01
ADANIPORTS.NS,2015-01-01,2019-01-01,4.0,252,252,0.0,1118175016.0649872,371.718505859375,,True,2019-01-01
ADANIPOWER.NS,2015-01-01,2019-01-01,4.0,252,252,0.0,512983075.5027461,10.170000076293945,low_price,False,2019-01-01
ALKEM.NS,2015-12-23,2019-01-01,3.025,252,252,0.0,49251944.18615723,1791.6866455078125,illiquid,False,2019-01-01
AMBER.NS,2018-01-30,2019-01-01,0.92,227,227,0.0,13950620.739624023,906.27490234375,short_history;illiquid,False,2019-01-01
AMBUJACEM.NS,2015-01-01,2019-01-01,4.0,252,252,0.0,560649240.8362885,196.84078979492188,,True,2019-01-01
ANGELONE.NS,,,0.0,0,0,1.0,0.0,,no_data,False,2019-01-01
APLAPOLLO.NS,2015-01-01,2019-01-01,4.0,252,252,0.0,34259234.5022583,114.42757415771484,illiquid,False,2019-01-01
APOLLOHOSP.NS,2015-01-01,2019-01-01,4.0,252,252,0.0,469847326.19732666,1239.328369140625,,True,2019-01-01
ASHOKLEY.NS,2015-01-01,2019-01-01,4.0,252,252,0.0,2040985106.5426903,43.92433547973633,,True,2019-01-01
ASIANPAINT.NS,2015-01-01,2019-01-01,4.0,252,252,0.0,1141757274.232605,1283.8720703125,,True,2019-01-01
ASTRAL.NS,2015-01-01,2019-01-01,4.0,252,252,0.0,33022479.88232422,501.4637145996094,illiquid,False,2019-01-01
AUBANK.NS,2017-07-11,2019-01-01,1.476,252,252,0.0,133265978.96795654,308.78106689453125,short_history;illiquid,False,2019-01-01
AUROPHARMA.NS,2015-01-01,2019-01-01,4.0,252,252,0.0,1543481832.5436401,702.9266967773438,,True,2019-01-01
AXISBANK.NS,2015-01-01,2019-01-01,4.0,252,252,0.0,4248712471.2956543,623.4359741210938,,True,2019-01-01
BAJAJ-AUTO.NS,2015-01-01,2019-01-01,4.0,252,252,0.0,1012117435.2855225,2200.992431640625,,True,2019-01-01
BAJAJFINSV.NS,2015-01-01,2019-01-01,4.0,252,252,0.0,937852585.6799316,649.5994262695312,,True,2019-01-01
BAJAJHLDNG.NS,2015-01-01,2019-01-01,4.0,252,252,0.0,37226947.44396973,2626.5107421875,illiquid,False,2019-01-01
BAJFINANCE.NS,2015-01-01,2019-01-01,4.0,252,252,0.0,2715125114.750061,257.6204833984375,,True,2019-01-01
BANDHANBNK.NS,2018-03-27,2019-01-01,0.767,189,189,0.0,499338217.0423889,534.4110107421875,short_history,False,2019-01-01
BANKBARODA.NS,2015-01-01,2019-01-01,4.0,252,252,0.0,1921340711.5218658,105.88272094726562,,True,2019-01-01
BANKINDIA.NS,2015-01-01,2019-01-01,4.0,252,252,0.0,737155598.134613,90.52671813964844,,True,2019-01-01
BDL.NS,2018-03-23,2019-01-01,0.778,191,191,0.0,8404979.245697021,122.9582290649414,short_history;illiquid,False,2019-01-01
BEL.NS,2015-01-01,2019-01-01,4.0,252,252,0.0,650438803.7824173,25.174678802490234,,True,2019-01-01
BHARATFORG.NS,2015-01-01,2019-01-01,4.0,252,252,0.0,674287948.8916016,484.9261474609375,,True,2019-01-01
BHARTIARTL.NS,2015-01-01,2019-01-01,4.0,252,252,0.0,2046513645.6822968,276.9400329589844,,True,2019-01-01
BHEL.NS,2015-01-01,2019-01-01,4.0,252,252,0.0,573645018.1136322,69.99136352539062,,True,2019-01-01
BIOCON.NS,2015-01-01,2019-01-01,4.0,252,252,0.0,1169116620.96698,308.78753662109375,,True,2019-01-01
BLUESTARCO.NS,2015-01-01,2019-01-01,4.0,252,252,0.0,25585663.17437744,292.5037536621094,illiquid,False,2019-01-01
BOSCHLTD.NS,2015-01-01,2019-01-01,4.0,252,252,0.0,273619951.2402344,17819.087890625,,True,2019-01-01
BPCL.NS,2015-01-01,2019-01-01,4.0,252,252,0.0,1732145547.9803467,111.28396606445312,,True,2019-01-01
BRITANNIA.NS,2015-01-01,2019-01-01,4.0,252,251,0.004,692331500.0,2711.14794921875,,True,2019-01-01
BSE.NS,2017-02-03,2019-01-01,1.908,252,252,0.0,89398673.80252075,58.057533264160156,short_history;illiquid,False,2019-01-01
CAMS.NS,,,0.0,0,0,1.0,0.0,,no_data,False,2019-01-01
CANBK.NS,2015-01-01,2019-01-01,4.0,252,252,0.0,1648691192.381134,47.650489807128906,,True,2019-01-01
CDSL.NS,2017-06-30,2019-01-01,1.506,252,252,0.0,79758242.5120697,103.8670425415039,short_history;illiquid,False,2019-01-01
CGPOWER.NS,2015-01-01,2019-01-01,4.0,252,252,0.0,221569379.54377937,45.14443588256836,illiquid,False,2019-01-01
CHOLAFIN.NS,2015-01-01,2019-01-01,4.0,252,252,0.0,382229796.25694275,245.01507568359375,,True,2019-01-01
CIPLA.NS,2015-01-01,2019-01-01,4.0,252,252,0.0,1080197012.0957642,491.0970458984375,,True,2019-01-01
COALINDIA.NS,2015-01-01,2019-01-01,4.0,252,252,0.0,981541348.5,128.0457763671875,,True,2019-01-01
COCHINSHIP.NS,2017-08-11,2019-01-01,1.391,252,252,0.0,40307554.75694275,148.3970489501953,short_history;illiquid,False,2019-01-01
COFORGE.NS,2015-01-01,2019-01-01,4.0,252,252,0.0,1066421846.4178085,211.04934692382812,,True,2019-01-01
COLPAL.NS,2015-01-01,2019-01-01,4.0,252,252,0.0,354494844.48999023,1115.613037109375,,True,2019-01-01
CONCOR.NS,2015-01-01,2019-01-01,4.0,252,252,0.0,377957453.4161072,498.3890075683594,,True,2019-01-01
CROMPTON.NS,2016-05-13,2019-01-01,2.637,252,252,0.0,116665510.02746582,218.5028533935547,short_history;illiquid,False,2019-01-01
CUMMINSIND.NS,2015-01-01,2019-01-01,4.0,252,252,0.0,267302191.488739,736.0567016601562,,True,2019-01-01
DABUR.NS,2015-01-01,2019-01-01,4.0,252,252,0.0,754722003.5394745,389.8339538574219,,True,2019-01-01
DALBHARAT.NS,2018-12-21,2019-01-01,0.03,7,7,0.0,3859706.25,1061.28125,short_history;illiquid,False,2019-01-01
DELHIVERY.NS,,,0.0,0,0,1.0,0.0,,no_data,False,2019-01-01
DIVISLAB.NS,2015-01-01,2019-01-01,4.0,252,252,0.0,814530053.5516357,1399.957763671875,,True,2019-01-01
DIXON.NS,2017-09-18,2019-01-01,1.287,252,252,0.0,56179599.21180725,406.8540344238281,short_history;illiquid,False,2019-01-01
DLF.NS,2015-01-01,2019-01-01,4.0,252,251,0.004,1194748154.378708,168.25814819335938,,True,2019-01-01
DMART.NS,2017-03-21,2019-01-01,1.782,252,252,0.0,704046337.2958984,1590.75,short_history,False,2019-01-01
DRREDDY.NS,2015-01-01,2019-01-01,4.0,252,252,0.0,1542331715.404358,495.0821838378906,,True,2019-01-01
EICHERMOT.NS,2015-01-01,2019-01-01,4.0,252,252,0.0,1288322303.0615234,2155.485107421875,,True,2019-01-01
ETERNAL.NS,,,0.0,0,0,1.0,0.0,,no_data,False,2019-01-01
FEDERALBNK.NS,2015-01-01,2019-01-01,4.0,252,252,0.0,837741458.462677,87.43620300292969,,True,2019-01-01
FORCEMOT.NS,,,0.0,0,0,1.0,0.0,,no_data,False,2019-01-01
FORTIS.NS,2015-01-01,2019-01-01,4.0,252,252,0.0,386632800.62737274,139.17462158203125,,True,2019-01-01
GAIL.NS,2015-01-01,2019-01-01,4.0,252,252,0.0,1363515157.5014305,86.79179382324219,,True,2019-01-01
GLENMARK.NS,2015-01-01,2019-01-01,4.0,252,252,0.0,482380466.9692383,672.6901245117188,,True,2019-01-01
GMRAIRPORT.NS,2015-01-01,2019-01-01,4.0,252,251,0.004,490270857.0197668,14.775226593017578,low_price,False,2019-01-01
GODFRYPHLP.NS,2015-01-01,2019-01-01,4.0,252,252,0.0,98460704.83790588,254.6043701171875,illiquid,False,2019-01-01
GODREJCP.NS,2015-01-01,2019-01-01,4.0,252,252,0.0,590235221.9088745,755.5341796875,,True,2019-01-01
GODREJPROP.NS,2015-01-01,2019-01-01,4.0,252,252,0.0,83577786.64630127,657.1236572265625,illiquid,False,2019-01-01
GRASIM.NS,2015-01-01,2019-01-01,4.0,252,252,0.0,893965585.7271729,794.6395263671875,,True,2019-01-01
GVT&D.NS,2015-01-01,2019-01-01,4.0,252,252,0.0,11616032.872772217,294.7011413574219,illiquid,False,2019-01-01
HAL.NS,2018-04-02,2019-01-01,0.75,187,187,0.0,11931482.91796875,326.2776794433594,short_history;illiquid,False,2019-01-01
HAVELLS.NS,2015-01-01,2019-01-01,4.0,252,252,0.0,644573510.0651855,660.0149536132812,,True,2019-01-01
HCLTECH.NS,2015-01-01,2019-01-01,4.0,252,252,0.0,1666237639.125,371.5956726074219,,True,2019-01-01
HDFCAMC.NS,2018-08-06,2019-01-01,0.405,98,98,0.0,411442551.9812012,657.4834594726562,short_history,False,2019-01-01
HDFCBANK.NS,2015-01-01,2019-01-01,4.0,252,252,0.0,3918226944.722351,496.18585205078125,,True,2019-01-01
HDFCLIFE.NS,2017-11-17,2019-01-01,1.123,252,252,0.0,517328015.00024414,377.5352478027344,short_history,False,2019-01-01
HEROMOTOCO.NS,2015-01-01,2019-01-01,4.0,252,252,0.0,1130179236.6672363,2375.3232421875,,True,2019-01-01
HINDALCO.NS,2015-01-01,2019-01-01,4.0,252,252,0.0,2056974951.9197083,211.3148651123047,,True,2019-01-01
HINDPETRO.NS,2015-01-01,2019-01-01,4.0,252,252,0.0,1495245492.5694885,117.23251342773438,,True,2019-01-01
HINDUNILVR.NS,2015-01-01,2019-01-01,4.0,252,252,0.0,1806593601.3413086,1591.314208984375,,True,2019-01-01
HINDZINC.NS,2015-01-01,2019-01-01,4.0,252,252,0.0,437701183.4200287,150.72097778320312,,True,2019-01-01
ICICIBANK.NS,2015-01-01,2019-01-01,4.0,252,252,0.0,5586215930.229523,348.0230712890625,,True,2019-01-01
ICICIGI.NS,2017-09-27,2019-01-01,1.262,252,252,0.0,139142094.8553772,832.78955078125,short_history;illiquid,False,2019-01-01
ICICIPRULI.NS,2016-09-29,2019-01-01,2.256,252,252,0.0,386754549.08769226,320.4318542480469,short_history,False,2019-01-01
IDEA.NS,2015-01-01,2019-01-01,4.0,252,252,0.0,874014156.2360392,22.7620792388916,,True,2019-01-01
IDFCFIRSTB.NS,2015-11-06,2019-01-01,3.154,252,251,0.004,394425853.06692505,43.08201217651367,,True,2019-01-01
IEX.NS,2017-10-23,2019-01-01,1.191,252,252,0.0,15009064.075698853,49.54990768432617,short_history;illiquid,False,2019-01-01
INDHOTEL.NS,2015-01-01,2019-01-01,4.0,252,252,0.0,124645880.17895508,137.7323455810547,illiquid,False,2019-01-01
INDIANB.NS,2015-01-01,2019-01-01,4.0,252,252,0.0,405729430.845871,215.1981964111328,,True,2019-01-01
INDIGO.NS,2015-11-10,2019-01-01,3.143,252,252,0.0,971955002.3754272,1159.999267578125,,True,2019-01-01
INDUSINDBK.NS,2015-01-01,2019-01-01,4.0,252,252,0.0,1985985067.8807983,1530.2965087890625,,True,2019-01-01
INDUSTOWER.NS,2015-01-01,2019-01-01,4.0,252,252,0.0,721008071.6001282,202.99212646484375,,True,2019-01-01
INFY.NS,2015-01-01,2019-01-01,4.0,252,252,0.0,4816074665.889221,541.7258911132812,,True,2019-01-01
INOXWIND.NS,2015-04-09,2019-01-01,3.732,252,252,0.0,10680817.38117981,19.274999618530273,illiquid;low_price,False,2019-01-01
IOC.NS,2015-01-01,2019-01-01,4.0,252,252,0.0,1459611012.8412666,56.59935760498047,,True,2019-01-01
IREDA.NS,,,0.0,0,0,1.0,0.0,,no_data,False,2019-01-01
IRFC.NS,,,0.0,0,0,1.0,0.0,,no_data,False,2019-01-01
ITC.NS,2015-01-01,2019-01-01,4.0,252,252,0.0,2744494116.320694,196.50270080566406,,True,2019-01-01
JINDALSTEL.NS,2015-01-01,2019-01-01,4.0,252,252,0.0,1921759472.7112732,160.34274291992188,,True,2019-01-01
JIOFIN.NS,,,0.0,0,0,1.0,0.0,,no_data,False,2019-01-01
JSWENERGY.NS,2015-01-01,2019-01-01,4.0,252,252,0.0,80796908.90808105,64.96238708496094,illiquid,False,2019-01-01
JSWSTEEL.NS,2015-01-01,2019-01-01,4.0,252,251,0.004,1462110375.2982788,278.7330017089844,,True,2019-01-01
JUBLFOOD.NS,2015-01-01,2019-01-01,4.0,252,252,0.0,1872563055.5740356,245.10931396484375,,True,2019-01-01
KALYANKJIL.NS,,,0.0,0,0,1.0,0.0,,no_data,False,2019-01-01
KAYNES.NS,,,0.0,0,0,1.0,0.0,,no_data,False,2019-01-01
KEI.NS,2015-01-01,2019-01-01,4.0,252,252,0.0,64025033.72640991,354.3702697753906,illiquid,False,2019-01-01
KFINTECH.NS,,,0.0,0,0,1.0,0.0,,no_data,False,2019-01-01
KOTAKBANK.NS,2015-01-01,2019-01-01,4.0,252,252,0.0,2365884660.5545044,248.48635864257812,,True,2019-01-01
KPITTECH.NS,,,0.0,0,0,1.0,0.0,,no_data,False,2019-01-01
LAURUSLABS.NS,2016-12-19,2019-01-01,2.034,252,252,0.0,19263398.87456894,74.22918701171875,short_history;illiquid,False,2019-01-01
LICHSGFIN.NS,2015-01-01,2019-01-01,4.0,252,252,0.0,793784567.405365,417.5014953613281,,True,2019-01-01
LICI.NS,,,0.0,0,0,1.0,0.0,,no_data,False,2019-01-01
LODHA.NS,,,0.0,0,0,1.0,0.0,,no_data,False,2019-01-01
LT.NS,2015-01-01,2019-01-01,4.0,252,252,0.0,2603397574.9849854,1283.0062255859375,,True,2019-01-01
LTF.NS,2015-01-01,2019-01-01,4.0,252,252,0.0,717071162.0680466,130.47508239746094,,True,2019-01-01
LTM.NS,2016-07-21,2019-01-01,2.448,252,252,0.0,259546061.72387695,1546.2275390625,short_history,False,2019-01-01
LUPIN.NS,2015-01-01,2019-01-01,4.0,252,252,0.0,1633410000.7871704,802.9608154296875,,True,2019-01-01
M&M.NS,2015-01-01,2019-01-01,4.0,252,252,0.0,1864239449.9886475,716.9876708984375,,True,2019-01-01
MANAPPURAM.NS,2015-01-01,2019-01-01,4.0,252,252,0.0,304532923.26425934,80.65396881103516,,True,2019-01-01
MANKIND.NS,,,0.0,0,0,1.0,0.0,,no_data,False,2019-01-01
MARICO.NS,2015-01-01,2019-01-01,4.0,252,252,0.0,453035915.3694458,332.58209228515625,,True,2019-01-01
MARUTI.NS,2015-01-01,2019-01-01,4.0,252,252,0.0,4621203943.844727,6934.81494140625,,True,2019-01-01
MAXHEALTH.NS,,,0.0,0,0,1.0,0.0,,no_data,False,2019-01-01
MAZDOCK.NS,,,0.0,0,0,1.0,0.0,,no_data,False,2019-01-01
MCX.NS,2015-01-01,2019-01-01,4.0,252,252,0.0,337341036.44470215,134.70550537109375,,True,2019-01-01
MFSL.NS,2015-01-01,2019-01-01,4.0,252,252,0.0,255097761.50219727,443.54998779296875,,True,2019-01-01
MOTHERSON.NS,2015-01-01,2019-01-01,4.0,252,252,0.0,881104958.3488522,41.24436950683594,,True,2019-01-01
MOTILALOFS.NS,2015-01-01,2019-01-01,4.0,252,252,0.0,76986560.37805176,636.787109375,illiquid,False,2019-01-01
MPHASIS.NS,2015-01-01,2019-01-01,4.0,252,252,0.0,377213866.875,818.0770263671875,,True,2019-01-01
MUTHOOTFIN.NS,2015-01-01,2019-01-01,4.0,252,252,0.0,284142319.2282562,448.4759826660156,,True,2019-01-01
NAM-INDIA.NS,2017-11-06,2019-01-01,1.153,252,252,0.0,24472825.728759766,126.39082336425781,short_history;illiquid,False,2019-01-01
NATIONALUM.NS,2015-01-01,2019-01-01,4.0,252,252,0.0,556443728.2663918,41.95706558227539,,True,2019-01-01
NAUKRI.NS,2015-01-01,2019-01-01,4.0,252,252,0.0,99024425.80287933,279.99066162109375,illiquid,False,2019-01-01
NBCC.NS,2015-01-01,2019-01-01,4.0,252,252,0.0,327069072.27215195,35.4976806640625,,True,2019-01-01
NESTLEIND.NS,2015-01-01,2019-01-01,4.0,252,252,0.0,517344819.73876953,499.2698059082031,,True,2019-01-01
NHPC.NS,2015-01-01,2019-01-01,4.0,252,252,0.0,124443656.54852009,18.11078453063965,illiquid;low_price,False,2019-01-01
NMDC.NS,2015-01-01,2019-01-01,4.0,252,252,0.0,324742165.07522583,14.743433952331543,low_price,False,2019-01-01
NTPC.NS,2015-01-01,2019-01-01,4.0,252,252,0.0,787714682.9132347,92.17314910888672,,True,2019-01-01
NYKAA.NS,,,0.0,0,0,1.0,0.0,,no_data,False,2019-01-01
OBEROIRLTY.NS,2015-01-01,2019-01-01,4.0,252,252,0.0,144943934.56103516,442.44158935546875,illiquid,False,2019-01-01
OFSS.NS,2015-01-01,2019-01-01,4.0,252,252,0.0,117191431.31848145,2621.687255859375,illiquid,False,2019-01-01
OIL.NS,2015-01-01,2019-01-01,4.0,252,252,0.0,187521154.2162552,77.54705810546875,illiquid,False,2019-01-01
ONGC.NS,2015-01-01,2019-01-01,4.0,252,252,0.0,1017994204.1157074,94.74828338623047,,True,2019-01-01
PAGEIND.NS,2015-01-01,2019-01-01,4.0,252,252,0.0,569761950.1591797,22711.7890625,,True,2019-01-01
PATANJALI.NS,2015-01-01,2019-01-01,4.0,252,252,0.0,22610527.493103027,276.22760009765625,illiquid,False,2019-01-01
PAYTM.NS,,,0.0,0,0,1.0,0.0,,no_data,False,2019-01-01
PERSISTENT.NS,2015-01-01,2019-01-01,4.0,252,252,0.0,121700562.51153564,287.97125244140625,illiquid,False,2019-01-01
PETRONET.NS,2015-01-01,2019-01-01,4.0,252,252,0.0,587150388.4319077,166.11346435546875,,True,2019-01-01
PFC.NS,2015-01-01,2019-01-01,4.0,252,252,0.0,610052449.3836327,53.77516174316406,,True,2019-01-01
PGEL.NS,2015-01-01,2019-01-01,4.0,252,252,0.0,9002563.454723358,10.062281608581543,illiquid;low_price,False,2019-01-01
PHOENIXLTD.NS,2015-01-01,2019-01-01,4.0,252,252,0.0,36146009.18902588,284.5472717285156,illiquid,False,2019-01-01
PIDILITIND.NS,2015-01-01,2019-01-01,4.0,252,252,0.0,517904075.6821289,528.9036254882812,,True,2019-01-01
PIIND.NS,2015-01-01,2019-01-01,4.0,252,252,0.0,64947063.11425781,843.8297729492188,illiquid,False,2019-01-01
PNB.NS,2015-01-01,2019-01-01,4.0,252,252,0.0,2055172984.712326,71.95046997070312,,True,2019-01-01
PNBHOUSING.NS,2016-11-07,2019-01-01,2.149,252,252,0.0,193279990.48864746,748.5918579101562,short_history;illiquid,False,2019-01-01
POLICYBZR.NS,,,0.0,0,0,1.0,0.0,,no_data,False,2019-01-01
POLYCAB.NS,,,0.0,0,0,1.0,0.0,,no_data,False,2019-01-01
POWERGRID.NS,2015-01-01,2019-01-01,4.0,252,252,0.0,935976897.335926,75.19984436035156,,True,2019-01-01
POWERINDIA.NS,,,0.0,0,0,1.0,0.0,,no_data,False,2019-01-01
PRESTIGE.NS,2015-01-01,2019-01-01,4.0,252,252,0.0,34370783.53070068,229.543701171875,illiquid,False,2019-01-01
RADICO.NS,2015-01-01,2019-01-01,4.0,252,252,0.0,272796227.84039307,393.6445617675781,,True,2019-01-01
RBLBANK.NS,2016-08-31,2019-01-01,2.335,252,252,0.0,595393366.0648193,558.5744018554688,short_history,False,2019-01-01
RECLTD.NS,2015-01-01,2019-01-01,4.0,252,252,0.0,606065256.3226509,49.08769226074219,,True,2019-01-01
RELIANCE.NS,2015-01-01,2019-01-01,4.0,252,252,0.0,6906809300.49295,496.1963806152344,,True,2019-01-01
RVNL.NS,,,0.0,0,0,1.0,0.0,,no_data,False,2019-01-01
SAIL.NS,2015-01-01,2019-01-01,4.0,252,252,0.0,904227724.35392,46.58327865600586,,True,2019-01-01
SBICARD.NS,,,0.0,0,0,1.0,0.0,,no_data,False,2019-01-01
SBILIFE.NS,2017-10-03,2019-01-01,1.246,252,252,0.0,164051551.9824829,589.6653442382812,short_history;illiquid,False,2019-01-01
SBIN.NS,2015-01-01,2019-01-01,4.0,252,252,0.0,5349687262.323883,271.5511779785156,,True,2019-01-01
SHREECEM.NS,2015-01-01,2019-01-01,4.0,252,252,0.0,295363217.92285156,16456.015625,,True,2019-01-01
SHRIRAMFIN.NS,2015-01-01,2019-01-01,4.0,252,252,0.0,1193885651.6735382,213.63626098632812,,True,2019-01-01
SIEMENS.NS,2015-01-01,2019-01-01,4.0,252,252,0.0,225342631.59786987,592.896240234375,illiquid,False,2019-01-01
SOLARINDS.NS,2015-01-01,2019-01-01,4.0,252,252,0.0,9913785.678649902,1063.176513671875,illiquid,False,2019-01-01
SONACOMS.NS,,,0.0,0,0,1.0,0.0,,no_data,False,2019-01-01
SRF.NS,2015-01-01,2019-01-01,4.0,252,252,0.0,534924118.72673035,386.4296875,,True,2019-01-01
SUNPHARMA.NS,2015-01-01,2019-01-01,4.0,252,252,0.0,2810892682.4165955,401.703125,,True,2019-01-01
SUPREMEIND.NS,2015-01-01,2019-01-01,4.0,252,252,0.0,47745742.33886719,1067.4188232421875,illiquid,False,2019-01-01
SUZLON.NS,2015-01-01,2019-01-01,4.0,252,252,0.0,218674093.43118024,5.004265785217285,illiquid;low_price,False,2019-01-01
TATACONSUM.NS,2015-01-01,2019-01-01,4.0,252,252,0.0,644974730.561554,205.281982421875,,True,2019-01-01
TATAELXSI.NS,2015-01-01,2019-01-01,4.0,252,252,0.0,700725222.0457153,931.2496337890625,,True,2019-01-01
TATAPOWER.NS,2015-01-01,2019-01-01,4.0,252,252,0.0,359869609.88879395,69.59493255615234,,True,2019-01-01
TATASTEEL.NS,2015-01-01,2019-01-01,4.0,252,252,0.0,4271343882.515278,41.32326889038086,,True,2019-01-01
TCS.NS,2015-01-01,2019-01-01,4.0,252,252,0.0,4623815029.5979,1552.4881591796875,,True,2019-01-01
TECHM.NS,2015-01-01,2019-01-01,4.0,252,252,0.0,1926543549.2730713,542.4655151367188,,True,2019-01-01
TIINDIA.NS,2017-11-02,2019-01-01,1.164,252,252,0.0,7856204.500076294,341.9075012207031,short_history;illiquid,False,2019-01-01
TITAN.NS,2015-01-01,2019-01-01,4.0,252,252,0.0,2119653618.8952637,903.2061767578125,,True,2019-01-01
TMPV.NS,2015-01-01,2019-01-01,4.0,252,252,0.0,2825341049.4151306,168.98052978515625,,True,2019-01-01
TORNTPHARM.NS,2015-01-01,2019-01-01,4.0,252,252,0.0,278233422.3847656,804.23583984375,,True,2019-01-01
TRENT.NS,2015-01-01,2019-01-01,4.0,252,252,0.0,26490528.868896484,359.03814697265625,illiquid,False,2019-01-01
TVSMOTOR.NS,2015-01-01,2019-01-01,4.0,252,252,0.0,581995124.6993103,542.6678466796875,,True,2019-01-01
ULTRACEMCO.NS,2015-01-01,2019-01-01,4.0,252,252,0.0,932333791.2052002,3801.11572265625,,True,2019-01-01
UNIONBANK.NS,2015-01-01,2019-01-01,4.0,252,252,0.0,651543610.1113567,74.07347106933594,,True,2019-01-01
UNITDSPR.NS,2015-01-01,2019-01-01,4.0,252,252,0.0,958474810.1227417,603.42236328125,,True,2019-01-01
UNOMINDA.NS,2015-01-01,2019-01-01,4.0,252,252,0.0,70182252.58514404,158.21986389160156,illiquid,False,2019-01-01
UPL.NS,2015-01-01,2019-01-01,4.0,252,252,0.0,1113013969.254181,463.6784362792969,,True,2019-01-01
VBL.NS,2016-11-08,2019-01-01,2.146,252,252,0.0,40212010.61089325,47.21341323852539,short_history;illiquid,False,2019-01-01
VEDL.NS,2015-01-01,2019-01-01,4.0,252,252,0.0,2959494181.49382,84.16153717041016,,True,2019-01-01
VOLTAS.NS,2015-01-01,2019-01-01,4.0,252,252,0.0,703063194.9325867,532.8607177734375,,True,2019-01-01
WIPRO.NS,2015-01-01,2019-01-01,4.0,252,252,0.0,897062801.4507561,110.88099670410156,,True,2019-01-01
YESBANK.NS,2015-01-01,2019-01-01,4.0,252,252,0.0,4448151447.125,181.7567596435547,,True,2019-01-01
ZYDUSLIFE.NS,2015-01-01,2019-01-01,4.0,252,251,0.004,408628147.5,328.10296630859375,,True,2019-01-01
360ONE.NS,,,0.0,0,0,1.0,0.0,,no_data,False,2019-07-01
ABB.NS,2015-01-01,2019-07-01,4.496,252,252,0.0,92656201.37420654,1392.5374755859375,illiquid,False,2019-07-01
ABCAPITAL.NS,2017-09-01,2019-07-01,1.829,252,252,0.0,169412994.3162384,92.05000305175781,short_history;illiquid,False,2019-07-01
ADANIENSOL.NS,2015-07-31,2019-07-01,3.918,252,252,0.0,43475511.678359985,223.8000030517578,illiquid,False,2019-07-01
ADANIENT.NS,2015-01-01,2019-07-01,4.496,252,252,0.0,809699309.7186241,152.12730407714844,,True,2019-07-01
ADANIGREEN.NS,2018-06-18,2019-07-01,1.035,252,252,0.0,21594374.210334778,45.5,short_history;illiquid,False,2019-07-01
ADANIPORTS.NS,2015-01-01,2019-07-01,4.496,252,252,0.0,1120196022.349823,394.8912048339844,,True,2019-07-01
ADANIPOWER.NS,2015-01-01,2019-07-01,4.496,252,252,0.0,653489050.865767,12.0600004196167,low_price,False,2019-07-01
ALKEM.NS,2015-12-23,2019-07-01,3.521,252,252,0.0,51207983.02520752,1554.7303466796875,illiquid,False,2019-07-01
AMBER.NS,2018-01-30,2019-07-01,1.415,252,252,0.0,6420124.138916016,816.8438110351562,short_history;illiquid,False,2019-07-01
AMBUJACEM.NS,2015-01-01,2019-07-01,4.496,252,252,0.0,547447322.4882507,189.39186096191406,,True,2019-07-01
ANGELONE.NS,,,0.0,0,0,1.0,0.0,,no_data,False,2019-07-01
APLAPOLLO.NS,2015-01-01,2019-07-01,4.496,252,252,0.0,23141326.20201111,152.1521759033203,illiquid,False,2019-07-01
APOLLOHOSP.NS,2015-01-01,2019-07-01,4.496,252,252,0.0,636289246.3019409,1341.3988037109375,,True,2019-07-01
ASHOKLEY.NS,2015-01-01,2019-07-01,4.496,252,252,0.0,2040985106.5426903,37.324974060058594,,True,2019-07-01
ASIANPAINT.NS,2015-01-01,2019-07-01,4.496,252,252,0.0,1489588877.2219238,1274.1416015625,,True,2019-07-01
ASTRAL.NS,2015-01-01,2019-07-01,4.496,252,252,0.0,40964974.91619873,591.2676391601562,illiquid,False,2019-07-01
AUBANK.NS,2017-07-11,2019-07-01,1.971,252,252,0.0,165347583.18017578,343.95611572265625,short_history;illiquid,False,2019-07-01
AUROPHARMA.NS,2015-01-01,2019-07-01,4.496,252,252,0.0,1644117619.3295898,590.9693603515625,,True,2019-07-01
AXISBANK.NS,2015-01-01,2019-07-01,4.496,252,252,0.0,5613889091.75,805.4578857421875,,True,2019-07-01
BAJAJ-AUTO.NS,2015-01-01,2019-07-01,4.496,252,252,0.0,1196400460.4125977,2350.569091796875,,True,2019-07-01
BAJAJFINSV.NS,2015-01-01,2019-07-01,4.496,252,252,0.0,1223959726.8051147,848.7137451171875,,True,2019-07-01
BAJAJHLDNG.NS,2015-01-01,2019-07-01,4.496,252,252,0.0,52999661.75,3243.17236328125,illiquid,False,2019-07-01
BAJFINANCE.NS,2015-01-01,2019-07-01,4.496,252,252,0.0,3702575216.9158936,358.6722106933594,,True,2019-07-01
BANDHANBNK.NS,2018-03-27,2019-07-01,1.262,252,252,0.0,433027110.79785156,526.5656127929688,short_history,False,2019-07-01
BANKBARODA.NS,2015-01-01,2019-07-01,4.496,252,252,0.0,1945493802.1617737,104.122314453125,,True,2019-07-01
BANKINDIA.NS,2015-01-01,2019-07-01,4.496,252,252,0.0,734838264.875,77.2052001953125,,True,2019-07-01
BDL.NS,2018-03-23,2019-07-01,1.273,252,252,0.0,7273384.984161377,153.5794219970703,short_history;illiquid,False,2019-07-01
BEL.NS,2015-01-01,2019-07-01,4.496,252,252,0.0,754211403.2885942,32.27313232421875,,True,2019-07-01
BHARATFORG.NS,2015-01-01,2019-07-01,4.496,252,252,0.0,621063378.2446594,434.2934265136719,,True,2019-07-01
BHARTIARTL.NS,2015-01-01,2019-07-01,4.496,252,252,0.0,1793102755.1929626,328.9960021972656,,True,2019-07-01
BHEL.NS,2015-01-01,2019-07-01,4.496,252,252,0.0,614824365.7396965,70.17473602294922,,True,2019-07-01
BIOCON.NS,2015-01-01,2019-07-01,4.496,252,252,0.0,1012070968.4314575,248.8853302001953,,True,2019-07-01
BLUESTARCO.NS,2015-01-01,2019-07-01,4.496,252,252,0.0,23429229.68157959,359.346435546875,illiquid,False,2019-07-01
BOSCHLTD.NS,2015-01-01,2019-07-01,4.496,252,252,0.0,245402789.66992188,15098.9150390625,illiquid,False,2019-07-01
BPCL.NS,2015-01-01,2019-07-01,4.496,252,252,0.0,1679704023.0035858,117.81075286865234,,True,2019-07-01
BRITANNIA.NS,2015-01-01,2019-07-01,4.496,252,251,0.004,870806989.5,2391.80908203125,,True,2019-07-01
BSE.NS,2017-02-03,2019-07-01,2.404,252,252,0.0,57513703.2803421,60.902381896972656,short_history;illiquid,False,2019-07-01
CAMS.NS,,,0.0,0,0,1.0,0.0,,no_data,False,2019-07-01
CANBK.NS,2015-01-01,2019-07-01,4.496,252,252,0.0,1460445197.3971176,48.30219268798828,,True,2019-07-01
CDSL.NS,2017-06-30,2019-07-01,2.001,252,252,0.0,41525250.49198151,100.14035034179688,short_history;illiquid,False,2019-07-01
CGPOWER.NS,2015-01-01,2019-07-01,4.496,252,252,0.0,262854902.8520031,27.363258361816406,,True,2019-07-01
CHOLAFIN.NS,2015-01-01,2019-07-01,4.496,252,252,0.0,385543474.1466522,277.2647705078125,,True,2019-07-01
CIPLA.NS,2015-01-01,2019-07-01,4.496,252,252,0.0,1106276965.0003052,521.8463745117188,,True,2019-07-01
COALINDIA.NS,2015-01-01,2019-07-01,4.496,252,252,0.0,1107288966.9192657,135.49954223632812,,True,2019-07-01
COCHINSHIP.NS,2017-08-11,2019-07-01,1.886,252,252,0.0,26131396.626693726,152.219482421875,short_history;illiquid,False,2019-07-01
COFORGE.NS,2015-01-01,2019-07-01,4.496,252,252,0.0,869505406.8234253,247.55914306640625,,True,2019-07-01
COLPAL.NS,2015-01-01,2019-07-01,4.496,252,252,0.0,433353525.35180664,964.7756958007812,,True,2019-07-01
CONCOR.NS,2015-01-01,2019-07-01,4.496,252,252,0.0,373430777.48773193,525.533935546875,,True,2019-07-01
CROMPTON.NS,2016-05-13,2019-07-01,3.132,252,252,0.0,103181680.76900482,216.35792541503906,illiquid,False,2019-07-01
CUMMINSIND.NS,2015-01-01,2019-07-01,4.496,252,252,0.0,298443851.0559082,677.4044189453125,,True,2019-07-01
DABUR.NS,2015-01-01,2019-07-01,4.496,252,252,0.0,965033781.9507751,371.2595520019531,,True,2019-07-01
DALBHARAT.NS,2018-12-21,2019-07-01,0.526,127,115,0.0945,64552918.59667969,1009.7730712890625,short_history;illiquid;poor_coverage,False,2019-07-01
DELHIVERY.NS,,,0.0,0,0,1.0,0.0,,no_data,False,2019-07-01
DIVISLAB.NS,2015-01-01,2019-07-01,4.496,252,252,0.0,1002144253.6474609,1527.8131103515625,,True,2019-07-01
DIXON.NS,2017-09-18,2019-07-01,1.782,252,252,0.0,20465815.879974365,451.58978271484375,short_history;illiquid,False,2019-07-01
DLF.NS,2015-01-01,2019-07-01,4.496,252,251,0.004,1204539805.7318115,178.05685424804688,,True,2019-07-01
DMART.NS,2017-03-21,2019-07-01,2.278,252,252,0.0,619660462.3664551,1426.050048828125,short_history,False,2019-07-01
DRREDDY.NS,2015-01-01,2019-07-01,4.496,252,252,0.0,1868690588.270874,504.1594543457031,,True,2019-07-01
EICHERMOT.NS,2015-01-01,2019-07-01,4.496,252,252,0.0,1786124113.4936523,1823.7491455078125,,True,2019-07-01
ETERNAL.NS,,,0.0,0,0,1.0,0.0,,no_data,False,2019-07-01
FEDERALBNK.NS,2015-01-01,2019-07-01,4.496,252,252,0.0,912292254.842926,102.5260009765625,,True,2019-07-01
FORCEMOT.NS,,,0.0,0,0,1.0,0.0,,no_data,False,2019-07-01
FORTIS.NS,2015-01-01,2019-07-01,4.496,252,252,0.0,131763687.62825012,131.87838745117188,illiquid,False,2019-07-01
GAIL.NS,2015-01-01,2019-07-01,4.496,252,252,0.0,1426090891.8043213,76.3946762084961,,True,2019-07-01
GLENMARK.NS,2015-01-01,2019-07-01,4.496,252,252,0.0,427167464.78045654,428.8441467285156,,True,2019-07-01
GMRAIRPORT.NS,2015-01-01,2019-07-01,4.496,252,251,0.004,325559480.5171337,13.604020118713379,low_price,False,2019-07-01
GODFRYPHLP.NS,2015-01-01,2019-07-01,4.496,252,252,0.0,150034293.51063538,237.81980895996094,illiquid,False,2019-07-01
GODREJCP.NS,2015-01-01,2019-07-01,4.496,252,252,0.0,690984327.3172302,625.8688354492188,,True,2019-07-01
GODREJPROP.NS,2015-01-01,2019-07-01,4.496,252,252,0.0,131108083.94384766,1090.9765625,illiquid,False,2019-07-01
GRASIM.NS,2015-01-01,2019-07-01,4.496,252,252,0.0,984350535.6204529,877.1066284179688,,True,2019-07-01
GVT&D.NS,2015-01-01,2019-07-01,4.496,252,252,0.0,8426718.0,234.07382202148438,illiquid,False,2019-07-01
HAL.NS,2018-04-02,2019-07-01,1.246,252,252,0.0,9272773.479064941,297.3232116699219,short_history;illiquid,False,2019-07-01
HAVELLS.NS,2015-01-01,2019-07-01,4.496,252,252,0.0,772966987.4824219,747.6465454101562,,True,2019-07-01
HCLTECH.NS,2015-01-01,2019-07-01,4.496,252,252,0.0,1820895293.132019,407.6906433105469,,True,2019-07-01
HDFCAMC.NS,2018-08-06,2019-07-01,0.901,218,218,0.0,211288828.0,910.9027099609375,short_history;illiquid,False,2019-07-01
HDFCBANK.NS,2015-01-01,2019-07-01,4.496,252,252,0.0,5414445200.429932,577.7013549804688,,True,2019-07-01
HDFCLIFE.NS,2017-11-17,2019-07-01,1.618,252,252,0.0,433188655.46868896,460.780029296875,short_history,False,2019-07-01
HEROMOTOCO.NS,2015-01-01,2019-07-01,4.496,252,252,0.0,1439757406.8151855,2025.0560302734375,,True,2019-07-01
HINDALCO.NS,2015-01-01,2019-07-01,4.496,252,252,0.0,1713351524.136734,198.1759033203125,,True,2019-07-01
HINDPETRO.NS,2015-01-01,2019-07-01,4.496,252,252,0.0,1495747819.2149963,136.7687225341797,,True,2019-07-01
HINDUNILVR.NS,2015-01-01,2019-07-01,4.496,252,252,0.0,2341818994.626404,1584.21630859375,,True,2019-07-01
HINDZINC.NS,2015-01-01,2019-07-01,4.496,252,252,0.0,211323618.4053955,132.65724182128906,illiquid,False,2019-07-01
ICICIBANK.NS,2015-01-01,2019-07-01,4.496,252,252,0.0,6005183085.725159,420.01953125,,True,2019-07-01
ICICIGI.NS,2017-09-27,2019-07-01,1.758,252,252,0.0,243735858.45758057,1055.6800537109375,short_history;illiquid,False,2019-07-01
ICICIPRULI.NS,2016-09-29,2019-07-01,2.752,252,252,0.0,422704917.3039093,384.19378662109375,short_history,False,2019-07-01
IDEA.NS,2015-01-01,2019-07-01,4.496,252,252,0.0,773587410.25,12.0,low_price,False,2019-07-01
IDFCFIRSTB.NS,2015-11-06,2019-07-01,3.65,252,251,0.004,507725212.4903946,43.97644805908203,,True,2019-07-01
IEX.NS,2017-10-23,2019-07-01,1.687,252,252,0.0,11583899.363594055,42.40744400024414,short_history;illiquid,False,2019-07-01
INDHOTEL.NS,2015-01-01,2019-07-01,4.496,252,252,0.0,112822163.57892227,145.67137145996094,illiquid,False,2019-07-01
INDIANB.NS,2015-01-01,2019-07-01,4.496,252,252,0.0,405194834.8848114,221.6622772216797,,True,2019-07-01
INDIGO.NS,2015-11-10,2019-07-01,3.639,252,252,0.0,1265358922.8388672,1573.5028076171875,,True,2019-07-01
INDUSINDBK.NS,2015-01-01,2019-07-01,4.496,252,252,0.0,2916599059.4908447,1374.9267578125,,True,2019-07-01
INDUSTOWER.NS,2015-01-01,2019-07-01,4.496,252,252,0.0,659359140.4131622,211.41062927246094,,True,2019-07-01
INFY.NS,2015-01-01,2019-07-01,4.496,252,252,0.0,5116353464.086029,607.4263916015625,,True,2019-07-01
INOXWIND.NS,2015-04-09,2019-07-01,4.227,252,252,0.0,5705017.8369140625,17.424999237060547,illiquid;low_price,False,2019-07-01
IOC.NS,2015-01-01,2019-07-01,4.496,252,252,0.0,1394573596.4333954,62.91654968261719,,True,2019-07-01
IREDA.NS,,,0.0,0,0,1.0,0.0,,no_data,False,2019-07-01
IRFC.NS,,,0.0,0,0,1.0,0.0,,no_data,False,2019-07-01
ITC.NS,2015-01-01,2019-07-01,4.496,252,252,0.0,2866543158.351898,194.9207763671875,,True,2019-07-01
JINDALSTEL.NS,2015-01-01,2019-07-01,4.496,252,252,0.0,1698916457.879181,137.80223083496094,,True,2019-07-01
JIOFIN.NS,,,0.0,0,0,1.0,0.0,,no_data,False,2019-07-01
JSWENERGY.NS,2015-01-01,2019-07-01,4.496,252,252,0.0,49986229.94271088,63.8447380065918,illiquid,False,2019-07-01
JSWSTEEL.NS,2015-01-01,2019-07-01,4.496,252,251,0.004,1639561194.340332,252.87254333496094,,True,2019-07-01
JUBLFOOD.NS,2015-01-01,2019-07-01,4.496,252,252,0.0,1793752113.1126404,244.27651977539062,,True,2019-07-01
KALYANKJIL.NS,,,0.0,0,0,1.0,0.0,,no_data,False,2019-07-01
KAYNES.NS,,,0.0,0,0,1.0,0.0,,no_data,False,2019-07-01
KEI.NS,2015-01-01,2019-07-01,4.496,252,252,0.0,45738476.017822266,473.58935546875,illiquid,False,2019-07-01
KFINTECH.NS,,,0.0,0,0,1.0,0.0,,no_data,False,2019-07-01
KOTAKBANK.NS,2015-01-01,2019-07-01,4.496,252,252,0.0,2877247526.0683823,294.3404235839844,,True,2019-07-01
KPITTECH.NS,2019-04-22,2019-07-01,0.192,48,48,0.0,27525906.557052612,92.42559051513672,short_history;illiquid,False,2019-07-01
LAURUSLABS.NS,2016-12-19,2019-07-01,2.53,252,252,0.0,11223209.720344543,67.31897735595703,short_history;illiquid,False,2019-07-01
LICHSGFIN.NS,2015-01-01,2019-07-01,4.496,252,252,0.0,793171387.7773132,485.0328063964844,,True,2019-07-01
LICI.NS,,,0.0,0,0,1.0,0.0,,no_data,False,2019-07-01
LODHA.NS,,,0.0,0,0,1.0,0.0,,no_data,False,2019-07-01
LT.NS,2015-01-01,2019-07-01,4.496,252,252,0.0,2976549820.5478516,1385.111083984375,,True,2019-07-01
LTF.NS,2015-01-01,2019-07-01,4.496,252,252,0.0,823309341.3443985,99.97550201416016,,True,2019-07-01
LTM.NS,2016-07-21,2019-07-01,2.943,252,252,0.0,267822990.98010254,1661.5552978515625,short_history,False,2019-07-01
LUPIN.NS,2015-01-01,2019-07-01,4.496,252,252,0.0,1618614794.3916016,736.8306274414062,,True,2019-07-01
M&M.NS,2015-01-01,2019-07-01,4.496,252,252,0.0,2078700444.0534058,611.8988037109375,,True,2019-07-01
MANAPPURAM.NS,2015-01-01,2019-07-01,4.496,252,252,0.0,284373510.6452484,119.5783462524414,,True,2019-07-01
MANKIND.NS,,,0.0,0,0,1.0,0.0,,no_data,False,2019-07-01
MARICO.NS,2015-01-01,2019-07-01,4.496,252,252,0.0,548503966.8330078,333.2802429199219,,True,2019-07-01
MARUTI.NS,2015-01-01,2019-07-01,4.496,252,252,0.0,5136691903.639404,6036.10302734375,,True,2019-07-01
MAXHEALTH.NS,,,0.0,0,0,1.0,0.0,,no_data,False,2019-07-01
MAZDOCK.NS,,,0.0,0,0,1.0,0.0,,no_data,False,2019-07-01
MCX.NS,2015-01-01,2019-07-01,4.496,252,252,0.0,278296204.5033264,153.90464782714844,,True,2019-07-01
MFSL.NS,2015-01-01,2019-07-01,4.496,252,252,0.0,238460359.27075195,404.45001220703125,illiquid,False,2019-07-01
MOTHERSON.NS,2015-01-01,2019-07-01,4.496,252,252,0.0,983229305.9560642,31.4100341796875,,True,2019-07-01
MOTILALOFS.NS,2015-01-01,2019-07-01,4.496,252,252,0.0,53715537.59039307,670.7396240234375,illiquid,False,2019-07-01
MPHASIS.NS,2015-01-01,2019-07-01,4.496,252,252,0.0,307726341.27578735,805.9555053710938,,True,2019-07-01
MUTHOOTFIN.NS,2015-01-01,2019-07-01,4.496,252,252,0.0,408285083.65008545,563.429443359375,,True,2019-07-01
NAM-INDIA.NS,2017-11-06,2019-07-01,1.648,252,252,0.0,36743075.365875244,182.0756378173828,short_history;illiquid,False,2019-07-01
NATIONALUM.NS,2015-01-01,2019-07-01,4.496,252,252,0.0,462975918.3451042,34.58375930786133,,True,2019-07-01
NAUKRI.NS,2015-01-01,2019-07-01,4.496,252,252,0.0,254040743.69049072,436.9991455078125,,True,2019-07-01
NBCC.NS,2015-01-01,2019-07-01,4.496,252,252,0.0,380001493.6494789,37.288002014160156,,True,2019-07-01
NESTLEIND.NS,2015-01-01,2019-07-01,4.496,252,252,0.0,683446606.2564087,540.3787231445312,,True,2019-07-01
NHPC.NS,2015-01-01,2019-07-01,4.496,252,252,0.0,86290068.10476112,17.912338256835938,illiquid;low_price,False,2019-07-01
NMDC.NS,2015-01-01,2019-07-01,4.496,252,252,0.0,330405696.783,18.88549041748047,low_price,False,2019-07-01
NTPC.NS,2015-01-01,2019-07-01,4.496,252,252,0.0,1006009184.9772453,108.85614013671875,,True,2019-07-01
NYKAA.NS,,,0.0,0,0,1.0,0.0,,no_data,False,2019-07-01
OBEROIRLTY.NS,2015-01-01,2019-07-01,4.496,252,252,0.0,163337032.5059204,601.6310424804688,illiquid,False,2019-07-01
OFSS.NS,2015-01-01,2019-07-01,4.496,252,252,0.0,101221962.75634766,2221.80322265625,illiquid,False,2019-07-01
OIL.NS,2015-01-01,2019-07-01,4.496,252,252,0.0,188804865.7595024,80.89868927001953,illiquid,False,2019-07-01
ONGC.NS,2015-01-01,2019-07-01,4.496,252,252,0.0,1230926729.2928085,107.17723083496094,,True,2019-07-01
PAGEIND.NS,2015-01-01,2019-07-01,4.496,252,252,0.0,802325756.1132812,19212.00390625,,True,2019-07-01
PATANJALI.NS,2015-01-01,2019-07-01,4.496,252,252,0.0,11447071.655174255,164.767333984375,illiquid,False,2019-07-01
PAYTM.NS,,,0.0,0,0,1.0,0.0,,no_data,False,2019-07-01
PERSISTENT.NS,2015-01-01,2019-07-01,4.496,252,252,0.0,101940307.76119995,287.1065368652344,illiquid,False,2019-07-01
PETRONET.NS,2015-01-01,2019-07-01,4.496,252,252,0.0,539188352.4952927,179.96836853027344,,True,2019-07-01
PFC.NS,2015-01-01,2019-07-01,4.496,252,252,0.0,733055410.470787,64.69042205810547,,True,2019-07-01
PGEL.NS,2015-01-01,2019-07-01,4.496,252,252,0.0,5410437.843117714,5.091094493865967,illiquid;low_price,False,2019-07-01
PHOENIXLTD.NS,2015-01-01,2019-07-01,4.496,252,252,0.0,25799194.830200195,323.6419677734375,illiquid,False,2019-07-01
PIDILITIND.NS,2015-01-01,2019-07-01,4.496,252,252,0.0,555595648.590271,579.0604858398438,,True,2019-07-01
PIIND.NS,2015-01-01,2019-07-01,4.496,252,252,0.0,68474589.69671631,1165.9534912109375,illiquid,False,2019-07-01
PNB.NS,2015-01-01,2019-07-01,4.496,252,252,0.0,1931022660.796177,72.89718627929688,,True,2019-07-01
PNBHOUSING.NS,2016-11-07,2019-07-01,2.645,252,252,0.0,220647030.06176758,619.2081298828125,short_history;illiquid,False,2019-07-01
POLICYBZR.NS,,,0.0,0,0,1.0,0.0,,no_data,False,2019-07-01
POLYCAB.NS,2019-04-16,2019-07-01,0.208,50,50,0.0,136712172.8477173,618.4562377929688,short_history;illiquid,False,2019-07-01
POWERGRID.NS,2015-01-01,2019-07-01,4.496,252,252,0.0,903372108.4557762,80.2530746459961,,True,2019-07-01
POWERINDIA.NS,,,0.0,0,0,1.0,0.0,,no_data,False,2019-07-01
PRESTIGE.NS,2015-01-01,2019-07-01,4.496,252,252,0.0,37239435.58938599,258.12713623046875,illiquid,False,2019-07-01
RADICO.NS,2015-01-01,2019-07-01,4.496,252,252,0.0,169189907.82899475,300.0011901855469,illiquid,False,2019-07-01
RBLBANK.NS,2016-08-31,2019-07-01,2.831,252,252,0.0,771573763.4284668,630.2987670898438,short_history,False,2019-07-01
RECLTD.NS,2015-01-01,2019-07-01,4.496,252,252,0.0,758135636.0856514,71.49630737304688,,True,2019-07-01
RELIANCE.NS,2015-01-01,2019-07-01,4.496,252,252,0.0,9919923146.610657,561.6403198242188,,True,2019-07-01
RVNL.NS,2019-04-11,2019-07-01,0.222,53,53,0.0,201275919.46383667,22.85238265991211,short_history;illiquid,False,2019-07-01
SAIL.NS,2015-01-01,2019-07-01,4.496,252,252,0.0,837959499.1622009,42.6978645324707,,True,2019-07-01
SBICARD.NS,,,0.0,0,0,1.0,0.0,,no_data,False,2019-07-01
SBILIFE.NS,2017-10-03,2019-07-01,1.741,252,252,0.0,167239893.87161255,727.0323486328125,short_history;illiquid,False,2019-07-01
SBIN.NS,2015-01-01,2019-07-01,4.496,252,252,0.0,5649629334.214386,327.70135498046875,,True,2019-07-01
SHREECEM.NS,2015-01-01,2019-07-01,4.496,252,252,0.0,394826286.0541992,20849.4453125,,True,2019-07-01
SHRIRAMFIN.NS,2015-01-01,2019-07-01,4.496,252,252,0.0,1382594761.9648438,184.44581604003906,,True,2019-07-01
SIEMENS.NS,2015-01-01,2019-07-01,4.496,252,252,0.0,360822471.9601135,751.0100708007812,,True,2019-07-01
SOLARINDS.NS,2015-01-01,2019-07-01,4.496,252,252,0.0,6420971.489135742,1183.252685546875,illiquid,False,2019-07-01
SONACOMS.NS,,,0.0,0,0,1.0,0.0,,no_data,False,2019-07-01
SRF.NS,2015-01-01,2019-07-01,4.496,252,252,0.0,697885876.220932,588.4344482421875,,True,2019-07-01
SUNPHARMA.NS,2015-01-01,2019-07-01,4.496,252,252,0.0,2718853312.113785,375.5745849609375,,True,2019-07-01
SUPREMEIND.NS,2015-01-01,2019-07-01,4.496,252,252,0.0,49878108.266815186,1064.499267578125,illiquid,False,2019-07-01
SUZLON.NS,2015-01-01,2019-07-01,4.496,252,252,0.0,190141131.05383658,4.682890892028809,illiquid;low_price,False,2019-07-01
TATACONSUM.NS,2015-01-01,2019-07-01,4.496,252,252,0.0,452897475.15008545,257.181640625,,True,2019-07-01
TATAELXSI.NS,2015-01-01,2019-07-01,4.496,252,252,0.0,610635004.2061768,815.2911987304688,,True,2019-07-01
TATAPOWER.NS,2015-01-01,2019-07-01,4.496,252,252,0.0,333256709.37457275,65.39452362060547,,True,2019-07-01
TATASTEEL.NS,2015-01-01,2019-07-01,4.496,252,252,0.0,4041230134.329338,40.618186950683594,,True,2019-07-01
TCS.NS,2015-01-01,2019-07-01,4.496,252,252,0.0,4972455704.2126465,1845.97607421875,,True,2019-07-01
TECHM.NS,2015-01-01,2019-07-01,4.496,252,252,0.0,2052488313.8308105,531.56494140625,,True,2019-07-01
TIINDIA.NS,2017-11-02,2019-07-01,1.659,252,252,0.0,10437754.00843811,380.2865905761719,short_history;illiquid,False,2019-07-01
TITAN.NS,2015-01-01,2019-07-01,4.496,252,252,0.0,2150437587.2536926,1287.8475341796875,,True,2019-07-01
TMPV.NS,2015-01-01,2019-07-01,4.496,252,252,0.0,2876324165.352974,163.6709442138672,,True,2019-07-01
TORNTPHARM.NS,2015-01-01,2019-07-01,4.496,252,252,0.0,359364342.9012451,710.0475463867188,,True,2019-07-01
TRENT.NS,2015-01-01,2019-07-01,4.496,252,252,0.0,28891812.8674469,450.54595947265625,illiquid,False,2019-07-01
TVSMOTOR.NS,2015-01-01,2019-07-01,4.496,252,252,0.0,592361804.6477661,419.859619140625,,True,2019-07-01
ULTRACEMCO.NS,2015-01-01,2019-07-01,4.496,252,252,0.0,1232602701.6657715,4291.708984375,,True,2019-07-01
UNIONBANK.NS,2015-01-01,2019-07-01,4.496,252,252,0.0,684173380.958519,70.04682922363281,,True,2019-07-01
UNITDSPR.NS,2015-01-01,2019-07-01,4.496,252,252,0.0,761949805.1952515,571.55078125,,True,2019-07-01
UNOMINDA.NS,2015-01-01,2019-07-01,4.496,252,252,0.0,47627532.04942322,152.9021453857422,illiquid,False,2019-07-01
UPL.NS,2015-01-01,2019-07-01,4.496,252,252,0.0,1405554540.9889526,587.89404296875,,True,2019-07-01
VBL.NS,2016-11-08,2019-07-01,2.642,252,252,0.0,50264599.6137104,54.08186340332031,short_history;illiquid,False,2019-07-01
VEDL.NS,2015-01-01,2019-07-01,4.496,252,252,0.0,2137115015.8204727,73.23983764648438,,True,2019-07-01
VOLTAS.NS,2015-01-01,2019-07-01,4.496,252,252,0.0,665316547.3597412,628.9857177734375,,True,2019-07-01
WIPRO.NS,2015-01-01,2019-07-01,4.496,252,252,0.0,1234825459.5954437,127.99317169189453,,True,2019-07-01
YESBANK.NS,2015-01-01,2019-07-01,4.496,252,252,0.0,8329192906.019165,109.1500015258789,,True,2019-07-01
ZYDUSLIFE.NS,2015-01-01,2019-07-01,4.496,252,251,0.004,439733870.53619385,225.28085327148438,,True,2019-07-01
360ONE.NS,2019-09-19,2020-01-01,0.285,70,70,0.0,10477192.71069336,233.91995239257812,short_history;illiquid,False,2020-01-01
ABB.NS,2015-01-01,2020-01-01,4.999,252,252,0.0,93950409.60644531,1235.6400146484375,illiquid,False,2020-01-01
ABCAPITAL.NS,2017-09-01,2020-01-01,2.333,252,252,0.0,148813319.45897675,101.5,short_history;illiquid,False,2020-01-01
ADANIENSOL.NS,2015-07-31,2020-01-01,4.422,252,252,0.0,27560853.701965332,333.8999938964844,illiquid,False,2020-01-01
ADANIENT.NS,2015-01-01,2020-01-01,4.999,252,252,0.0,609807804.0217209,205.79449462890625,,True,2020-01-01
ADANIGREEN.NS,2018-06-18,2020-01-01,1.539,252,252,0.0,34723486.69722748,174.75,short_history;illiquid,False,2020-01-01
ADANIPORTS.NS,2015-01-01,2020-01-01,4.999,252,252,0.0,1055362586.4433594,361.06256103515625,,True,2020-01-01
ADANIPOWER.NS,2015-01-01,2020-01-01,4.999,252,252,0.0,556026739.6414661,12.779999732971191,low_price,False,2020-01-01
ALKEM.NS,2015-12-23,2020-01-01,4.025,252,252,0.0,48921080.265808105,1940.666015625,illiquid,False,2020-01-01
AMBER.NS,2018-01-30,2020-01-01,1.919,252,252,0.0,9313434.925445557,1147.8890380859375,short_history;illiquid,False,2020-01-01
AMBUJACEM.NS,2015-01-01,2020-01-01,4.999,252,252,0.0,503551554.88874817,175.20640563964844,,True,2020-01-01
ANGELONE.NS,,,0.0,0,0,1.0,0.0,,no_data,False,2020-01-01
APLAPOLLO.NS,2015-01-01,2020-01-01,4.999,252,252,0.0,23065166.408920288,186.70147705078125,illiquid,False,2020-01-01
APOLLOHOSP.NS,2015-01-01,2020-01-01,4.999,252,252,0.0,707645513.1181641,1401.4757080078125,,True,2020-01-01
ASHOKLEY.NS,2015-01-01,2020-01-01,4.999,252,252,0.0,1784329564.9025116,36.144439697265625,,True,2020-01-01
ASIANPAINT.NS,2015-01-01,2020-01-01,4.999,252,252,0.0,1757554625.24646,1690.746337890625,,True,2020-01-01
ASTRAL.NS,2015-01-01,2020-01-01,4.999,252,252,0.0,58684469.93710327,648.4091186523438,illiquid,False,2020-01-01
AUBANK.NS,2017-07-11,2020-01-01,2.475,252,252,0.0,145269503.84960938,396.48028564453125,short_history;illiquid,False,2020-01-01
AUROPHARMA.NS,2015-01-01,2020-01-01,4.999,252,252,0.0,1390757022.8740234,441.18963623046875,,True,2020-01-01
AXISBANK.NS,2015-01-01,2020-01-01,4.999,252,252,0.0,6032290489.641815,745.0122680664062,,True,2020-01-01
BAJAJ-AUTO.NS,2015-01-01,2020-01-01,4.999,252,252,0.0,1142800153.053833,2599.7275390625,,True,2020-01-01
BAJAJFINSV.NS,2015-01-01,2020-01-01,4.999,252,252,0.0,1671332305.4281616,934.41748046875,,True,2020-01-01
BAJAJHLDNG.NS,2015-01-01,2020-01-01,4.999,252,252,0.0,72050304.97351074,3034.006591796875,illiquid,False,2020-01-01
BAJFINANCE.NS,2015-01-01,2020-01-01,4.999,252,252,0.0,4395995365.407715,411.005615234375,,True,2020-01-01
BANDHANBNK.NS,2018-03-27,2020-01-01,1.766,252,252,0.0,414278514.3227844,485.54083251953125,short_history,False,2020-01-01
BANKBARODA.NS,2015-01-01,2020-01-01,4.999,252,252,0.0,2211802321.0940704,87.50567626953125,,True,2020-01-01
BANKINDIA.NS,2015-01-01,2020-01-01,4.999,252,252,0.0,636185514.449501,59.96809387207031,,True,2020-01-01
BDL.NS,2018-03-23,2020-01-01,1.777,252,252,0.0,9181960.855285645,135.8525390625,short_history;illiquid,False,2020-01-01
BEL.NS,2015-01-01,2020-01-01,4.999,252,252,0.0,894911543.7919235,29.67344093322754,,True,2020-01-01
BHARATFORG.NS,2015-01-01,2020-01-01,4.999,252,252,0.0,590853792.9698944,464.71087646484375,,True,2020-01-01
BHARTIARTL.NS,2015-01-01,2020-01-01,4.999,252,252,0.0,2306411036.7244263,427.9308776855469,,True,2020-01-01
BHEL.NS,2015-01-01,2020-01-01,4.999,252,252,0.0,689063520.2392998,42.786739349365234,,True,2020-01-01
BIOCON.NS,2015-01-01,2020-01-01,4.999,252,252,0.0,819521305.0093765,291.2325744628906,,True,2020-01-01
BLUESTARCO.NS,2015-01-01,2020-01-01,4.999,252,252,0.0,28254317.942749023,393.4018249511719,illiquid,False,2020-01-01
BOSCHLTD.NS,2015-01-01,2020-01-01,4.999,252,252,0.0,224816612.0517578,14021.47265625,illiquid,False,2020-01-01
BPCL.NS,2015-01-01,2020-01-01,4.999,252,252,0.0,2015225785.4838562,157.65008544921875,,True,2020-01-01
BRITANNIA.NS,2015-01-01,2020-01-01,4.999,252,252,0.0,986461415.1793213,2671.13623046875,,True,2020-01-01
BSE.NS,2017-02-03,2020-01-01,2.908,252,252,0.0,44733589.33454132,50.40978240966797,short_history;illiquid,False,2020-01-01
CAMS.NS,,,0.0,0,0,1.0,0.0,,no_data,False,2020-01-01
CANBK.NS,2015-01-01,2020-01-01,4.999,252,252,0.0,1392530062.5888824,37.519474029541016,,True,2020-01-01
CDSL.NS,2017-06-30,2020-01-01,2.505,252,252,0.0,35123448.636787415,103.58375549316406,short_history;illiquid,False,2020-01-01
CGPOWER.NS,2015-01-01,2020-01-01,4.999,252,252,0.0,136219851.82061577,10.816883087158203,illiquid;low_price,False,2020-01-01
CHOLAFIN.NS,2015-01-01,2020-01-01,4.999,252,252,0.0,336411363.4561157,298.080078125,,True,2020-01-01
CIPLA.NS,2015-01-01,2020-01-01,4.999,252,252,0.0,986886975.7630615,449.4202575683594,,True,2020-01-01
COALINDIA.NS,2015-01-01,2020-01-01,4.999,252,252,0.0,1277284737.8893661,115.22216033935547,,True,2020-01-01
COCHINSHIP.NS,2017-08-11,2020-01-01,2.39,252,252,0.0,19316526.89111328,167.17515563964844,short_history;illiquid,False,2020-01-01
COFORGE.NS,2015-01-01,2020-01-01,4.999,252,252,0.0,520731789.47021484,291.12359619140625,,True,2020-01-01
COLPAL.NS,2015-01-01,2020-01-01,4.999,252,252,0.0,515879819.76989746,1256.4029541015625,,True,2020-01-01
CONCOR.NS,2015-01-01,2020-01-01,4.999,252,252,0.0,440242321.4781494,528.6062622070312,,True,2020-01-01
CROMPTON.NS,2016-05-13,2020-01-01,3.636,252,252,0.0,118783442.0,228.12637329101562,illiquid,False,2020-01-01
CUMMINSIND.NS,2015-01-01,2020-01-01,4.999,252,252,0.0,276488870.83483887,490.8266296386719,,True,2020-01-01
DABUR.NS,2015-01-01,2020-01-01,4.999,252,252,0.0,755622674.4382629,427.6330871582031,,True,2020-01-01
DALBHARAT.NS,2018-12-21,2020-01-01,1.029,250,238,0.048,61826452.775756836,783.2513427734375,short_history;illiquid;poor_coverage,False,2020-01-01
DELHIVERY.NS,,,0.0,0,0,1.0,0.0,,no_data,False,2020-01-01
DIVISLAB.NS,2015-01-01,2020-01-01,4.999,252,252,0.0,799438396.4338379,1744.0931396484375,,True,2020-01-01
DIXON.NS,2017-09-18,2020-01-01,2.286,252,252,0.0,17420462.02606201,754.7235107421875,short_history;illiquid,False,2020-01-01
DLF.NS,2015-01-01,2020-01-01,4.999,252,251,0.004,1629471061.4629974,214.7377471923828,,True,2020-01-01
DMART.NS,2017-03-21,2020-01-01,2.782,252,252,0.0,626145041.5687256,1828.5,short_history,False,2020-01-01
DRREDDY.NS,2015-01-01,2020-01-01,4.999,252,252,0.0,1540855219.8480225,550.9940795898438,,True,2020-01-01
EICHERMOT.NS,2015-01-01,2020-01-01,4.999,252,252,0.0,2419631808.5064697,2066.578125,,True,2020-01-01
ETERNAL.NS,,,0.0,0,0,1.0,0.0,,no_data,False,2020-01-01
FEDERALBNK.NS,2015-01-01,2020-01-01,4.999,252,252,0.0,949551804.6520538,84.54459381103516,,True,2020-01-01
FORCEMOT.NS,2019-08-19,2020-01-01,0.37,91,91,0.0,23137127.95654297,1063.2349853515625,short_history;illiquid,False,2020-01-01
FORTIS.NS,2015-01-01,2020-01-01,4.999,252,252,0.0,81698612.90524292,131.97764587402344,illiquid,False,2020-01-01
GAIL.NS,2015-01-01,2020-01-01,4.999,252,252,0.0,1170610629.5060043,59.653724670410156,,True,2020-01-01
GLENMARK.NS,2015-01-01,2020-01-01,4.999,252,252,0.0,393163119.48709106,337.8427734375,,True,2020-01-01
GMRAIRPORT.NS,2015-01-01,2020-01-01,4.999,252,251,0.004,248102686.32347107,18.829404830932617,illiquid;low_price,False,2020-01-01
GODFRYPHLP.NS,2015-01-01,2020-01-01,4.999,252,252,0.0,139163000.54260254,378.04034423828125,illiquid,False,2020-01-01
GODREJCP.NS,2015-01-01,2020-01-01,4.999,252,252,0.0,620332018.085022,654.71630859375,,True,2020-01-01
GODREJPROP.NS,2015-01-01,2020-01-01,4.999,252,252,0.0,222069087.875,985.4367065429688,illiquid,False,2020-01-01
GRASIM.NS,2015-01-01,2020-01-01,4.999,252,252,0.0,1144362436.234375,714.6613159179688,,True,2020-01-01
GVT&D.NS,2015-01-01,2020-01-01,4.999,252,252,0.0,5638685.333099365,147.38803100585938,illiquid,False,2020-01-01
HAL.NS,2018-04-02,2020-01-01,1.749,252,252,0.0,7553423.708099365,306.537841796875,short_history;illiquid,False,2020-01-01
HAVELLS.NS,2015-01-01,2020-01-01,4.999,252,252,0.0,770681473.3587952,620.810546875,,True,2020-01-01
HCLTECH.NS,2015-01-01,2020-01-01,4.999,252,252,0.0,1673696638.3850098,446.1394348144531,,True,2020-01-01
HDFCAMC.NS,2018-08-06,2020-01-01,1.405,252,252,0.0,440059219.6621704,1399.156494140625,short_history,False,2020-01-01
HDFCBANK.NS,2015-01-01,2020-01-01,4.999,252,252,0.0,6657793763.672791,595.6771240234375,,True,2020-01-01
HDFCLIFE.NS,2017-11-17,2020-01-01,2.122,252,252,0.0,1072543767.651062,609.9078979492188,short_history,False,2020-01-01
HEROMOTOCO.NS,2015-01-01,2020-01-01,4.999,252,252,0.0,1868721664.8535156,1906.6552734375,,True,2020-01-01
HINDALCO.NS,2015-01-01,2020-01-01,4.999,252,252,0.0,1290286681.7929688,204.69232177734375,,True,2020-01-01
HINDPETRO.NS,2015-01-01,2020-01-01,4.999,252,252,0.0,1351305353.3831177,128.51565551757812,,True,2020-01-01
HINDUNILVR.NS,2015-01-01,2020-01-01,4.999,252,252,0.0,2378334105.5,1732.3111572265625,,True,2020-01-01
HINDZINC.NS,2015-01-01,2020-01-01,4.999,252,252,0.0,141058223.08026886,113.96968841552734,illiquid,False,2020-01-01
ICICIBANK.NS,2015-01-01,2020-01-01,4.999,252,252,0.0,6922036665.0979,514.7979125976562,,True,2020-01-01
ICICIGI.NS,2017-09-27,2020-01-01,2.261,252,252,0.0,456147067.0421753,1328.75390625,short_history,False,2020-01-01
ICICIPRULI.NS,2016-09-29,2020-01-01,3.255,252,252,0.0,697358820.0453033,475.5514221191406,,True,2020-01-01
IDEA.NS,2015-01-01,2020-01-01,4.999,252,252,0.0,794315144.6142304,6.099999904632568,low_price,False,2020-01-01
IDFCFIRSTB.NS,2015-11-06,2020-01-01,4.153,252,252,0.0,586904672.4055882,45.516868591308594,,True,2020-01-01
IEX.NS,2017-10-23,2020-01-01,2.19,252,252,0.0,14458262.43873024,42.67585372924805,short_history;illiquid,False,2020-01-01
INDHOTEL.NS,2015-01-01,2020-01-01,4.999,252,252,0.0,128485892.7835846,136.489990234375,illiquid,False,2020-01-01
INDIANB.NS,2015-01-01,2020-01-01,4.999,252,252,0.0,292760902.02641296,86.77278137207031,,True,2020-01-01
INDIGO.NS,2015-11-10,2020-01-01,4.142,252,252,0.0,1662774222.5,1330.751220703125,,True,2020-01-01
INDUSINDBK.NS,2015-01-01,2020-01-01,4.999,252,252,0.0,4772909248.41156,1431.0765380859375,,True,2020-01-01
INDUSTOWER.NS,2015-01-01,2020-01-01,4.999,252,252,0.0,777309309.7763367,207.80221557617188,,True,2020-01-01
INFY.NS,2015-01-01,2020-01-01,4.999,252,252,0.0,5282738767.13324,619.7402954101562,,True,2020-01-01
INOXWIND.NS,2015-04-09,2020-01-01,4.731,252,252,0.0,4454428.949859619,8.75,illiquid;low_price,False,2020-01-01
IOC.NS,2015-01-01,2020-01-01,4.999,252,252,0.0,1467984421.2703247,52.67826843261719,,True,2020-01-01
IREDA.NS,,,0.0,0,0,1.0,0.0,,no_data,False,2020-01-01
IRFC.NS,,,0.0,0,0,1.0,0.0,,no_data,False,2020-01-01
ITC.NS,2015-01-01,2020-01-01,4.999,252,252,0.0,2816856573.0150757,168.796630859375,,True,2020-01-01
JINDALSTEL.NS,2015-01-01,2020-01-01,4.999,252,252,0.0,1876037171.7402039,163.78781127929688,,True,2020-01-01
JIOFIN.NS,,,0.0,0,0,1.0,0.0,,no_data,False,2020-01-01
JSWENERGY.NS,2015-01-01,2020-01-01,4.999,252,252,0.0,37815094.26705551,65.2804183959961,illiquid,False,2020-01-01
JSWSTEEL.NS,2015-01-01,2020-01-01,4.999,252,252,0.0,1744221924.38797,249.69659423828125,,True,2020-01-01
JUBLFOOD.NS,2015-01-01,2020-01-01,4.999,252,252,0.0,1473890987.6743317,327.20892333984375,,True,2020-01-01
KALYANKJIL.NS,,,0.0,0,0,1.0,0.0,,no_data,False,2020-01-01
KAYNES.NS,,,0.0,0,0,1.0,0.0,,no_data,False,2020-01-01
KEI.NS,2015-01-01,2020-01-01,4.999,252,252,0.0,47106973.81704712,467.21807861328125,illiquid,False,2020-01-01
KFINTECH.NS,,,0.0,0,0,1.0,0.0,,no_data,False,2020-01-01
KOTAKBANK.NS,2015-01-01,2020-01-01,4.999,252,252,0.0,3344055768.111801,332.8424072265625,,True,2020-01-01
KPITTECH.NS,2019-04-22,2020-01-01,0.695,171,171,0.0,23032294.257156372,87.02888488769531,short_history;illiquid,False,2020-01-01
LAURUSLABS.NS,2016-12-19,2020-01-01,3.034,252,252,0.0,10750199.682769775,71.68305969238281,illiquid,False,2020-01-01
LICHSGFIN.NS,2015-01-01,2020-01-01,4.999,252,252,0.0,893239273.5254517,376.3714904785156,,True,2020-01-01
LICI.NS,,,0.0,0,0,1.0,0.0,,no_data,False,2020-01-01
LODHA.NS,,,0.0,0,0,1.0,0.0,,no_data,False,2020-01-01
LT.NS,2015-01-01,2020-01-01,4.999,252,252,0.0,3650714069.546997,1180.674560546875,,True,2020-01-01
LTF.NS,2015-01-01,2020-01-01,4.999,252,252,0.0,829311061.8120117,101.4803466796875,,True,2020-01-01
LTM.NS,2016-07-21,2020-01-01,3.447,252,252,0.0,188881276.75524902,1636.4317626953125,illiquid,False,2020-01-01
LUPIN.NS,2015-01-01,2020-01-01,4.999,252,252,0.0,1007893138.37677,740.6406860351562,,True,2020-01-01
M&M.NS,2015-01-01,2020-01-01,4.999,252,252,0.0,1844878806.6866455,504.4306335449219,,True,2020-01-01
MANAPPURAM.NS,2015-01-01,2020-01-01,4.999,252,252,0.0,447355359.5802078,157.22096252441406,,True,2020-01-01
MANKIND.NS,,,0.0,0,0,1.0,0.0,,no_data,False,2020-01-01
MARICO.NS,2015-01-01,2020-01-01,4.999,252,252,0.0,548503966.8330078,313.5545349121094,,True,2020-01-01
MARUTI.NS,2015-01-01,2020-01-01,4.999,252,252,0.0,5753697984.760742,6876.2763671875,,True,2020-01-01
MAXHEALTH.NS,,,0.0,0,0,1.0,0.0,,no_data,False,2020-01-01
MAZDOCK.NS,,,0.0,0,0,1.0,0.0,,no_data,False,2020-01-01
MCX.NS,2015-01-01,2020-01-01,4.999,252,252,0.0,281330874.2404175,221.0686492919922,,True,2020-01-01
MFSL.NS,2015-01-01,2020-01-01,4.999,252,252,0.0,255748544.22802734,542.2000122070312,,True,2020-01-01
MOTHERSON.NS,2015-01-01,2020-01-01,4.999,252,252,0.0,924446647.0981026,37.25377655029297,,True,2020-01-01
MOTILALOFS.NS,2015-01-01,2020-01-01,4.999,252,252,0.0,42990057.221069336,790.7600708007812,illiquid,False,2020-01-01
MPHASIS.NS,2015-01-01,2020-01-01,4.999,252,252,0.0,160902290.6934204,773.6576538085938,illiquid,False,2020-01-01
MUTHOOTFIN.NS,2015-01-01,2020-01-01,4.999,252,252,0.0,508236406.92871094,678.9360961914062,,True,2020-01-01
NAM-INDIA.NS,2017-11-06,2020-01-01,2.152,252,252,0.0,185185817.7509842,292.5331115722656,short_history;illiquid,False,2020-01-01
NATIONALUM.NS,2015-01-01,2020-01-01,4.999,252,252,0.0,314209280.75,30.91689109802246,,True,2020-01-01
NAUKRI.NS,2015-01-01,2020-01-01,4.999,252,252,0.0,418881993.5108185,500.5685729980469,,True,2020-01-01
NBCC.NS,2015-01-01,2020-01-01,4.999,252,252,0.0,503510359.0963192,21.79588508605957,,True,2020-01-01
NESTLEIND.NS,2015-01-01,2020-01-01,4.999,252,252,0.0,812765659.0802002,687.2769775390625,,True,2020-01-01
NHPC.NS,2015-01-01,2020-01-01,4.999,252,252,0.0,54172125.87146187,17.814741134643555,illiquid;low_price,False,2020-01-01
NMDC.NS,2015-01-01,2020-01-01,4.999,252,252,0.0,426022060.22138023,21.096189498901367,,True,2020-01-01
NTPC.NS,2015-01-01,2020-01-01,4.999,252,252,0.0,1230164339.8363495,94.73125457763672,,True,2020-01-01
NYKAA.NS,,,0.0,0,0,1.0,0.0,,no_data,False,2020-01-01
OBEROIRLTY.NS,2015-01-01,2020-01-01,4.999,252,252,0.0,172073513.4642334,510.7564697265625,illiquid,False,2020-01-01
OFSS.NS,2015-01-01,2020-01-01,4.999,252,252,0.0,76534543.77807617,1923.42822265625,illiquid,False,2020-01-01
OIL.NS,2015-01-01,2020-01-01,4.999,252,252,0.0,166695359.82447052,71.30401611328125,illiquid,False,2020-01-01
ONGC.NS,2015-01-01,2020-01-01,4.999,252,252,0.0,1309933500.2059746,85.37139129638672,,True,2020-01-01
PAGEIND.NS,2015-01-01,2020-01-01,4.999,252,252,0.0,609496451.2001953,21846.390625,,True,2020-01-01
PATANJALI.NS,2015-01-01,2020-01-01,4.999,252,218,0.1349,6370412.568470001,108.22953033447266,illiquid;poor_coverage,False,2020-01-01
PAYTM.NS,,,0.0,0,0,1.0,0.0,,no_data,False,2020-01-01
PERSISTENT.NS,2015-01-01,2020-01-01,4.999,252,252,0.0,66487689.9352417,330.7706298828125,illiquid,False,2020-01-01
PETRONET.NS,2015-01-01,2020-01-01,4.999,252,252,0.0,540816931.3630676,200.8962860107422,,True,2020-01-01
PFC.NS,2015-01-01,2020-01-01,4.999,252,252,0.0,709428709.4958191,59.28287124633789,,True,2020-01-01
PGEL.NS,2015-01-01,2020-01-01,4.999,252,252,0.0,4488852.251608372,5.650666236877441,illiquid;low_price,False,2020-01-01
PHOENIXLTD.NS,2015-01-01,2020-01-01,4.999,252,252,0.0,31226077.094573975,418.27923583984375,illiquid,False,2020-01-01
PIDILITIND.NS,2015-01-01,2020-01-01,4.999,252,252,0.0,635158082.5812988,678.06982421875,,True,2020-01-01
PIIND.NS,2015-01-01,2020-01-01,4.999,252,252,0.0,119848700.31759644,1418.9044189453125,illiquid,False,2020-01-01
PNB.NS,2015-01-01,2020-01-01,4.999,252,252,0.0,1707080949.4852371,58.33578109741211,,True,2020-01-01
PNBHOUSING.NS,2016-11-07,2020-01-01,3.149,252,252,0.0,187513315.65499878,363.89959716796875,illiquid,False,2020-01-01
POLICYBZR.NS,,,0.0,0,0,1.0,0.0,,no_data,False,2020-01-01
POLYCAB.NS,2019-04-16,2020-01-01,0.712,173,172,0.0058,97339679.88989258,955.4420776367188,short_history;illiquid,False,2020-01-01
POWERGRID.NS,2015-01-01,2020-01-01,4.999,252,252,0.0,1042991388.9868698,76.6842269897461,,True,2020-01-01
POWERINDIA.NS,,,0.0,0,0,1.0,0.0,,no_data,False,2020-01-01
PRESTIGE.NS,2015-01-01,2020-01-01,4.999,252,252,0.0,61651708.5,326.22393798828125,illiquid,False,2020-01-01
RADICO.NS,2015-01-01,2020-01-01,4.999,252,252,0.0,119501344.43318176,315.09649658203125,illiquid,False,2020-01-01
RBLBANK.NS,2016-08-31,2020-01-01,3.335,252,252,0.0,1673915681.9952393,338.2102966308594,,True,2020-01-01
RECLTD.NS,2015-01-01,2020-01-01,4.999,252,252,0.0,792095929.7132912,63.45186996459961,,True,2020-01-01
RELIANCE.NS,2015-01-01,2020-01-01,4.999,252,252,0.0,10653286523.515991,672.2161254882812,,True,2020-01-01
RVNL.NS,2019-04-11,2020-01-01,0.726,176,176,0.0,95008260.02995491,18.978431701660156,short_history;illiquid;low_price,False,2020-01-01
SAIL.NS,2015-01-01,2020-01-01,4.999,252,252,0.0,1030844706.4102573,36.41786193847656,,True,2020-01-01
SBICARD.NS,,,0.0,0,0,1.0,0.0,,no_data,False,2020-01-01
SBILIFE.NS,2017-10-03,2020-01-01,2.245,252,252,0.0,447186299.3145752,964.6342163085938,short_history,False,2020-01-01
SBIN.NS,2015-01-01,2020-01-01,4.999,252,252,0.0,7114639611.6115265,303.13848876953125,,True,2020-01-01
SHREECEM.NS,2015-01-01,2020-01-01,4.999,252,252,0.0,420090603.3408203,19766.771484375,,True,2020-01-01
SHRIRAMFIN.NS,2015-01-01,2020-01-01,4.999,252,252,0.0,1209992428.919426,200.68165588378906,,True,2020-01-01
SIEMENS.NS,2015-01-01,2020-01-01,4.999,252,252,0.0,521389687.73358154,841.778076171875,,True,2020-01-01
SOLARINDS.NS,2015-01-01,2020-01-01,4.999,252,252,0.0,5787624.659851074,1053.700927734375,illiquid,False,2020-01-01
SONACOMS.NS,,,0.0,0,0,1.0,0.0,,no_data,False,2020-01-01
SRF.NS,2015-01-01,2020-01-01,4.999,252,252,0.0,755409363.8587952,671.682373046875,,True,2020-01-01
SUNPHARMA.NS,2015-01-01,2020-01-01,4.999,252,252,0.0,2328603376.576233,405.01251220703125,,True,2020-01-01
SUPREMEIND.NS,2015-01-01,2020-01-01,4.999,252,252,0.0,39439368.93066406,1068.728271484375,illiquid,False,2020-01-01
SUZLON.NS,2015-01-01,2020-01-01,4.999,252,252,0.0,74693737.00352764,1.7446060180664062,illiquid;low_price,False,2020-01-01
TATACONSUM.NS,2015-01-01,2020-01-01,4.999,252,252,0.0,502822804.75328827,306.7143249511719,,True,2020-01-01
TATAELXSI.NS,2015-01-01,2020-01-01,4.999,252,252,0.0,485805773.4787903,762.4163818359375,,True,2020-01-01
TATAPOWER.NS,2015-01-01,2020-01-01,4.999,252,252,0.0,406563609.607111,53.27758026123047,,True,2020-01-01
TATASTEEL.NS,2015-01-01,2020-01-01,4.999,252,252,0.0,4311243712.393284,38.45708465576172,,True,2020-01-01
TCS.NS,2015-01-01,2020-01-01,4.999,252,252,0.0,5413912106.058594,1831.1097412109375,,True,2020-01-01
TECHM.NS,2015-01-01,2020-01-01,4.999,252,252,0.0,1830900472.5091858,587.353759765625,,True,2020-01-01
TIINDIA.NS,2017-11-02,2020-01-01,2.163,252,252,0.0,14947943.798706055,482.353271484375,short_history;illiquid,False,2020-01-01
TITAN.NS,2015-01-01,2020-01-01,4.999,252,252,0.0,2066377536.875,1129.000244140625,,True,2020-01-01
TMPV.NS,2015-01-01,2020-01-01,4.999,252,252,0.0,4216094870.858612,179.69705200195312,,True,2020-01-01
TORNTPHARM.NS,2015-01-01,2020-01-01,4.999,252,252,0.0,361555722.9359131,843.2841796875,,True,2020-01-01
TRENT.NS,2015-01-01,2020-01-01,4.999,252,252,0.0,51770173.046447754,526.402587890625,illiquid,False,2020-01-01
TVSMOTOR.NS,2015-01-01,2020-01-01,4.999,252,252,0.0,667870706.5383911,451.71905517578125,,True,2020-01-01
ULTRACEMCO.NS,2015-01-01,2020-01-01,4.999,252,252,0.0,1693718232.1958008,3863.89697265625,,True,2020-01-01
UNIONBANK.NS,2015-01-01,2020-01-01,4.999,252,252,0.0,663174312.6255531,45.761131286621094,,True,2020-01-01
UNITDSPR.NS,2015-01-01,2020-01-01,4.999,252,252,0.0,755340361.5715027,580.0045166015625,,True,2020-01-01
UNOMINDA.NS,2015-01-01,2020-01-01,4.999,252,252,0.0,37003696.437690735,175.5745391845703,illiquid,False,2020-01-01
UPL.NS,2015-01-01,2020-01-01,4.999,252,252,0.0,1509279905.458969,547.081787109375,,True,2020-01-01
VBL.NS,2016-11-08,2020-01-01,3.146,252,252,0.0,81627314.00061417,60.97697067260742,illiquid,False,2020-01-01
VEDL.NS,2015-01-01,2020-01-01,4.999,252,252,0.0,1687252589.8485107,65.05530548095703,,True,2020-01-01
VOLTAS.NS,2015-01-01,2020-01-01,4.999,252,252,0.0,694279540.7116089,630.958740234375,,True,2020-01-01
WIPRO.NS,2015-01-01,2020-01-01,4.999,252,252,0.0,1111367820.3758621,112.42520141601562,,True,2020-01-01
YESBANK.NS,2015-01-01,2020-01-01,4.999,252,252,0.0,11192816147.786623,46.650001525878906,,True,2020-01-01
ZYDUSLIFE.NS,2015-01-01,2020-01-01,4.999,252,252,0.0,325931426.49845886,241.99916076660156,,True,2020-01-01
360ONE.NS,2019-09-19,2020-07-01,0.783,192,192,0.0,10733290.919555664,206.07363891601562,short_history;illiquid,False,2020-07-01
ABB.NS,2015-01-01,2020-07-01,5.498,252,252,0.0,74848657.6105957,914.08642578125,illiquid,False,2020-07-01
ABCAPITAL.NS,2017-09-01,2020-07-01,2.831,252,252,0.0,130730974.3073883,64.30000305175781,short_history;illiquid,False,2020-07-01
ADANIENSOL.NS,2015-07-31,2020-07-01,4.92,252,252,0.0,44176272.96498108,264.0,illiquid,False,2020-07-01
ADANIENT.NS,2015-01-01,2020-07-01,5.498,252,252,0.0,623285228.1215668,157.1977081298828,,True,2020-07-01
ADANIGREEN.NS,2018-06-18,2020-07-01,2.037,252,252,0.0,117280079.54290771,340.95001220703125,short_history;illiquid,False,2020-07-01
ADANIPORTS.NS,2015-01-01,2020-07-01,5.498,252,252,0.0,1046200577.1496582,332.33203125,,True,2020-07-01
ADANIPOWER.NS,2015-01-01,2020-07-01,5.498,252,252,0.0,467423675.0286603,7.179999828338623,low_price,False,2020-07-01
ALKEM.NS,2015-12-23,2020-07-01,4.523,252,252,0.0,142519578.40979004,2209.966796875,illiquid,False,2020-07-01
AMBER.NS,2018-01-30,2020-07-01,2.418,252,252,0.0,46606797.701416016,1442.199951171875,short_history;illiquid,False,2020-07-01
AMBUJACEM.NS,2015-01-01,2020-07-01,5.498,252,252,0.0,649372841.3700409,172.43992614746094,,True,2020-07-01
ANGELONE.NS,,,0.0,0,0,1.0,0.0,,no_data,False,2020-07-01
APLAPOLLO.NS,2015-01-01,2020-07-01,5.498,252,252,0.0,42080935.77018738,159.80294799804688,illiquid,False,2020-07-01
APOLLOHOSP.NS,2015-01-01,2020-07-01,5.498,252,252,0.0,1019013426.7706909,1298.9847412109375,,True,2020-07-01
ASHOKLEY.NS,2015-01-01,2020-07-01,5.498,252,252,0.0,1788146217.6553268,21.663490295410156,,True,2020-07-01
ASIANPAINT.NS,2015-01-01,2020-07-01,5.498,252,252,0.0,2473193984.5317993,1597.951416015625,,True,2020-07-01
ASTRAL.NS,2015-01-01,2020-07-01,5.498,252,252,0.0,81143148.63153076,531.1464233398438,illiquid,False,2020-07-01
AUBANK.NS,2017-07-11,2020-07-01,2.973,252,252,0.0,246500685.41516113,277.5908508300781,short_history;illiquid,False,2020-07-01
AUROPHARMA.NS,2015-01-01,2020-07-01,5.498,252,252,0.0,1894655928.5236511,749.66455078125,,True,2020-07-01
AXISBANK.NS,2015-01-01,2020-07-01,5.498,252,252,0.0,7423214746.904297,431.1160583496094,,True,2020-07-01
BAJAJ-AUTO.NS,2015-01-01,2020-07-01,5.498,252,252,0.0,1411900491.0074463,2450.827880859375,,True,2020-07-01
BAJAJFINSV.NS,2015-01-01,2020-07-01,5.498,252,252,0.0,2830094230.20813,615.0253295898438,,True,2020-07-01
BAJAJHLDNG.NS,2015-01-01,2020-07-01,5.498,252,252,0.0,85080441.73742676,2336.853759765625,illiquid,False,2020-07-01
BAJFINANCE.NS,2015-01-01,2020-07-01,5.498,252,252,0.0,7528694675.79071,287.58538818359375,,True,2020-07-01
BANDHANBNK.NS,2018-03-27,2020-07-01,2.264,252,252,0.0,1143315303.7724762,314.5397033691406,short_history,False,2020-07-01
BANKBARODA.NS,2015-01-01,2020-07-01,5.498,252,252,0.0,2105610686.7719193,44.1392707824707,,True,2020-07-01
BANKINDIA.NS,2015-01-01,2020-07-01,5.498,252,252,0.0,242107626.5404892,42.68843460083008,illiquid,False,2020-07-01
BDL.NS,2018-03-23,2020-07-01,2.275,252,252,0.0,13948241.296875,148.3311309814453,short_history;illiquid,False,2020-07-01
BEL.NS,2015-01-01,2020-07-01,5.498,252,252,0.0,949568339.0218906,26.713272094726562,,True,2020-07-01
BHARATFORG.NS,2015-01-01,2020-07-01,5.498,252,252,0.0,633021036.28656,324.5771484375,,True,2020-07-01
BHARTIARTL.NS,2015-01-01,2020-07-01,5.498,252,252,0.0,5758940000.124344,528.8009643554688,,True,2020-07-01
BHEL.NS,2015-01-01,2020-07-01,5.498,252,252,0.0,700709118.4278889,35.45888900756836,,True,2020-07-01
BIOCON.NS,2015-01-01,2020-07-01,5.498,252,252,0.0,1027446082.4122772,384.0750732421875,,True,2020-07-01
BLUESTARCO.NS,2015-01-01,2020-07-01,5.498,252,252,0.0,32907119.75540161,239.59864807128906,illiquid,False,2020-07-01
BOSCHLTD.NS,2015-01-01,2020-07-01,5.498,252,252,0.0,261705960.6665039,10356.3486328125,,True,2020-07-01
BPCL.NS,2015-01-01,2020-07-01,5.498,252,252,0.0,2582238007.7314606,128.5713348388672,,True,2020-07-01
BRITANNIA.NS,2015-01-01,2020-07-01,5.498,252,252,0.0,1458513159.484375,3150.579345703125,,True,2020-07-01
BSE.NS,2017-02-03,2020-07-01,3.406,252,252,0.0,53349240.94017792,47.49097442626953,illiquid,False,2020-07-01
CAMS.NS,,,0.0,0,0,1.0,0.0,,no_data,False,2020-07-01
CANBK.NS,2015-01-01,2020-07-01,5.498,252,252,0.0,1434561731.4930344,17.858354568481445,low_price,False,2020-07-01
CDSL.NS,2017-06-30,2020-07-01,3.003,252,252,0.0,71215825.13339233,129.01266479492188,illiquid,False,2020-07-01
CGPOWER.NS,2015-01-01,2020-07-01,5.498,252,252,0.0,7673995.755026579,8.84119701385498,illiquid;low_price,False,2020-07-01
CHOLAFIN.NS,2015-01-01,2020-07-01,5.498,252,252,0.0,520457643.7292023,194.34153747558594,,True,2020-07-01
CIPLA.NS,2015-01-01,2020-07-01,5.498,252,252,0.0,1319949087.3895874,598.408447265625,,True,2020-07-01
COALINDIA.NS,2015-01-01,2020-07-01,5.498,252,252,0.0,1445826912.2610168,79.32752990722656,,True,2020-07-01
COCHINSHIP.NS,2017-08-11,2020-07-01,2.888,252,252,0.0,37856467.55983734,124.26663970947266,short_history;illiquid,False,2020-07-01
COFORGE.NS,2015-01-01,2020-07-01,5.498,252,252,0.0,563212252.9485321,258.8337097167969,,True,2020-07-01
COLPAL.NS,2015-01-01,2020-07-01,5.498,252,252,0.0,784296063.581543,1195.9447021484375,,True,2020-07-01
CONCOR.NS,2015-01-01,2020-07-01,5.498,252,252,0.0,591204066.6726685,381.41741943359375,,True,2020-07-01
CROMPTON.NS,2016-05-13,2020-07-01,4.134,252,252,0.0,177197049.86340332,224.64569091796875,illiquid,False,2020-07-01
CUMMINSIND.NS,2015-01-01,2020-07-01,5.498,252,252,0.0,307582527.7315979,357.49383544921875,,True,2020-07-01
DABUR.NS,2015-01-01,2020-07-01,5.498,252,252,0.0,955043881.5499115,433.9573974609375,,True,2020-07-01
DALBHARAT.NS,2018-12-21,2020-07-01,1.528,252,252,0.0,82836365.8515625,680.0559692382812,short_history;illiquid,False,2020-07-01
DELHIVERY.NS,,,0.0,0,0,1.0,0.0,,no_data,False,2020-07-01
DIVISLAB.NS,2015-01-01,2020-07-01,5.498,252,252,0.0,1007369932.6202393,2165.1669921875,,True,2020-07-01
DIXON.NS,2017-09-18,2020-07-01,2.784,252,252,0.0,128206849.8652649,1172.2352294921875,short_history;illiquid,False,2020-07-01
DLF.NS,2015-01-01,2020-07-01,5.498,252,251,0.004,1641002477.1694336,142.52149963378906,,True,2020-07-01
DMART.NS,2017-03-21,2020-07-01,3.28,252,252,0.0,793526223.5,2289.35009765625,,True,2020-07-01
DRREDDY.NS,2015-01-01,2020-07-01,5.498,252,252,0.0,2037111983.732605,748.4843139648438,,True,2020-07-01
EICHERMOT.NS,2015-01-01,2020-07-01,5.498,252,252,0.0,2947324380.2911377,1736.26220703125,,True,2020-07-01
ETERNAL.NS,,,0.0,0,0,1.0,0.0,,no_data,False,2020-07-01
FEDERALBNK.NS,2015-01-01,2020-07-01,5.498,252,252,0.0,964758152.8555565,50.67912673950195,,True,2020-07-01
FORCEMOT.NS,2019-08-19,2020-07-01,0.868,213,213,0.0,30166280.37841797,916.2412109375,short_history;illiquid,False,2020-07-01
FORTIS.NS,2015-01-01,2020-07-01,5.498,252,252,0.0,126141130.33433533,121.7033462524414,illiquid,False,2020-07-01
GAIL.NS,2015-01-01,2020-07-01,5.498,252,252,0.0,1230347797.6403847,53.463253021240234,,True,2020-07-01
GLENMARK.NS,2015-01-01,2020-07-01,5.498,252,252,0.0,645266180.4213867,425.3085632324219,,True,2020-07-01
GMRAIRPORT.NS,2015-01-01,2020-07-01,5.498,252,251,0.004,246726194.815876,18.514080047607422,illiquid;low_price,False,2020-07-01
GODFRYPHLP.NS,2015-01-01,2020-07-01,5.498,252,252,0.0,87769413.25616455,293.6968078613281,illiquid,False,2020-07-01
GODREJCP.NS,2015-01-01,2020-07-01,5.498,252,252,0.0,761913457.4578552,660.047607421875,,True,2020-07-01
GODREJPROP.NS,2015-01-01,2020-07-01,5.498,252,252,0.0,244135881.86709595,852.330078125,illiquid,False,2020-07-01
GRASIM.NS,2015-01-01,2020-07-01,5.498,252,252,0.0,1334391270.3586426,591.316162109375,,True,2020-07-01
GVT&D.NS,2015-01-01,2020-07-01,5.498,252,252,0.0,4132228.6421203613,72.89840698242188,illiquid,False,2020-07-01
HAL.NS,2018-04-02,2020-07-01,2.248,252,252,0.0,11886480.189208984,340.6424865722656,short_history;illiquid,False,2020-07-01
HAVELLS.NS,2015-01-01,2020-07-01,5.498,252,252,0.0,894854485.2219543,552.7095947265625,,True,2020-07-01
HCLTECH.NS,2015-01-01,2020-07-01,5.498,252,252,0.0,2011015360.5217438,431.8247375488281,,True,2020-07-01
HDFCAMC.NS,2018-08-06,2020-07-01,1.903,252,252,0.0,1025342089.0761719,1090.3636474609375,short_history,False,2020-07-01
HDFCBANK.NS,2015-01-01,2020-07-01,5.498,252,252,0.0,9409814953.172852,505.2960510253906,,True,2020-07-01
HDFCLIFE.NS,2017-11-17,2020-07-01,2.62,252,252,0.0,1690254654.3566284,539.4414672851562,short_history,False,2020-07-01
HEROMOTOCO.NS,2015-01-01,2020-07-01,5.498,252,252,0.0,2364811926.5703125,2053.35302734375,,True,2020-07-01
HINDALCO.NS,2015-01-01,2020-07-01,5.498,252,252,0.0,1483633028.0359726,140.9349365234375,,True,2020-07-01
HINDPETRO.NS,2015-01-01,2020-07-01,5.498,252,252,0.0,1191107181.7932281,107.62884521484375,,True,2020-07-01
HINDUNILVR.NS,2015-01-01,2020-07-01,5.498,252,252,0.0,3396584220.210449,1954.7481689453125,,True,2020-07-01
HINDZINC.NS,2015-01-01,2020-07-01,5.498,252,252,0.0,121085963.8958664,117.87308502197266,illiquid,False,2020-07-01
ICICIBANK.NS,2015-01-01,2020-07-01,5.498,252,252,0.0,9995588188.637558,349.1610107421875,,True,2020-07-01
ICICIGI.NS,2017-09-27,2020-07-01,2.76,252,252,0.0,600019518.625,1214.767333984375,short_history,False,2020-07-01
ICICIPRULI.NS,2016-09-29,2020-07-01,3.754,252,252,0.0,985246247.8649597,414.93951416015625,,True,2020-07-01
IDEA.NS,2015-01-01,2020-07-01,5.498,252,252,0.0,1046981025.4104292,10.149999618530273,low_price,False,2020-07-01
IDFCFIRSTB.NS,2015-11-06,2020-07-01,4.652,252,252,0.0,639670724.161377,26.18710708618164,,True,2020-07-01
IEX.NS,2017-10-23,2020-07-01,2.689,252,252,0.0,43581445.07219124,54.6171875,short_history;illiquid,False,2020-07-01
INDHOTEL.NS,2015-01-01,2020-07-01,5.498,252,252,0.0,141755962.716156,74.96538543701172,illiquid,False,2020-07-01
INDIANB.NS,2015-01-01,2020-07-01,5.498,252,252,0.0,127790118.01230621,56.29314422607422,illiquid,False,2020-07-01
INDIGO.NS,2015-11-10,2020-07-01,4.641,252,252,0.0,1979664740.4516602,993.9703369140625,,True,2020-07-01
INDUSINDBK.NS,2015-01-01,2020-07-01,5.498,252,252,0.0,7638950280.573853,474.7919616699219,,True,2020-07-01
INDUSTOWER.NS,2015-01-01,2020-07-01,5.498,252,252,0.0,1187342331.7111816,183.0186309814453,,True,2020-07-01
INFY.NS,2015-01-01,2020-07-01,5.498,252,252,0.0,5735725728.5,623.9564819335938,,True,2020-07-01
INOXWIND.NS,2015-04-09,2020-07-01,5.229,252,252,0.0,5084076.336940765,10.012499809265137,illiquid;low_price,False,2020-07-01
IOC.NS,2015-01-01,2020-07-01,5.498,252,252,0.0,1392233068.7949257,37.58603286743164,,True,2020-07-01
IREDA.NS,,,0.0,0,0,1.0,0.0,,no_data,False,2020-07-01
IRFC.NS,,,0.0,0,0,1.0,0.0,,no_data,False,2020-07-01
ITC.NS,2015-01-01,2020-07-01,5.498,252,252,0.0,3425609391.406746,143.8422393798828,,True,2020-07-01
JINDALSTEL.NS,2015-01-01,2020-07-01,5.498,252,252,0.0,2484082663.8691254,151.3363800048828,,True,2020-07-01
JIOFIN.NS,,,0.0,0,0,1.0,0.0,,no_data,False,2020-07-01
JSWENERGY.NS,2015-01-01,2020-07-01,5.498,252,252,0.0,45185954.56547928,46.18317413330078,illiquid,False,2020-07-01
JSWSTEEL.NS,2015-01-01,2020-07-01,5.498,252,252,0.0,1789997877.61512,178.30812072753906,,True,2020-07-01
JUBLFOOD.NS,2015-01-01,2020-07-01,5.498,252,252,0.0,1415844814.382782,335.07635498046875,,True,2020-07-01
KALYANKJIL.NS,,,0.0,0,0,1.0,0.0,,no_data,False,2020-07-01
KAYNES.NS,,,0.0,0,0,1.0,0.0,,no_data,False,2020-07-01
KEI.NS,2015-01-01,2020-07-01,5.498,252,252,0.0,62486602.62942505,339.4680480957031,illiquid,False,2020-07-01
KFINTECH.NS,,,0.0,0,0,1.0,0.0,,no_data,False,2020-07-01
KOTAKBANK.NS,2015-01-01,2020-07-01,5.498,252,252,0.0,4513762427.038574,269.75537109375,,True,2020-07-01
KPITTECH.NS,2019-04-22,2020-07-01,1.194,252,252,0.0,17616842.966903687,59.812686920166016,short_history;illiquid,False,2020-07-01
LAURUSLABS.NS,2016-12-19,2020-07-01,3.532,252,252,0.0,31883343.3801651,103.24858093261719,illiquid,False,2020-07-01
LICHSGFIN.NS,2015-01-01,2020-07-01,5.498,252,252,0.0,1252792359.0852966,241.00672912597656,,True,2020-07-01
LICI.NS,,,0.0,0,0,1.0,0.0,,no_data,False,2020-07-01
LODHA.NS,,,0.0,0,0,1.0,0.0,,no_data,False,2020-07-01
LT.NS,2015-01-01,2020-07-01,5.498,252,252,0.0,4141944438.7240906,844.7503662109375,,True,2020-07-01
LTF.NS,2015-01-01,2020-07-01,5.498,252,252,0.0,952809366.0939636,59.093414306640625,,True,2020-07-01
LTM.NS,2016-07-21,2020-07-01,3.945,252,252,0.0,175843700.21295166,1779.0377197265625,illiquid,False,2020-07-01
LUPIN.NS,2015-01-01,2020-07-01,5.498,252,252,0.0,1136967478.9385986,867.6583862304688,,True,2020-07-01
M&M.NS,2015-01-01,2020-07-01,5.498,252,252,0.0,1955127016.8333435,469.037841796875,,True,2020-07-01
MANAPPURAM.NS,2015-01-01,2020-07-01,5.498,252,252,0.0,771488508.3075447,141.40802001953125,,True,2020-07-01
MANKIND.NS,,,0.0,0,0,1.0,0.0,,no_data,False,2020-07-01
MARICO.NS,2015-01-01,2020-07-01,5.498,252,252,0.0,737457971.4721527,322.8746337890625,,True,2020-07-01
MARUTI.NS,2015-01-01,2020-07-01,5.498,252,252,0.0,6930172080.9609375,5457.5166015625,,True,2020-07-01
MAXHEALTH.NS,,,0.0,0,0,1.0,0.0,,no_data,False,2020-07-01
MAZDOCK.NS,,,0.0,0,0,1.0,0.0,,no_data,False,2020-07-01
MCX.NS,2015-01-01,2020-07-01,5.498,252,252,0.0,380867884.3501282,238.84170532226562,,True,2020-07-01
MFSL.NS,2015-01-01,2020-07-01,5.498,252,252,0.0,609046470.8926086,536.7000122070312,,True,2020-07-01
MOTHERSON.NS,2015-01-01,2020-07-01,5.498,252,252,0.0,1083755477.675747,25.521183013916016,,True,2020-07-01
MOTILALOFS.NS,2015-01-01,2020-07-01,5.498,252,252,0.0,48553113.337402344,575.3468017578125,illiquid,False,2020-07-01
MPHASIS.NS,2015-01-01,2020-07-01,5.498,252,252,0.0,141777237.08251953,738.6513061523438,illiquid,False,2020-07-01
MUTHOOTFIN.NS,2015-01-01,2020-07-01,5.498,252,252,0.0,771053630.963501,1003.2883911132812,,True,2020-07-01
NAM-INDIA.NS,2017-11-06,2020-07-01,2.65,252,252,0.0,439790402.55337524,262.7220764160156,short_history,False,2020-07-01
NATIONALUM.NS,2015-01-01,2020-07-01,5.498,252,252,0.0,322405637.92868614,23.491689682006836,,True,2020-07-01
NAUKRI.NS,2015-01-01,2020-07-01,5.498,252,252,0.0,685771876.312027,538.9519653320312,,True,2020-07-01
NBCC.NS,2015-01-01,2020-07-01,5.498,252,252,0.0,451270365.94555855,14.698092460632324,low_price,False,2020-07-01
NESTLEIND.NS,2015-01-01,2020-07-01,5.498,252,252,0.0,1277258678.9886475,784.097412109375,,True,2020-07-01
NHPC.NS,2015-01-01,2020-07-01,5.498,252,252,0.0,58124740.82448387,15.671309471130371,illiquid;low_price,False,2020-07-01
NMDC.NS,2015-01-01,2020-07-01,5.498,252,252,0.0,550125603.4691734,14.23563003540039,low_price,False,2020-07-01
NTPC.NS,2015-01-01,2020-07-01,5.498,252,252,0.0,1383736095.9052582,73.40864562988281,,True,2020-07-01
NYKAA.NS,,,0.0,0,0,1.0,0.0,,no_data,False,2020-07-01
OBEROIRLTY.NS,2015-01-01,2020-07-01,5.498,252,252,0.0,152709747.25579834,352.6315002441406,illiquid,False,2020-07-01
OFSS.NS,2015-01-01,2020-07-01,5.498,252,252,0.0,72899355.84887695,2153.140869140625,illiquid,False,2020-07-01
OIL.NS,2015-01-01,2020-07-01,5.498,252,252,0.0,169226002.35062027,47.500545501708984,illiquid,False,2020-07-01
ONGC.NS,2015-01-01,2020-07-01,5.498,252,252,0.0,1508975499.619976,57.88944625854492,,True,2020-07-01
PAGEIND.NS,2015-01-01,2020-07-01,5.498,252,252,0.0,557773643.5771484,18789.33984375,,True,2020-07-01
PATANJALI.NS,2015-01-01,2020-07-01,5.498,252,201,0.2024,3674596.120285034,420.96435546875,illiquid;poor_coverage,False,2020-07-01
PAYTM.NS,,,0.0,0,0,1.0,0.0,,no_data,False,2020-07-01
PERSISTENT.NS,2015-01-01,2020-07-01,5.498,252,252,0.0,39282025.58126831,304.2074279785156,illiquid,False,2020-07-01
PETRONET.NS,2015-01-01,2020-07-01,5.498,252,252,0.0,649404878.6857605,193.92593383789062,,True,2020-07-01
PFC.NS,2015-01-01,2020-07-01,5.498,252,252,0.0,695662329.5834064,45.86737060546875,,True,2020-07-01
PGEL.NS,2015-01-01,2020-07-01,5.498,252,252,0.0,1986687.4495983124,4.391631603240967,illiquid;low_price,False,2020-07-01
PHOENIXLTD.NS,2015-01-01,2020-07-01,5.498,252,252,0.0,47305919.35858154,282.0912780761719,illiquid,False,2020-07-01
PIDILITIND.NS,2015-01-01,2020-07-01,5.498,252,252,0.0,807036816.3411255,664.29638671875,,True,2020-07-01
PIIND.NS,2015-01-01,2020-07-01,5.498,252,252,0.0,188845108.76550293,1502.7109375,illiquid,False,2020-07-01
PNB.NS,2015-01-01,2020-07-01,5.498,252,252,0.0,1179773345.3414001,32.81951141357422,,True,2020-07-01
PNBHOUSING.NS,2016-11-07,2020-07-01,3.647,252,252,0.0,164194057.82635498,178.16812133789062,illiquid,False,2020-07-01
POLICYBZR.NS,,,0.0,0,0,1.0,0.0,,no_data,False,2020-07-01
POLYCAB.NS,2019-04-16,2020-07-01,1.21,252,251,0.004,140295748.35186768,772.1637573242188,short_history;illiquid,False,2020-07-01
POWERGRID.NS,2015-01-01,2020-07-01,5.498,252,252,0.0,1460462214.695633,70.53913116455078,,True,2020-07-01
POWERINDIA.NS,2020-03-30,2020-07-01,0.255,62,62,0.0,16134524.113464355,837.0130615234375,short_history;illiquid,False,2020-07-01
PRESTIGE.NS,2015-01-01,2020-07-01,5.498,252,252,0.0,84614792.77648163,202.97604370117188,illiquid,False,2020-07-01
RADICO.NS,2015-01-01,2020-07-01,5.498,252,252,0.0,138436182.375,364.6831359863281,illiquid,False,2020-07-01
RBLBANK.NS,2016-08-31,2020-07-01,3.833,252,252,0.0,3693907639.587799,170.56967163085938,,True,2020-07-01
RECLTD.NS,2015-01-01,2020-07-01,5.498,252,252,0.0,702460672.78125,51.55607986450195,,True,2020-07-01
RELIANCE.NS,2015-01-01,2020-07-01,5.498,252,252,0.0,14117771104.919922,781.0775756835938,,True,2020-07-01
RVNL.NS,2019-04-11,2020-07-01,1.224,252,252,0.0,80803051.36043167,15.595320701599121,short_history;illiquid;low_price,False,2020-07-01
SAIL.NS,2015-01-01,2020-07-01,5.498,252,252,0.0,992814137.3933945,25.764150619506836,,True,2020-07-01
SBICARD.NS,2020-03-16,2020-07-01,0.293,72,72,0.0,1559507388.2319946,638.9882202148438,short_history,False,2020-07-01
SBILIFE.NS,2017-10-03,2020-07-01,2.743,252,252,0.0,847404682.7263794,795.5465087890625,short_history,False,2020-07-01
SBIN.NS,2015-01-01,2020-07-01,5.498,252,252,0.0,10907375744.185944,167.4988555908203,,True,2020-07-01
SHREECEM.NS,2015-01-01,2020-07-01,5.498,252,252,0.0,654671890.7226562,22146.3828125,,True,2020-07-01
SHRIRAMFIN.NS,2015-01-01,2020-07-01,5.498,252,252,0.0,1638556397.9344482,123.1984634399414,,True,2020-07-01
SIEMENS.NS,2015-01-01,2020-07-01,5.498,252,252,0.0,592080566.8680115,623.027587890625,,True,2020-07-01
SOLARINDS.NS,2015-01-01,2020-07-01,5.498,252,252,0.0,10447398.0,981.2694091796875,illiquid,False,2020-07-01
SONACOMS.NS,,,0.0,0,0,1.0,0.0,,no_data,False,2020-07-01
SRF.NS,2015-01-01,2020-07-01,5.498,252,252,0.0,858970101.4535522,703.8138427734375,,True,2020-07-01
SUNPHARMA.NS,2015-01-01,2020-07-01,5.498,252,252,0.0,2798485971.786377,439.7316589355469,,True,2020-07-01
SUPREMEIND.NS,2015-01-01,2020-07-01,5.498,252,252,0.0,45319433.218048096,1061.2000732421875,illiquid,False,2020-07-01
SUZLON.NS,2015-01-01,2020-07-01,5.498,252,252,0.0,29871845.638010263,4.866534233093262,illiquid;low_price,False,2020-07-01
TATACONSUM.NS,2015-01-01,2020-07-01,5.498,252,252,0.0,972615076.8182373,366.8018798828125,,True,2020-07-01
TATAELXSI.NS,2015-01-01,2020-07-01,5.498,252,252,0.0,469590627.375,830.8898315429688,,True,2020-07-01
TATAPOWER.NS,2015-01-01,2020-07-01,5.498,252,252,0.0,453286605.7164955,42.640560150146484,,True,2020-07-01
TATASTEEL.NS,2015-01-01,2020-07-01,5.498,252,252,0.0,4890587168.082924,26.613697052001953,,True,2020-07-01
TCS.NS,2015-01-01,2020-07-01,5.498,252,252,0.0,5998926508.3479,1789.4873046875,,True,2020-07-01
TECHM.NS,2015-01-01,2020-07-01,5.498,252,252,0.0,1849165497.7282104,426.4564208984375,,True,2020-07-01
TIINDIA.NS,2017-11-02,2020-07-01,2.661,252,252,0.0,20155445.342941284,443.0880432128906,short_history;illiquid,False,2020-07-01
TITAN.NS,2015-01-01,2020-07-01,5.498,252,252,0.0,2732898845.9068604,927.0560302734375,,True,2020-07-01
TMPV.NS,2015-01-01,2020-07-01,5.498,252,252,0.0,5499103119.093472,98.15386199951172,,True,2020-07-01
TORNTPHARM.NS,2015-01-01,2020-07-01,5.498,252,252,0.0,563371972.6315918,1086.9300537109375,,True,2020-07-01
TRENT.NS,2015-01-01,2020-07-01,5.498,252,252,0.0,113805283.463974,610.5833740234375,illiquid,False,2020-07-01
TVSMOTOR.NS,2015-01-01,2020-07-01,5.498,252,252,0.0,769091659.575943,373.1054992675781,,True,2020-07-01
ULTRACEMCO.NS,2015-01-01,2020-07-01,5.498,252,252,0.0,1996418771.052246,3705.729248046875,,True,2020-07-01
UNIONBANK.NS,2015-01-01,2020-07-01,5.498,252,252,0.0,404411214.72619534,27.26373863220215,,True,2020-07-01
UNITDSPR.NS,2015-01-01,2020-07-01,5.498,252,252,0.0,1021728310.2630005,582.239501953125,,True,2020-07-01
UNOMINDA.NS,2015-01-01,2020-07-01,5.498,252,252,0.0,42930662.5260849,133.17584228515625,illiquid,False,2020-07-01
UPL.NS,2015-01-01,2020-07-01,5.498,252,252,0.0,1821711699.2873535,415.67059326171875,,True,2020-07-01
VBL.NS,2016-11-08,2020-07-01,3.644,252,252,0.0,118126564.36301422,60.24004364013672,illiquid,False,2020-07-01
VEDL.NS,2015-01-01,2020-07-01,5.498,252,252,0.0,1940853021.161522,46.850830078125,,True,2020-07-01
VOLTAS.NS,2015-01-01,2020-07-01,5.498,252,252,0.0,829785450.0615845,523.8995361328125,,True,2020-07-01
WIPRO.NS,2015-01-01,2020-07-01,5.498,252,252,0.0,937292184.875,99.8230209350586,,True,2020-07-01
YESBANK.NS,2015-01-01,2020-07-01,5.498,252,252,0.0,7914294999.230587,26.899999618530273,,True,2020-07-01
ZYDUSLIFE.NS,2015-01-01,2020-07-01,5.498,252,252,0.0,443052117.0871887,336.0130920410156,,True,2020-07-01
360ONE.NS,2019-09-19,2021-01-01,1.287,252,252,0.0,15362353.742553711,219.05941772460938,short_history;illiquid,False,2021-01-01
ABB.NS,2015-01-01,2021-01-01,6.001,252,252,0.0,104165913.04324341,1187.0452880859375,illiquid,False,2021-01-01
ABCAPITAL.NS,2017-09-01,2021-01-01,3.335,252,252,0.0,147697368.7162609,89.0999984741211,illiquid,False,2021-01-01
ADANIENSOL.NS,2015-07-31,2021-01-01,5.424,252,252,0.0,86067370.48040771,434.25,illiquid,False,2021-01-01
ADANIENT.NS,2015-01-01,2021-01-01,6.001,252,252,0.0,816971643.1493988,489.7409362792969,,True,2021-01-01
ADANIGREEN.NS,2018-06-18,2021-01-01,2.541,252,252,0.0,315886165.42211914,1065.949951171875,short_history,False,2021-01-01
ADANIPORTS.NS,2015-01-01,2021-01-01,6.001,252,252,0.0,1341881673.428955,487.0433349609375,,True,2021-01-01
ADANIPOWER.NS,2015-01-01,2021-01-01,6.001,252,252,0.0,275861361.0206175,10.029999732971191,low_price,False,2021-01-01
ALKEM.NS,2015-12-23,2021-01-01,5.027,252,252,0.0,327640162.6234131,2775.174560546875,,True,2021-01-01
AMBER.NS,2018-01-30,2021-01-01,2.921,252,252,0.0,148580969.0859375,2386.300048828125,short_history;illiquid,False,2021-01-01
AMBUJACEM.NS,2015-01-01,2021-01-01,6.001,252,252,0.0,937790353.5,240.5250244140625,,True,2021-01-01
ANGELONE.NS,2020-10-05,2021-01-01,0.241,63,63,0.0,96311107.5,29.81124496459961,short_history;illiquid,False,2021-01-01
APLAPOLLO.NS,2015-01-01,2021-01-01,6.001,252,252,0.0,97969941.68945312,424.0435485839844,illiquid,False,2021-01-01
APOLLOHOSP.NS,2015-01-01,2021-01-01,6.001,252,252,0.0,1581444326.5875244,2380.91162109375,,True,2021-01-01
ASHOKLEY.NS,2015-01-01,2021-01-01,6.001,252,252,0.0,2000135245.2018967,44.54050064086914,,True,2021-01-01
ASIANPAINT.NS,2015-01-01,2021-01-01,6.001,252,252,0.0,3923745010.457947,2633.824951171875,,True,2021-01-01
ASTRAL.NS,2015-01-01,2021-01-01,6.001,252,252,0.0,108402531.50497437,971.7130737304688,illiquid,False,2021-01-01
AUBANK.NS,2017-07-11,2021-01-01,3.477,252,252,0.0,388241689.375,435.0745544433594,,True,2021-01-01
AUROPHARMA.NS,2015-01-01,2021-01-01,6.001,252,252,0.0,2686146839.120117,899.2108154296875,,True,2021-01-01
AXISBANK.NS,2015-01-01,2021-01-01,6.001,252,252,0.0,11802056109.177765,620.7275390625,,True,2021-01-01
BAJAJ-AUTO.NS,2015-01-01,2021-01-01,6.001,252,252,0.0,2035201629.4354248,3002.038818359375,,True,2021-01-01
BAJAJFINSV.NS,2015-01-01,2021-01-01,6.001,252,252,0.0,4084602370.988159,884.2992553710938,,True,2021-01-01
BAJAJHLDNG.NS,2015-01-01,2021-01-01,6.001,252,252,0.0,124689299.1237793,2836.02001953125,illiquid,False,2021-01-01
BAJFINANCE.NS,2015-01-01,2021-01-01,6.001,252,252,0.0,17546242292.094193,514.0640869140625,,True,2021-01-01
BANDHANBNK.NS,2018-03-27,2021-01-01,2.768,252,252,0.0,3142230719.768921,386.30902099609375,short_history,False,2021-01-01
BANKBARODA.NS,2015-01-01,2021-01-01,6.001,252,252,0.0,1571227689.2976894,55.388771057128906,,True,2021-01-01
BANKINDIA.NS,2015-01-01,2021-01-01,6.001,252,252,0.0,102959136.26803589,42.68843460083008,illiquid,False,2021-01-01
BDL.NS,2018-03-23,2021-01-01,2.779,252,252,0.0,61143566.41629028,163.54600524902344,short_history;illiquid,False,2021-01-01
BEL.NS,2015-01-01,2021-01-01,6.001,252,252,0.0,1060078133.6798286,38.57160186767578,,True,2021-01-01
BHARATFORG.NS,2015-01-01,2021-01-01,6.001,252,252,0.0,947431995.9094849,517.7261962890625,,True,2021-01-01
BHARTIARTL.NS,2015-01-01,2021-01-01,6.001,252,252,0.0,7764738854.150162,488.06573486328125,,True,2021-01-01
BHEL.NS,2015-01-01,2021-01-01,6.001,252,252,0.0,1058310767.5574684,38.06544494628906,,True,2021-01-01
BIOCON.NS,2015-01-01,2021-01-01,6.001,252,252,0.0,1800636103.4095764,460.50445556640625,,True,2021-01-01
BLUESTARCO.NS,2015-01-01,2021-01-01,6.001,252,252,0.0,46324561.88113403,388.95599365234375,illiquid,False,2021-01-01
BOSCHLTD.NS,2015-01-01,2021-01-01,6.001,252,252,0.0,500523459.95654297,12009.1328125,,True,2021-01-01
BPCL.NS,2015-01-01,2021-01-01,6.001,252,252,0.0,2838754542.403427,129.1801300048828,,True,2021-01-01
BRITANNIA.NS,2015-01-01,2021-01-01,6.001,252,252,0.0,2039080223.734375,3238.98095703125,,True,2021-01-01
BSE.NS,2017-02-03,2021-01-01,3.91,252,252,0.0,94500947.35814667,65.946044921875,illiquid,False,2021-01-01
CAMS.NS,2020-10-05,2021-01-01,0.241,63,63,0.0,257756160.0,326.71954345703125,short_history,False,2021-01-01
CANBK.NS,2015-01-01,2021-01-01,6.001,252,252,0.0,1170865531.4199018,22.56415557861328,,True,2021-01-01
CDSL.NS,2017-06-30,2021-01-01,3.507,252,252,0.0,274572190.6602478,250.69129943847656,,True,2021-01-01
CGPOWER.NS,2015-01-01,2021-01-01,6.001,252,252,0.0,14016588.0,44.107200622558594,illiquid,False,2021-01-01
CHOLAFIN.NS,2015-01-01,2021-01-01,6.001,252,252,0.0,1499645737.836029,405.7989501953125,,True,2021-01-01
CIPLA.NS,2015-01-01,2021-01-01,6.001,252,252,0.0,3982390838.000885,788.7807006835938,,True,2021-01-01
COALINDIA.NS,2015-01-01,2021-01-01,6.001,252,252,0.0,1592092554.6342468,85.19888305664062,,True,2021-01-01
COCHINSHIP.NS,2017-08-11,2021-01-01,3.392,252,252,0.0,85218549.05801392,162.81982421875,illiquid,False,2021-01-01
COFORGE.NS,2015-01-01,2021-01-01,6.001,252,252,0.0,879821970.91362,508.7620544433594,,True,2021-01-01
COLPAL.NS,2015-01-01,2021-01-01,6.001,252,252,0.0,925927472.9918823,1389.330322265625,,True,2021-01-01
CONCOR.NS,2015-01-01,2021-01-01,6.001,252,252,0.0,661314713.4654236,376.9579772949219,,True,2021-01-01
CROMPTON.NS,2016-05-13,2021-01-01,4.638,252,252,0.0,211654347.00743103,359.3439636230469,illiquid,False,2021-01-01
CUMMINSIND.NS,2015-01-01,2021-01-01,6.001,252,252,0.0,470529307.418396,531.5255126953125,,True,2021-01-01
DABUR.NS,2015-01-01,2021-01-01,6.001,252,252,0.0,1519401191.6164093,500.11114501953125,,True,2021-01-01
DALBHARAT.NS,2018-12-21,2021-01-01,2.031,252,252,0.0,114812267.79193115,1067.433349609375,short_history;illiquid,False,2021-01-01
DELHIVERY.NS,,,0.0,0,0,1.0,0.0,,no_data,False,2021-01-01
DIVISLAB.NS,2015-01-01,2021-01-01,6.001,252,252,0.0,2387718646.2910156,3718.3876953125,,True,2021-01-01
DIXON.NS,2017-09-18,2021-01-01,3.288,252,252,0.0,353967593.91067505,2718.455322265625,,True,2021-01-01
DLF.NS,2015-01-01,2021-01-01,6.001,252,252,0.0,1690115443.147812,227.25750732421875,,True,2021-01-01
DMART.NS,2017-03-21,2021-01-01,3.784,252,252,0.0,1126437212.623291,2789.10009765625,,True,2021-01-01
DRREDDY.NS,2015-01-01,2021-01-01,6.001,252,252,0.0,4145232300.53421,1009.4321899414062,,True,2021-01-01
EICHERMOT.NS,2015-01-01,2021-01-01,6.001,252,252,0.0,3368115458.019409,2399.090576171875,,True,2021-01-01
ETERNAL.NS,,,0.0,0,0,1.0,0.0,,no_data,False,2021-01-01
FEDERALBNK.NS,2015-01-01,2021-01-01,6.001,252,252,0.0,1500889012.5808868,64.8254623413086,,True,2021-01-01
FORCEMOT.NS,2019-08-19,2021-01-01,1.372,252,252,0.0,38893407.42260742,1345.6029052734375,short_history;illiquid,False,2021-01-01
FORTIS.NS,2015-01-01,2021-01-01,6.001,252,252,0.0,175185004.6274109,154.85906982421875,illiquid,False,2021-01-01
GAIL.NS,2015-01-01,2021-01-01,6.001,252,252,0.0,1352195051.3930168,64.21302795410156,,True,2021-01-01
GLENMARK.NS,2015-01-01,2021-01-01,6.001,252,252,0.0,1135402483.679123,493.6459045410156,,True,2021-01-01
GMRAIRPORT.NS,2015-01-01,2021-01-01,6.001,252,252,0.0,262362981.3442173,23.964698791503906,,True,2021-01-01
GODFRYPHLP.NS,2015-01-01,2021-01-01,6.001,252,252,0.0,60011276.93170166,296.150146484375,illiquid,False,2021-01-01
GODREJCP.NS,2015-01-01,2021-01-01,6.001,252,252,0.0,1011183208.875,701.9390258789062,,True,2021-01-01
GODREJPROP.NS,2015-01-01,2021-01-01,6.001,252,252,0.0,395475923.6274719,1420.38427734375,,True,2021-01-01
GRASIM.NS,2015-01-01,2021-01-01,6.001,252,252,0.0,1555941986.5997314,903.7695922851562,,True,2021-01-01
GVT&D.NS,2015-01-01,2021-01-01,6.001,252,252,0.0,5940986.42786026,118.69609832763672,illiquid,False,2021-01-01
HAL.NS,2018-04-02,2021-01-01,2.752,252,252,0.0,182474847.91674805,388.7958068847656,short_history;illiquid,False,2021-01-01
HAVELLS.NS,2015-01-01,2021-01-01,6.001,252,252,0.0,1146337724.5073547,875.54052734375,,True,2021-01-01
HCLTECH.NS,2015-01-01,2021-01-01,6.001,252,252,0.0,3424282348.725281,751.7260131835938,,True,2021-01-01
HDFCAMC.NS,2018-08-06,2021-01-01,2.407,252,252,0.0,902324437.0,1334.7969970703125,short_history,False,2021-01-01
HDFCBANK.NS,2015-01-01,2021-01-01,6.001,252,252,0.0,14088163207.273254,663.9057006835938,,True,2021-01-01
HDFCLIFE.NS,2017-11-17,2021-01-01,3.124,252,252,0.0,1863137045.3827515,665.8002319335938,,True,2021-01-01
HEROMOTOCO.NS,2015-01-01,2021-01-01,6.001,252,252,0.0,3473189616.690918,2523.5615234375,,True,2021-01-01
HINDALCO.NS,2015-01-01,2021-01-01,6.001,252,252,0.0,2207343513.7451096,228.83041381835938,,True,2021-01-01
HINDPETRO.NS,2015-01-01,2021-01-01,6.001,252,252,0.0,1279046400.240509,112.00790405273438,,True,2021-01-01
HINDUNILVR.NS,2015-01-01,2021-01-01,6.001,252,252,0.0,5020746622.393188,2173.49609375,,True,2021-01-01
HINDZINC.NS,2015-01-01,2021-01-01,6.001,252,252,0.0,155724896.9661255,156.1927947998047,illiquid,False,2021-01-01
ICICIBANK.NS,2015-01-01,2021-01-01,6.001,252,252,0.0,12853682761.582977,505.9262390136719,,True,2021-01-01
ICICIGI.NS,2017-09-27,2021-01-01,3.264,252,252,0.0,642208643.163208,1457.030517578125,,True,2021-01-01
ICICIPRULI.NS,2016-09-29,2021-01-01,4.257,252,252,0.0,958411136.912323,493.10223388671875,,True,2021-01-01
IDEA.NS,2015-01-01,2021-01-01,6.001,252,252,0.0,2001224014.870502,11.199999809265137,low_price,False,2021-01-01
IDFCFIRSTB.NS,2015-11-06,2021-01-01,5.155,252,252,0.0,854948970.6673698,37.168800354003906,,True,2021-01-01
IEX.NS,2017-10-23,2021-01-01,3.192,252,252,0.0,123382714.85163116,66.87075805664062,illiquid,False,2021-01-01
INDHOTEL.NS,2015-01-01,2021-01-01,6.001,252,252,0.0,188688927.9607315,118.07333374023438,illiquid,False,2021-01-01
INDIANB.NS,2015-01-01,2021-01-01,6.001,252,252,0.0,99264314.5300293,75.642578125,illiquid,False,2021-01-01
INDIGO.NS,2015-11-10,2021-01-01,5.144,252,252,0.0,2229709431.51416,1710.6092529296875,,True,2021-01-01
INDUSINDBK.NS,2015-01-01,2021-01-01,6.001,252,252,0.0,10574006846.936798,867.872802734375,,True,2021-01-01
INDUSTOWER.NS,2015-01-01,2021-01-01,6.001,252,252,0.0,1452022440.5812836,199.47860717773438,,True,2021-01-01
INFY.NS,2015-01-01,2021-01-01,6.001,252,252,0.0,7781088538.463928,1086.0972900390625,,True,2021-01-01
INOXWIND.NS,2015-04-09,2021-01-01,5.733,252,252,0.0,5107700.103504181,16.0625,illiquid;low_price,False,2021-01-01
IOC.NS,2015-01-01,2021-01-01,6.001,252,252,0.0,1451570156.5401764,40.1532096862793,,True,2021-01-01
IREDA.NS,,,0.0,0,0,1.0,0.0,,no_data,False,2021-01-01
IRFC.NS,,,0.0,0,0,1.0,0.0,,no_data,False,2021-01-01
ITC.NS,2015-01-01,2021-01-01,6.001,252,252,0.0,4417968547.116203,159.7165985107422,,True,2021-01-01
JINDALSTEL.NS,2015-01-01,2021-01-01,6.001,252,252,0.0,2522587708.618454,265.9090881347656,,True,2021-01-01
JIOFIN.NS,,,0.0,0,0,1.0,0.0,,no_data,False,2021-01-01
JSWENERGY.NS,2015-01-01,2021-01-01,6.001,252,252,0.0,68613346.62911797,64.56922912597656,illiquid,False,2021-01-01
JSWSTEEL.NS,2015-01-01,2021-01-01,6.001,252,252,0.0,2115388501.342865,366.791259765625,,True,2021-01-01
JUBLFOOD.NS,2015-01-01,2021-01-01,6.001,252,252,0.0,1787771442.7320862,551.4119873046875,,True,2021-01-01
KALYANKJIL.NS,,,0.0,0,0,1.0,0.0,,no_data,False,2021-01-01
KAYNES.NS,,,0.0,0,0,1.0,0.0,,no_data,False,2021-01-01
KEI.NS,2015-01-01,2021-01-01,6.001,252,252,0.0,70764722.35342407,471.705810546875,illiquid,False,2021-01-01
KFINTECH.NS,,,0.0,0,0,1.0,0.0,,no_data,False,2021-01-01
KOTAKBANK.NS,2015-01-01,2021-01-01,6.001,252,252,0.0,6493560465.825272,396.46630859375,,True,2021-01-01
KPITTECH.NS,2019-04-22,2021-01-01,1.697,252,252,0.0,29597256.4941864,138.93536376953125,short_history;illiquid,False,2021-01-01
LAURUSLABS.NS,2016-12-19,2021-01-01,4.036,252,252,0.0,639311769.9495316,347.10614013671875,,True,2021-01-01
LICHSGFIN.NS,2015-01-01,2021-01-01,6.001,252,252,0.0,1482083215.1532898,337.8591613769531,,True,2021-01-01
LICI.NS,,,0.0,0,0,1.0,0.0,,no_data,False,2021-01-01
LODHA.NS,,,0.0,0,0,1.0,0.0,,no_data,False,2021-01-01
LT.NS,2015-01-01,2021-01-01,6.001,252,252,0.0,4510562573.311584,1218.873291015625,,True,2021-01-01
LTF.NS,2015-01-01,2021-01-01,6.001,252,252,0.0,967035836.8638935,84.73113250732422,,True,2021-01-01
LTM.NS,2016-07-21,2021-01-01,4.449,252,252,0.0,326401257.375,3439.957275390625,,True,2021-01-01
LUPIN.NS,2015-01-01,2021-01-01,6.001,252,252,0.0,2439494885.688324,967.5665283203125,,True,2021-01-01
M&M.NS,2015-01-01,2021-01-01,6.001,252,252,0.0,2773795496.7144012,691.4932861328125,,True,2021-01-01
MANAPPURAM.NS,2015-01-01,2021-01-01,6.001,252,252,0.0,1110379767.8697205,149.90892028808594,,True,2021-01-01
MANKIND.NS,,,0.0,0,0,1.0,0.0,,no_data,False,2021-01-01
MARICO.NS,2015-01-01,2021-01-01,6.001,252,252,0.0,938283335.7194061,376.2799377441406,,True,2021-01-01
MARUTI.NS,2015-01-01,2021-01-01,6.001,252,252,0.0,7362341490.440918,7298.333984375,,True,2021-01-01
MAXHEALTH.NS,2020-08-21,2021-01-01,0.364,93,93,0.0,59896956.90284729,141.60256958007812,short_history;illiquid,False,2021-01-01
MAZDOCK.NS,2020-10-12,2021-01-01,0.222,58,58,0.0,340423896.65826416,102.92372131347656,short_history,False,2021-01-01
MCX.NS,2015-01-01,2021-01-01,6.001,252,252,0.0,400276221.0997772,332.9369201660156,,True,2021-01-01
MFSL.NS,2015-01-01,2021-01-01,6.001,252,252,0.0,724145695.0422058,690.9500122070312,,True,2021-01-01
MOTHERSON.NS,2015-01-01,2021-01-01,6.001,252,252,0.0,1436058620.0107927,43.13105392456055,,True,2021-01-01
MOTILALOFS.NS,2015-01-01,2021-01-01,6.001,252,252,0.0,60017623.15222168,600.0527954101562,illiquid,False,2021-01-01
MPHASIS.NS,2015-01-01,2021-01-01,6.001,252,252,0.0,287019166.09716797,1334.1944580078125,,True,2021-01-01
MUTHOOTFIN.NS,2015-01-01,2021-01-01,6.001,252,252,0.0,2006121505.7646484,1109.749755859375,,True,2021-01-01
NAM-INDIA.NS,2017-11-06,2021-01-01,3.154,252,252,0.0,296140206.3040924,253.43331909179688,,True,2021-01-01
NATIONALUM.NS,2015-01-01,2021-01-01,6.001,252,252,0.0,384230855.3787575,33.396114349365234,,True,2021-01-01
NAUKRI.NS,2015-01-01,2021-01-01,6.001,252,252,0.0,1190833497.4853516,928.83203125,,True,2021-01-01
NBCC.NS,2015-01-01,2021-01-01,6.001,252,252,0.0,216478178.49472904,19.10266876220703,illiquid;low_price,False,2021-01-01
NESTLEIND.NS,2015-01-01,2021-01-01,6.001,252,252,0.0,2112826123.6328125,868.0438842773438,,True,2021-01-01
NHPC.NS,2015-01-01,2021-01-01,6.001,252,252,0.0,96960412.38038635,18.33596420288086,illiquid;low_price,False,2021-01-01
NMDC.NS,2015-01-01,2021-01-01,6.001,252,252,0.0,652000352.3483105,20.448341369628906,,True,2021-01-01
NTPC.NS,2015-01-01,2021-01-01,6.001,252,252,0.0,1794240857.9478722,80.0753173828125,,True,2021-01-01
NYKAA.NS,,,0.0,0,0,1.0,0.0,,no_data,False,2021-01-01
OBEROIRLTY.NS,2015-01-01,2021-01-01,6.001,252,252,0.0,138487785.7348938,576.3407592773438,illiquid,False,2021-01-01
OFSS.NS,2015-01-01,2021-01-01,6.001,252,252,0.0,104178219.78918457,2450.2353515625,illiquid,False,2021-01-01
OIL.NS,2015-01-01,2021-01-01,6.001,252,252,0.0,124869287.95469475,55.38211441040039,illiquid,False,2021-01-01
ONGC.NS,2015-01-01,2021-01-01,6.001,252,252,0.0,1563364609.5807686,67.06398010253906,,True,2021-01-01
PAGEIND.NS,2015-01-01,2021-01-01,6.001,252,252,0.0,757499467.4355469,26245.345703125,,True,2021-01-01
PATANJALI.NS,2015-01-01,2021-01-01,6.001,252,234,0.0714,7061868.975975037,217.37982177734375,illiquid;poor_coverage,False,2021-01-01
PAYTM.NS,,,0.0,0,0,1.0,0.0,,no_data,False,2021-01-01
PERSISTENT.NS,2015-01-01,2021-01-01,6.001,252,252,0.0,95469745.3067627,713.7733764648438,illiquid,False,2021-01-01
PETRONET.NS,2015-01-01,2021-01-01,6.001,252,252,0.0,802775481.0294952,199.52699279785156,,True,2021-01-01
PFC.NS,2015-01-01,2021-01-01,6.001,252,252,0.0,643922967.605133,62.339542388916016,,True,2021-01-01
PGEL.NS,2015-01-01,2021-01-01,6.001,252,252,0.0,2038825.3936767578,13.769438743591309,illiquid;low_price,False,2021-01-01
PHOENIXLTD.NS,2015-01-01,2021-01-01,6.001,252,252,0.0,81852248.43432617,389.33154296875,illiquid,False,2021-01-01
PIDILITIND.NS,2015-01-01,2021-01-01,6.001,252,252,0.0,1100253870.1309814,858.1694946289062,,True,2021-01-01
PIIND.NS,2015-01-01,2021-01-01,6.001,252,252,0.0,362134944.3999634,2219.464111328125,,True,2021-01-01
PNB.NS,2015-01-01,2021-01-01,6.001,252,252,0.0,922280729.3187294,31.376893997192383,,True,2021-01-01
PNBHOUSING.NS,2016-11-07,2021-01-01,4.151,252,252,0.0,140890087.94828033,300.53094482421875,illiquid,False,2021-01-01
POLICYBZR.NS,,,0.0,0,0,1.0,0.0,,no_data,False,2021-01-01
POLYCAB.NS,2019-04-16,2021-01-01,1.714,252,252,0.0,182280954.73931885,1002.3656616210938,short_history;illiquid,False,2021-01-01
POWERGRID.NS,2015-01-01,2021-01-01,6.001,252,252,0.0,1744824866.4002838,80.89330291748047,,True,2021-01-01
POWERINDIA.NS,2020-03-30,2021-01-01,0.758,191,191,0.0,29483340.81591797,1300.7030029296875,short_history;illiquid,False,2021-01-01
PRESTIGE.NS,2015-01-01,2021-01-01,6.001,252,252,0.0,118635654.47317505,263.45904541015625,illiquid,False,2021-01-01
RADICO.NS,2015-01-01,2021-01-01,6.001,252,252,0.0,157672607.15148926,450.48138427734375,illiquid,False,2021-01-01
RBLBANK.NS,2016-08-31,2021-01-01,4.337,252,252,0.0,3650782982.4823303,226.56005859375,,True,2021-01-01
RECLTD.NS,2015-01-01,2021-01-01,6.001,252,252,0.0,654891872.5001144,67.35408782958984,,True,2021-01-01
RELIANCE.NS,2015-01-01,2021-01-01,6.001,252,252,0.0,25906797210.42813,897.0470581054688,,True,2021-01-01
RVNL.NS,2019-04-11,2021-01-01,1.728,252,252,0.0,77299122.2611103,20.67734146118164,short_history;illiquid,False,2021-01-01
SAIL.NS,2015-01-01,2021-01-01,6.001,252,252,0.0,998441940.3017845,63.24312973022461,,True,2021-01-01
SBICARD.NS,2020-03-16,2021-01-01,0.797,201,201,0.0,1175326422.9851074,838.8533935546875,short_history,False,2021-01-01
SBILIFE.NS,2017-10-03,2021-01-01,3.247,252,252,0.0,990550951.8266602,884.6102905273438,,True,2021-01-01
SBIN.NS,2015-01-01,2021-01-01,6.001,252,252,0.0,11650238540.57901,253.24229431152344,,True,2021-01-01
SHREECEM.NS,2015-01-01,2021-01-01,6.001,252,252,0.0,1236724221.7197266,23403.82421875,,True,2021-01-01
SHRIRAMFIN.NS,2015-01-01,2021-01-01,6.001,252,252,0.0,2797783577.484207,194.43405151367188,,True,2021-01-01
SIEMENS.NS,2015-01-01,2021-01-01,6.001,252,252,0.0,653283742.5102234,911.2835693359375,,True,2021-01-01
SOLARINDS.NS,2015-01-01,2021-01-01,6.001,252,252,0.0,15525987.880371094,1081.733154296875,illiquid,False,2021-01-01
SONACOMS.NS,,,0.0,0,0,1.0,0.0,,no_data,False,2021-01-01
SRF.NS,2015-01-01,2021-01-01,6.001,252,252,0.0,880417869.5259094,1112.785888671875,,True,2021-01-01
SUNPHARMA.NS,2015-01-01,2021-01-01,6.001,252,252,0.0,4322930796.000015,561.1223754882812,,True,2021-01-01
SUPREMEIND.NS,2015-01-01,2021-01-01,6.001,252,252,0.0,70179352.79119873,1600.1973876953125,illiquid,False,2021-01-01
SUZLON.NS,2015-01-01,2021-01-01,6.001,252,252,0.0,31204372.46397066,6.152032852172852,illiquid;low_price,False,2021-01-01
TATACONSUM.NS,2015-01-01,2021-01-01,6.001,252,252,0.0,1598801743.4750519,573.8136596679688,,True,2021-01-01
TATAELXSI.NS,2015-01-01,2021-01-01,6.001,252,252,0.0,497419484.16729736,1751.4305419921875,,True,2021-01-01
TATAPOWER.NS,2015-01-01,2021-01-01,6.001,252,252,0.0,1052988254.3350677,73.85102081298828,,True,2021-01-01
TATASTEEL.NS,2015-01-01,2021-01-01,6.001,252,252,0.0,5400516004.217529,54.244354248046875,,True,2021-01-01
TCS.NS,2015-01-01,2021-01-01,6.001,252,252,0.0,7576593466.877869,2521.07470703125,,True,2021-01-01
TECHM.NS,2015-01-01,2021-01-01,6.001,252,252,0.0,2806209474.1986084,800.0465698242188,,True,2021-01-01
TIINDIA.NS,2017-11-02,2021-01-01,3.165,252,252,0.0,36949812.84118652,790.4295043945312,illiquid,False,2021-01-01
TITAN.NS,2015-01-01,2021-01-01,6.001,252,252,0.0,3188007131.7261353,1529.7099609375,,True,2021-01-01
TMPV.NS,2015-01-01,2021-01-01,6.001,252,252,0.0,7067991302.096321,181.69424438476562,,True,2021-01-01
TORNTPHARM.NS,2015-01-01,2021-01-01,6.001,252,252,0.0,1273543957.7314453,1299.3555908203125,,True,2021-01-01
TRENT.NS,2015-01-01,2021-01-01,6.001,252,252,0.0,279876314.2361145,671.2726440429688,,True,2021-01-01
TVSMOTOR.NS,2015-01-01,2021-01-01,6.001,252,252,0.0,948531861.4695282,477.0132141113281,,True,2021-01-01
ULTRACEMCO.NS,2015-01-01,2021-01-01,6.001,252,252,0.0,2196298491.2595215,5044.90966796875,,True,2021-01-01
UNIONBANK.NS,2015-01-01,2021-01-01,6.001,252,252,0.0,105683367.29846478,26.928180694580078,illiquid,False,2021-01-01
UNITDSPR.NS,2015-01-01,2021-01-01,6.001,252,252,0.0,1302447274.8710632,565.04052734375,,True,2021-01-01
UNOMINDA.NS,2015-01-01,2021-01-01,6.001,252,252,0.0,48662270.56312561,196.45196533203125,illiquid,False,2021-01-01
UPL.NS,2015-01-01,2021-01-01,6.001,252,252,0.0,2080527199.6028442,441.537353515625,,True,2021-01-01
VBL.NS,2016-11-08,2021-01-01,4.148,252,252,0.0,152820242.35284424,79.43965911865234,illiquid,False,2021-01-01
VEDL.NS,2015-01-01,2021-01-01,6.001,252,252,0.0,2497709532.284958,76.90365600585938,,True,2021-01-01
VOLTAS.NS,2015-01-01,2021-01-01,6.001,252,252,0.0,1072932329.9970398,808.3099365234375,,True,2021-01-01
WIPRO.NS,2015-01-01,2021-01-01,6.001,252,252,0.0,1874340960.890747,176.86058044433594,,True,2021-01-01
YESBANK.NS,2015-01-01,2021-01-01,6.001,252,252,0.0,1655438429.5350513,18.0,low_price,False,2021-01-01
ZYDUSLIFE.NS,2015-01-01,2021-01-01,6.001,252,252,0.0,1326776566.8882751,460.9941711425781,,True,2021-01-01
360ONE.NS,2019-09-19,2021-07-01,1.782,252,252,0.0,21922003.03491211,251.36663818359375,short_history;illiquid,False,2021-07-01
ABB.NS,2015-01-01,2021-07-01,6.497,252,252,0.0,178884560.47106934,1733.58837890625,illiquid,False,2021-07-01
ABCAPITAL.NS,2017-09-01,2021-07-01,3.83,252,252,0.0,258884623.93707657,114.75,,True,2021-07-01
ADANIENSOL.NS,2015-07-31,2021-07-01,5.919,252,252,0.0,275787526.9877014,1006.5,,True,2021-07-01
ADANIENT.NS,2015-01-01,2021-07-01,6.497,252,252,0.0,2859060410.255928,1486.9305419921875,,True,2021-07-01
ADANIGREEN.NS,2018-06-18,2021-07-01,3.036,252,252,0.0,741773821.1517334,1068.699951171875,,True,2021-07-01
ADANIPORTS.NS,2015-01-01,2021-07-01,6.497,252,252,0.0,3897947741.1919556,684.408447265625,,True,2021-07-01
ADANIPOWER.NS,2015-01-01,2021-07-01,6.497,252,252,0.0,330265348.24356794,21.559999465942383,,True,2021-07-01
ALKEM.NS,2015-12-23,2021-07-01,5.522,252,252,0.0,368156507.3944092,3054.388916015625,,True,2021-07-01
AMBER.NS,2018-01-30,2021-07-01,3.417,252,252,0.0,248349897.51208496,2911.89990234375,illiquid,False,2021-07-01
AMBUJACEM.NS,2015-01-01,2021-07-01,6.497,252,252,0.0,1403916381.6345673,327.4583740234375,,True,2021-07-01
ANGELONE.NS,2020-10-05,2021-07-01,0.736,185,185,0.0,101956797.3046875,79.11155700683594,short_history;illiquid,False,2021-07-01
APLAPOLLO.NS,2015-01-01,2021-07-01,6.497,252,252,0.0,227958958.0609131,810.111572265625,illiquid,False,2021-07-01
APOLLOHOSP.NS,2015-01-01,2021-07-01,6.497,252,252,0.0,2377145737.9312744,3626.752685546875,,True,2021-07-01
ASHOKLEY.NS,2015-01-01,2021-07-01,6.497,252,252,0.0,2583802479.335396,55.035160064697266,,True,2021-07-01
ASIANPAINT.NS,2015-01-01,2021-07-01,6.497,252,252,0.0,4146729909.2145996,2881.50634765625,,True,2021-07-01
ASTRAL.NS,2015-01-01,2021-07-01,6.497,252,252,0.0,270017340.21759033,1501.7540283203125,,True,2021-07-01
AUBANK.NS,2017-07-11,2021-07-01,3.973,252,252,0.0,657044558.65979,508.2869873046875,,True,2021-07-01
AUROPHARMA.NS,2015-01-01,2021-07-01,6.497,252,252,0.0,2361890537.5575256,939.8578491210938,,True,2021-07-01
AXISBANK.NS,2015-01-01,2021-07-01,6.497,252,252,0.0,10720354473.597748,742.7733764648438,,True,2021-07-01
BAJAJ-AUTO.NS,2015-01-01,2021-07-01,6.497,252,252,0.0,2255387190.14624,3625.772705078125,,True,2021-07-01
BAJAJFINSV.NS,2015-01-01,2021-07-01,6.497,252,252,0.0,4361910373.216858,1177.9874267578125,,True,2021-07-01
BAJAJHLDNG.NS,2015-01-01,2021-07-01,6.497,252,252,0.0,126949308.95678711,3289.361572265625,illiquid,False,2021-07-01
BAJFINANCE.NS,2015-01-01,2021-07-01,6.497,252,252,0.0,15543930023.059387,580.9489135742188,,True,2021-07-01
BANDHANBNK.NS,2018-03-27,2021-07-01,3.264,252,252,0.0,3213022519.4979706,314.9740905761719,,True,2021-07-01
BANKBARODA.NS,2015-01-01,2021-07-01,6.497,252,252,0.0,2798903358.75,73.89463806152344,,True,2021-07-01
BANKINDIA.NS,2015-01-01,2021-07-01,6.497,252,252,0.0,232659754.62752914,66.09685516357422,illiquid,False,2021-07-01
BDL.NS,2018-03-23,2021-07-01,3.274,252,252,0.0,99116799.51957703,173.12184143066406,illiquid,False,2021-07-01
BEL.NS,2015-01-01,2021-07-01,6.497,252,252,0.0,1417376957.0778694,57.54487991333008,,True,2021-07-01
BHARATFORG.NS,2015-01-01,2021-07-01,6.497,252,252,0.0,1321473410.9485016,736.66064453125,,True,2021-07-01
BHARTIARTL.NS,2015-01-01,2021-07-01,6.497,252,252,0.0,7148920817.759277,495.1714172363281,,True,2021-07-01
BHEL.NS,2015-01-01,2021-07-01,6.497,252,252,0.0,1890821028.4840908,63.885013580322266,,True,2021-07-01
BIOCON.NS,2015-01-01,2021-07-01,6.497,252,252,0.0,1460610007.8657532,401.57568359375,,True,2021-07-01
BLUESTARCO.NS,2015-01-01,2021-07-01,6.497,252,252,0.0,72252434.74884033,395.75482177734375,illiquid,False,2021-07-01
BOSCHLTD.NS,2015-01-01,2021-07-01,6.497,252,252,0.0,711709193.7226562,14045.064453125,,True,2021-07-01
BPCL.NS,2015-01-01,2021-07-01,6.497,252,252,0.0,3175496175.3923035,164.6524200439453,,True,2021-07-01
BRITANNIA.NS,2015-01-01,2021-07-01,6.497,252,252,0.0,2030629139.9431152,3330.742431640625,,True,2021-07-01
BSE.NS,2017-02-03,2021-07-01,4.405,252,252,0.0,179965659.83903503,92.95401000976562,illiquid,False,2021-07-01
CAMS.NS,2020-10-05,2021-07-01,0.736,185,185,0.0,229988791.11999512,510.025390625,short_history;illiquid,False,2021-07-01
CANBK.NS,2015-01-01,2021-07-01,6.497,252,252,0.0,2165484398.5673714,26.00040626525879,,True,2021-07-01
CDSL.NS,2017-06-30,2021-07-01,4.003,252,252,0.0,453295773.20428467,463.0433349609375,,True,2021-07-01
CGPOWER.NS,2015-01-01,2021-07-01,6.497,252,252,0.0,154313086.6017933,78.38536834716797,illiquid,False,2021-07-01
CHOLAFIN.NS,2015-01-01,2021-07-01,6.497,252,252,0.0,1919217477.8773193,500.7328796386719,,True,2021-07-01
CIPLA.NS,2015-01-01,2021-07-01,6.497,252,252,0.0,4238553068.647156,933.34912109375,,True,2021-07-01
COALINDIA.NS,2015-01-01,2021-07-01,6.497,252,252,0.0,1712368583.8091698,94.83303833007812,,True,2021-07-01
COCHINSHIP.NS,2017-08-11,2021-07-01,3.888,252,252,0.0,100051654.11167908,173.80801391601562,illiquid,False,2021-07-01
COFORGE.NS,2015-01-01,2021-07-01,6.497,252,252,0.0,1172316426.9326782,786.7803344726562,,True,2021-07-01
COLPAL.NS,2015-01-01,2021-07-01,6.497,252,252,0.0,836276782.6818848,1523.330078125,,True,2021-07-01
CONCOR.NS,2015-01-01,2021-07-01,6.497,252,252,0.0,1045805812.8249207,641.9686279296875,,True,2021-07-01
CROMPTON.NS,2016-05-13,2021-07-01,5.133,252,252,0.0,397152986.1882248,408.24822998046875,,True,2021-07-01
CUMMINSIND.NS,2015-01-01,2021-07-01,6.497,252,252,0.0,697212351.8356018,820.6076049804688,,True,2021-07-01
DABUR.NS,2015-01-01,2021-07-01,6.497,252,252,0.0,1413107446.1402588,552.1163330078125,,True,2021-07-01
DALBHARAT.NS,2018-12-21,2021-07-01,2.527,252,252,0.0,159063107.19726562,1843.504638671875,short_history;illiquid,False,2021-07-01
DELHIVERY.NS,,,0.0,0,0,1.0,0.0,,no_data,False,2021-07-01
DIVISLAB.NS,2015-01-01,2021-07-01,6.497,252,252,0.0,2812101553.1239014,4285.12353515625,,True,2021-07-01
DIXON.NS,2017-09-18,2021-07-01,3.784,252,252,0.0,750910499.0318604,4401.90673828125,,True,2021-07-01
DLF.NS,2015-01-01,2021-07-01,6.497,252,252,0.0,2360964039.1858063,267.2075500488281,,True,2021-07-01
DMART.NS,2017-03-21,2021-07-01,4.279,252,252,0.0,1253807349.3979492,3315.64990234375,,True,2021-07-01
DRREDDY.NS,2015-01-01,2021-07-01,6.497,252,252,0.0,4826990140.140839,1070.511962890625,,True,2021-07-01
EICHERMOT.NS,2015-01-01,2021-07-01,6.497,252,252,0.0,3019158172.1660156,2524.201416015625,,True,2021-07-01
ETERNAL.NS,,,0.0,0,0,1.0,0.0,,no_data,False,2021-07-01
FEDERALBNK.NS,2015-01-01,2021-07-01,6.497,252,252,0.0,1835469032.8830338,82.58863830566406,,True,2021-07-01
FORCEMOT.NS,2019-08-19,2021-07-01,1.867,252,252,0.0,34166025.79248047,1193.8486328125,short_history;illiquid,False,2021-07-01
FORTIS.NS,2015-01-01,2021-07-01,6.497,252,252,0.0,446675693.04904175,245.2431640625,,True,2021-07-01
GAIL.NS,2015-01-01,2021-07-01,6.497,252,252,0.0,1893050136.8680305,82.46612548828125,,True,2021-07-01
GLENMARK.NS,2015-01-01,2021-07-01,6.497,252,252,0.0,1167975603.7786865,641.513671875,,True,2021-07-01
GMRAIRPORT.NS,2015-01-01,2021-07-01,6.497,252,252,0.0,359182067.7532482,28.7396183013916,,True,2021-07-01
GODFRYPHLP.NS,2015-01-01,2021-07-01,6.497,252,252,0.0,41552790.58547974,296.0903015136719,illiquid,False,2021-07-01
GODREJCP.NS,2015-01-01,2021-07-01,6.497,252,252,0.0,948566416.8059692,843.571044921875,,True,2021-07-01
GODREJPROP.NS,2015-01-01,2021-07-01,6.497,252,252,0.0,907676379.6022339,1379.1336669921875,,True,2021-07-01
GRASIM.NS,2015-01-01,2021-07-01,6.497,252,252,0.0,1841631913.7663574,1452.673583984375,,True,2021-07-01
GVT&D.NS,2015-01-01,2021-07-01,6.497,252,252,0.0,13137930.163890839,137.84063720703125,illiquid,False,2021-07-01
HAL.NS,2018-04-02,2021-07-01,3.247,252,252,0.0,335957985.5274658,466.3916320800781,,True,2021-07-01
HAVELLS.NS,2015-01-01,2021-07-01,6.497,252,252,0.0,1394086829.375,957.5466918945312,,True,2021-07-01
HCLTECH.NS,2015-01-01,2021-07-01,6.497,252,252,0.0,5298662042.401489,796.3314208984375,,True,2021-07-01
HDFCAMC.NS,2018-08-06,2021-07-01,2.902,252,252,0.0,732231367.5472412,1303.64697265625,short_history,False,2021-07-01
HDFCBANK.NS,2015-01-01,2021-07-01,6.497,252,252,0.0,12963341631.4281,695.6484375,,True,2021-07-01
HDFCLIFE.NS,2017-11-17,2021-07-01,3.619,252,252,0.0,1920838769.871521,674.9998168945312,,True,2021-07-01
HEROMOTOCO.NS,2015-01-01,2021-07-01,6.497,252,252,0.0,3479884221.1711426,2425.32470703125,,True,2021-07-01
HINDALCO.NS,2015-01-01,2021-07-01,6.497,252,252,0.0,3849550519.8599625,364.2469787597656,,True,2021-07-01
HINDPETRO.NS,2015-01-01,2021-07-01,6.497,252,252,0.0,1484273199.4057617,149.9513397216797,,True,2021-07-01
HINDUNILVR.NS,2015-01-01,2021-07-01,6.497,252,252,0.0,4473531559.749023,2272.1591796875,,True,2021-07-01
HINDZINC.NS,2015-01-01,2021-07-01,6.497,252,252,0.0,341526115.4870758,222.1197967529297,,True,2021-07-01
ICICIBANK.NS,2015-01-01,2021-07-01,6.497,252,252,0.0,12263879740.872253,605.0493774414062,,True,2021-07-01
ICICIGI.NS,2017-09-27,2021-07-01,3.759,252,252,0.0,705735427.7664795,1499.074951171875,,True,2021-07-01
ICICIPRULI.NS,2016-09-29,2021-07-01,4.753,252,252,0.0,1009673696.9340057,609.5286254882812,,True,2021-07-01
IDEA.NS,2015-01-01,2021-07-01,6.497,252,252,0.0,2233893674.8008842,9.050000190734863,low_price,False,2021-07-01
IDFCFIRSTB.NS,2015-11-06,2021-07-01,5.651,252,252,0.0,1478525464.7268276,53.86494064331055,,True,2021-07-01
IEX.NS,2017-10-23,2021-07-01,3.688,252,252,0.0,319835156.7740135,116.7217025756836,,True,2021-07-01
INDHOTEL.NS,2015-01-01,2021-07-01,6.497,252,252,0.0,261790737.46953964,134.95164489746094,,True,2021-07-01
INDIANB.NS,2015-01-01,2021-07-01,6.497,252,252,0.0,231441974.77991104,121.53325653076172,illiquid,False,2021-07-01
INDIGO.NS,2015-11-10,2021-07-01,5.64,252,252,0.0,1784404880.2962646,1739.66015625,,True,2021-07-01
INDUSINDBK.NS,2015-01-01,2021-07-01,6.497,252,252,0.0,8505360736.40033,971.56640625,,True,2021-07-01
INDUSTOWER.NS,2015-01-01,2021-07-01,6.497,252,252,0.0,1084667879.5917435,213.7062530517578,,True,2021-07-01
INFY.NS,2015-01-01,2021-07-01,6.497,252,252,0.0,9332436882.781372,1359.0654296875,,True,2021-07-01
INOXWIND.NS,2015-04-09,2021-07-01,6.229,252,252,0.0,8470724.65782547,20.700000762939453,illiquid,False,2021-07-01
IOC.NS,2015-01-01,2021-07-01,6.497,252,252,0.0,1745245037.212576,52.447723388671875,,True,2021-07-01
IREDA.NS,,,0.0,0,0,1.0,0.0,,no_data,False,2021-07-01
IRFC.NS,2021-01-29,2021-07-01,0.419,104,104,0.0,417974905.5,21.032867431640625,short_history,False,2021-07-01
ITC.NS,2015-01-01,2021-07-01,6.497,252,252,0.0,4825453988.540268,159.8402099609375,,True,2021-07-01
JINDALSTEL.NS,2015-01-01,2021-07-01,6.497,252,252,0.0,2922635269.213043,388.6022644042969,,True,2021-07-01
JIOFIN.NS,,,0.0,0,0,1.0,0.0,,no_data,False,2021-07-01
JSWENERGY.NS,2015-01-01,2021-07-01,6.497,252,252,0.0,199606216.87776566,168.52764892578125,illiquid,False,2021-07-01
JSWSTEEL.NS,2015-01-01,2021-07-01,6.497,252,252,0.0,2891281536.0236206,640.54345703125,,True,2021-07-01
JUBLFOOD.NS,2015-01-01,2021-07-01,6.497,252,252,0.0,1776678792.75589,614.62255859375,,True,2021-07-01
KALYANKJIL.NS,2021-03-26,2021-07-01,0.266,65,65,0.0,167395640.51921844,75.73416137695312,short_history;illiquid,False,2021-07-01
KAYNES.NS,,,0.0,0,0,1.0,0.0,,no_data,False,2021-07-01
KEI.NS,2015-01-01,2021-07-01,6.497,252,252,0.0,86812214.02090454,747.8707275390625,illiquid,False,2021-07-01
KFINTECH.NS,,,0.0,0,0,1.0,0.0,,no_data,False,2021-07-01
KOTAKBANK.NS,2015-01-01,2021-07-01,6.497,252,252,0.0,5974657088.181763,341.2029724121094,,True,2021-07-01
KPITTECH.NS,2019-04-22,2021-07-01,2.193,252,252,0.0,96742245.78335571,253.49188232421875,short_history;illiquid,False,2021-07-01
LAURUSLABS.NS,2016-12-19,2021-07-01,4.531,252,252,0.0,1256046421.9313507,656.4674072265625,,True,2021-07-01
LICHSGFIN.NS,2015-01-01,2021-07-01,6.497,252,252,0.0,1510938406.8010254,420.758056640625,,True,2021-07-01
LICI.NS,,,0.0,0,0,1.0,0.0,,no_data,False,2021-07-01
LODHA.NS,2021-04-19,2021-07-01,0.2,52,52,0.0,300258584.58795166,337.41851806640625,short_history,False,2021-07-01
LT.NS,2015-01-01,2021-07-01,6.497,252,252,0.0,4401949996.450012,1402.4090576171875,,True,2021-07-01
LTF.NS,2015-01-01,2021-07-01,6.497,252,252,0.0,1104103932.99514,87.05921936035156,,True,2021-07-01
LTM.NS,2016-07-21,2021-07-01,4.945,252,252,0.0,916113831.0681152,3758.276611328125,,True,2021-07-01
LUPIN.NS,2015-01-01,2021-07-01,6.497,252,252,0.0,2644951284.6817017,1108.0274658203125,,True,2021-07-01
M&M.NS,2015-01-01,2021-07-01,6.497,252,252,0.0,3382958917.789795,735.8651123046875,,True,2021-07-01
MANAPPURAM.NS,2015-01-01,2021-07-01,6.497,252,252,0.0,855650080.5731506,151.20838928222656,,True,2021-07-01
MANKIND.NS,,,0.0,0,0,1.0,0.0,,no_data,False,2021-07-01
MARICO.NS,2015-01-01,2021-07-01,6.497,252,252,0.0,924632382.286438,501.2428894042969,,True,2021-07-01
MARUTI.NS,2015-01-01,2021-07-01,6.497,252,252,0.0,6747363538.453125,7196.89599609375,,True,2021-07-01
MAXHEALTH.NS,2020-08-21,2021-07-01,0.86,215,215,0.0,125458635.43037415,262.1386413574219,short_history;illiquid,False,2021-07-01
MAZDOCK.NS,2020-10-12,2021-07-01,0.717,180,180,0.0,218626411.166214,113.74500274658203,short_history;illiquid,False,2021-07-01
MCX.NS,2015-01-01,2021-07-01,6.497,252,252,0.0,369746379.94369507,288.0120544433594,,True,2021-07-01
MFSL.NS,2015-01-01,2021-07-01,6.497,252,252,0.0,697058152.1706543,1050.5999755859375,,True,2021-07-01
MOTHERSON.NS,2015-01-01,2021-07-01,6.497,252,252,0.0,1977174625.2132397,64.34175872802734,,True,2021-07-01
MOTILALOFS.NS,2015-01-01,2021-07-01,6.497,252,252,0.0,78293855.3513794,765.7320556640625,illiquid,False,2021-07-01
MPHASIS.NS,2015-01-01,2021-07-01,6.497,252,252,0.0,567779121.1036377,1893.982177734375,,True,2021-07-01
MUTHOOTFIN.NS,2015-01-01,2021-07-01,6.497,252,252,0.0,1971231162.829834,1368.779052734375,,True,2021-07-01
NAM-INDIA.NS,2017-11-06,2021-07-01,3.65,252,252,0.0,241192252.69403076,318.1624450683594,illiquid,False,2021-07-01
NATIONALUM.NS,2015-01-01,2021-07-01,6.497,252,252,0.0,859116976.1064644,60.879398345947266,,True,2021-07-01
NAUKRI.NS,2015-01-01,2021-07-01,6.497,252,252,0.0,2246665220.9454346,1040.3717041015625,,True,2021-07-01
NBCC.NS,2015-01-01,2021-07-01,6.497,252,252,0.0,342035861.96905994,33.50071334838867,,True,2021-07-01
NESTLEIND.NS,2015-01-01,2021-07-01,6.497,252,252,0.0,1728239180.4199219,834.7112426757812,,True,2021-07-01
NHPC.NS,2015-01-01,2021-07-01,6.497,252,252,0.0,107775137.1979866,21.895084381103516,illiquid,False,2021-07-01
NMDC.NS,2015-01-01,2021-07-01,6.497,252,252,0.0,1096740581.925353,35.07206726074219,,True,2021-07-01
NTPC.NS,2015-01-01,2021-07-01,6.497,252,252,0.0,2173651697.147648,97.80829620361328,,True,2021-07-01
NYKAA.NS,,,0.0,0,0,1.0,0.0,,no_data,False,2021-07-01
OBEROIRLTY.NS,2015-01-01,2021-07-01,6.497,252,252,0.0,182223944.1043396,620.6334228515625,illiquid,False,2021-07-01
OFSS.NS,2015-01-01,2021-07-01,6.497,252,252,0.0,188840843.3236084,2891.989990234375,illiquid,False,2021-07-01
OIL.NS,2015-01-01,2021-07-01,6.497,252,252,0.0,103963785.29295158,85.2966079711914,illiquid,False,2021-07-01
ONGC.NS,2015-01-01,2021-07-01,6.497,252,252,0.0,2248877124.6003036,86.98825073242188,,True,2021-07-01
PAGEIND.NS,2015-01-01,2021-07-01,6.497,252,252,0.0,961200490.6513672,27755.9140625,,True,2021-07-01
PATANJALI.NS,2015-01-01,2021-07-01,6.497,252,252,0.0,13371645.209724426,359.7096862792969,illiquid,False,2021-07-01
PAYTM.NS,,,0.0,0,0,1.0,0.0,,no_data,False,2021-07-01
PERSISTENT.NS,2015-01-01,2021-07-01,6.497,252,252,0.0,230041485.62121582,1422.226806640625,illiquid,False,2021-07-01
PETRONET.NS,2015-01-01,2021-07-01,6.497,252,252,0.0,941583756.889801,181.17266845703125,,True,2021-07-01
PFC.NS,2015-01-01,2021-07-01,6.497,252,252,0.0,692750385.7964935,71.45088195800781,,True,2021-07-01
PGEL.NS,2015-01-01,2021-07-01,6.497,252,252,0.0,5435746.774554253,41.48817825317383,illiquid,False,2021-07-01
PHOENIXLTD.NS,2015-01-01,2021-07-01,6.497,252,252,0.0,102952014.37103271,408.61346435546875,illiquid,False,2021-07-01
PIDILITIND.NS,2015-01-01,2021-07-01,6.497,252,252,0.0,1037653719.1887817,1051.21875,,True,2021-07-01
PIIND.NS,2015-01-01,2021-07-01,6.497,252,252,0.0,638563983.3947754,2861.0234375,,True,2021-07-01
PNB.NS,2015-01-01,2021-07-01,6.497,252,252,0.0,3194240959.9470005,38.18423843383789,,True,2021-07-01
PNBHOUSING.NS,2016-11-07,2021-07-01,4.646,252,252,0.0,103422281.1484375,554.2099609375,illiquid,False,2021-07-01
POLICYBZR.NS,,,0.0,0,0,1.0,0.0,,no_data,False,2021-07-01
POLYCAB.NS,2019-04-16,2021-07-01,2.209,252,252,0.0,319050905.4008179,1949.6978759765625,short_history,False,2021-07-01
POWERGRID.NS,2015-01-01,2021-07-01,6.497,252,252,0.0,1896210645.0428696,100.34571838378906,,True,2021-07-01
POWERINDIA.NS,2020-03-30,2021-07-01,1.254,252,252,0.0,42909378.75515747,1892.468994140625,short_history;illiquid,False,2021-07-01
PRESTIGE.NS,2015-01-01,2021-07-01,6.497,252,252,0.0,130520787.84155273,281.4804992675781,illiquid,False,2021-07-01
RADICO.NS,2015-01-01,2021-07-01,6.497,252,252,0.0,149958591.65905762,742.2335205078125,illiquid,False,2021-07-01
RBLBANK.NS,2016-08-31,2021-07-01,4.832,252,252,0.0,3312988420.1380234,205.77203369140625,,True,2021-07-01
RECLTD.NS,2015-01-01,2021-07-01,6.497,252,252,0.0,708372891.7114601,75.26931762695312,,True,2021-07-01
RELIANCE.NS,2015-01-01,2021-07-01,6.497,252,252,0.0,24287941332.04889,950.1991577148438,,True,2021-07-01
RVNL.NS,2019-04-11,2021-07-01,2.223,252,252,0.0,134650094.67756557,29.304983139038086,short_history;illiquid,False,2021-07-01
SAIL.NS,2015-01-01,2021-07-01,6.497,252,252,0.0,2891028505.0446053,109.48954010009766,,True,2021-07-01
SBICARD.NS,2020-03-16,2021-07-01,1.292,252,252,0.0,1226970885.5014038,964.85107421875,short_history,False,2021-07-01
SBILIFE.NS,2017-10-03,2021-07-01,3.743,252,252,0.0,1300205770.8657837,997.589599609375,,True,2021-07-01
SBIN.NS,2015-01-01,2021-07-01,6.497,252,252,0.0,13035318376.421951,384.5597229003906,,True,2021-07-01
SHREECEM.NS,2015-01-01,2021-07-01,6.497,252,252,0.0,1354714338.5195312,26442.521484375,,True,2021-07-01
SHRIRAMFIN.NS,2015-01-01,2021-07-01,6.497,252,252,0.0,3155058803.9849854,248.16940307617188,,True,2021-07-01
SIEMENS.NS,2015-01-01,2021-07-01,6.497,252,252,0.0,667500779.281189,1157.5552978515625,,True,2021-07-01
SOLARINDS.NS,2015-01-01,2021-07-01,6.497,252,252,0.0,20054509.091064453,1573.4659423828125,illiquid,False,2021-07-01
SONACOMS.NS,2021-06-24,2021-07-01,0.019,6,6,0.0,1469028203.9069824,336.1402282714844,short_history,False,2021-07-01
SRF.NS,2015-01-01,2021-07-01,6.497,252,252,0.0,920831427.7719116,1444.31591796875,,True,2021-07-01
SUNPHARMA.NS,2015-01-01,2021-07-01,6.497,252,252,0.0,4265596483.704834,649.4722290039062,,True,2021-07-01
SUPREMEIND.NS,2015-01-01,2021-07-01,6.497,252,252,0.0,125002016.71264648,2078.690673828125,illiquid,False,2021-07-01
SUZLON.NS,2015-01-01,2021-07-01,6.497,252,252,0.0,76541526.17581594,7.712996959686279,illiquid;low_price,False,2021-07-01
TATACONSUM.NS,2015-01-01,2021-07-01,6.497,252,252,0.0,2025399822.294098,725.3783569335938,,True,2021-07-01
TATAELXSI.NS,2015-01-01,2021-07-01,6.497,252,252,0.0,730579803.4055786,4030.2724609375,,True,2021-07-01
TATAPOWER.NS,2015-01-01,2021-07-01,6.497,252,252,0.0,2658965316.2246475,117.30423736572266,,True,2021-07-01
TATASTEEL.NS,2015-01-01,2021-07-01,6.497,252,252,0.0,10652946403.18966,100.33970642089844,,True,2021-07-01
TCS.NS,2015-01-01,2021-07-01,6.497,252,252,0.0,8846452473.582031,2896.43408203125,,True,2021-07-01
TECHM.NS,2015-01-01,2021-07-01,6.497,252,252,0.0,3722989720.62381,887.745361328125,,True,2021-07-01
TIINDIA.NS,2017-11-02,2021-07-01,3.661,252,252,0.0,77267973.80706787,1172.081787109375,illiquid,False,2021-07-01
TITAN.NS,2015-01-01,2021-07-01,6.497,252,252,0.0,2919188825.328003,1708.0419921875,,True,2021-07-01
TMPV.NS,2015-01-01,2021-07-01,6.497,252,252,0.0,11291750871.633018,335.3793029785156,,True,2021-07-01
TORNTPHARM.NS,2015-01-01,2021-07-01,6.497,252,252,0.0,1023883018.418457,1377.07177734375,,True,2021-07-01
TRENT.NS,2015-01-01,2021-07-01,6.497,252,252,0.0,442679181.88394165,853.6053466796875,,True,2021-07-01
TVSMOTOR.NS,2015-01-01,2021-07-01,6.497,252,252,0.0,1105156095.125,610.3048095703125,,True,2021-07-01
ULTRACEMCO.NS,2015-01-01,2021-07-01,6.497,252,252,0.0,2597623692.3430176,6395.52978515625,,True,2021-07-01
UNIONBANK.NS,2015-01-01,2021-07-01,6.497,252,252,0.0,208185999.32891273,32.464820861816406,illiquid,False,2021-07-01
UNITDSPR.NS,2015-01-01,2021-07-01,6.497,252,252,0.0,1136017974.5089417,645.1566772460938,,True,2021-07-01
UNOMINDA.NS,2015-01-01,2021-07-01,6.497,252,252,0.0,76689833.47721863,318.8945007324219,illiquid,False,2021-07-01
UPL.NS,2015-01-01,2021-07-01,6.497,252,252,0.0,3158188674.239685,744.6769409179688,,True,2021-07-01
VBL.NS,2016-11-08,2021-07-01,4.643,252,252,0.0,217471996.5691948,94.98505401611328,illiquid,False,2021-07-01
VEDL.NS,2015-01-01,2021-07-01,6.497,252,252,0.0,3037685058.68153,126.04719543457031,,True,2021-07-01
VOLTAS.NS,2015-01-01,2021-07-01,6.497,252,252,0.0,1407919489.1012878,984.8073120117188,,True,2021-07-01
WIPRO.NS,2015-01-01,2021-07-01,6.497,252,252,0.0,3830837874.022522,246.3391571044922,,True,2021-07-01
YESBANK.NS,2015-01-01,2021-07-01,6.497,252,252,0.0,1452028294.4325256,13.550000190734863,low_price,False,2021-07-01
ZYDUSLIFE.NS,2015-01-01,2021-07-01,6.497,252,252,0.0,1655276762.5388184,615.9437255859375,,True,2021-07-01
360ONE.NS,2019-09-19,2021-12-31,2.283,252,252,0.0,42889421.275268555,322.1645202636719,short_history;illiquid,False,2021-12-31
ABB.NS,2015-01-01,2021-12-31,6.998,252,252,0.0,223222155.24682617,2158.74658203125,illiquid,False,2021-12-31
ABCAPITAL.NS,2017-09-01,2021-12-31,4.331,252,252,0.0,323644237.3299408,123.9000015258789,,True,2021-12-31
ADANIENSOL.NS,2015-07-31,2021-12-31,6.42,252,252,0.0,386040267.8370209,1740.8499755859375,,True,2021-12-31
ADANIENT.NS,2015-01-01,2021-12-31,6.998,252,252,0.0,4909074812.781128,1705.6424560546875,,True,2021-12-31
ADANIGREEN.NS,2018-06-18,2021-12-31,3.537,252,252,0.0,859987958.0412598,1330.25,,True,2021-12-31
ADANIPORTS.NS,2015-01-01,2021-12-31,6.998,252,252,0.0,5418472379.3463745,710.8854370117188,,True,2021-12-31
ADANIPOWER.NS,2015-01-01,2021-12-31,6.998,252,252,0.0,483813022.39377975,19.940000534057617,low_price,False,2021-12-31
ALKEM.NS,2015-12-23,2021-12-31,6.023,252,252,0.0,413549386.75,3443.150146484375,,True,2021-12-31
AMBER.NS,2018-01-30,2021-12-31,3.918,252,252,0.0,210053617.81848145,3316.199951171875,illiquid,False,2021-12-31
AMBUJACEM.NS,2015-01-01,2021-12-31,6.998,252,252,0.0,1432680944.174179,363.254638671875,,True,2021-12-31
ANGELONE.NS,2020-10-05,2021-12-31,1.238,252,252,0.0,287571765.30166626,107.75580596923828,short_history,False,2021-12-31
APLAPOLLO.NS,2015-01-01,2021-12-31,6.998,252,252,0.0,347932859.5680237,986.1798706054688,,True,2021-12-31
APOLLOHOSP.NS,2015-01-01,2021-12-31,6.998,252,252,0.0,2532608473.8464355,4945.95654296875,,True,2021-12-31
ASHOKLEY.NS,2015-01-01,2021-12-31,6.998,252,252,0.0,2165259154.175747,55.30783462524414,,True,2021-12-31
ASIANPAINT.NS,2015-01-01,2021-12-31,6.998,252,252,0.0,3612031179.482666,3229.911865234375,,True,2021-12-31
ASTRAL.NS,2015-01-01,2021-12-31,6.998,252,252,0.0,542616609.1627808,1694.5960693359375,,True,2021-12-31
AUBANK.NS,2017-07-11,2021-12-31,4.474,252,252,0.0,1166125302.389923,515.1708374023438,,True,2021-12-31
AUROPHARMA.NS,2015-01-01,2021-12-31,6.998,252,252,0.0,1722681900.875,716.0606689453125,,True,2021-12-31
AXISBANK.NS,2015-01-01,2021-12-31,6.998,252,252,0.0,7533483069.33667,675.2078247070312,,True,2021-12-31
BAJAJ-AUTO.NS,2015-01-01,2021-12-31,6.998,252,252,0.0,1803699530.7519531,2898.87451171875,,True,2021-12-31
BAJAJFINSV.NS,2015-01-01,2021-12-31,6.998,252,252,0.0,4199985148.3898926,1635.938232421875,,True,2021-12-31
BAJAJHLDNG.NS,2015-01-01,2021-12-31,6.998,252,252,0.0,142306026.0,5083.345703125,illiquid,False,2021-12-31
BAJFINANCE.NS,2015-01-01,2021-12-31,6.998,252,252,0.0,10205870254.930725,680.3926391601562,,True,2021-12-31
BANDHANBNK.NS,2018-03-27,2021-12-31,3.765,252,252,0.0,1994048841.0,244.7554931640625,,True,2021-12-31
BANKBARODA.NS,2015-01-01,2021-12-31,6.998,252,252,0.0,3249338560.633148,70.37379455566406,,True,2021-12-31
BANKINDIA.NS,2015-01-01,2021-12-31,6.998,252,252,0.0,339134599.2906952,43.75244903564453,,True,2021-12-31
BDL.NS,2018-03-23,2021-12-31,3.775,252,252,0.0,73359311.04344177,186.88185119628906,illiquid,False,2021-12-31
BEL.NS,2015-01-01,2021-12-31,6.998,252,252,0.0,1427105586.7872276,65.83148956298828,,True,2021-12-31
BHARATFORG.NS,2015-01-01,2021-12-31,6.998,252,252,0.0,1389769038.5,674.4512939453125,,True,2021-12-31
BHARTIARTL.NS,2015-01-01,2021-12-31,6.998,252,252,0.0,6718748042.9123535,660.0122680664062,,True,2021-12-31
BHEL.NS,2015-01-01,2021-12-31,6.998,252,252,0.0,2542971841.7760296,57.98340606689453,,True,2021-12-31
BIOCON.NS,2015-01-01,2021-12-31,6.998,252,252,0.0,1027234305.7967224,360.5430908203125,,True,2021-12-31
BLUESTARCO.NS,2015-01-01,2021-12-31,6.998,252,252,0.0,73700311.42852783,490.2211608886719,illiquid,False,2021-12-31
BOSCHLTD.NS,2015-01-01,2021-12-31,6.998,252,252,0.0,579901229.0068359,16138.591796875,,True,2021-12-31
BPCL.NS,2015-01-01,2021-12-31,6.998,252,252,0.0,2467371241.3644104,157.38839721679688,,True,2021-12-31
BRITANNIA.NS,2015-01-01,2021-12-31,6.998,252,251,0.004,1425506516.9604492,3340.1904296875,,True,2021-12-31
BSE.NS,2017-02-03,2021-12-31,4.906,252,252,0.0,515642523.03159714,203.0598907470703,,True,2021-12-31
CAMS.NS,2020-10-05,2021-12-31,1.238,252,252,0.0,448727386.12197876,493.1447448730469,short_history,False,2021-12-31
CANBK.NS,2015-01-01,2021-12-31,6.998,252,252,0.0,2701720866.515889,33.84623718261719,,True,2021-12-31
CDSL.NS,2017-06-30,2021-12-31,4.504,252,252,0.0,512198752.60717773,712.1240844726562,,True,2021-12-31
CGPOWER.NS,2015-01-01,2021-12-31,6.998,252,252,0.0,161385350.82531738,192.18490600585938,illiquid,False,2021-12-31
CHOLAFIN.NS,2015-01-01,2021-12-31,6.998,252,252,0.0,1715762078.430664,515.5665893554688,,True,2021-12-31
CIPLA.NS,2015-01-01,2021-12-31,6.998,252,252,0.0,2381229813.895111,905.8749389648438,,True,2021-12-31
COALINDIA.NS,2015-01-01,2021-12-31,6.998,252,252,0.0,1729052541.846199,103.2774429321289,,True,2021-12-31
COCHINSHIP.NS,2017-08-11,2021-12-31,4.389,252,252,0.0,75103058.87644958,163.8203887939453,illiquid,False,2021-12-31
COFORGE.NS,2015-01-01,2021-12-31,6.998,252,252,0.0,1577863395.5963135,1110.9869384765625,,True,2021-12-31
COLPAL.NS,2015-01-01,2021-12-31,6.998,252,252,0.0,737302194.2050781,1337.459716796875,,True,2021-12-31
CONCOR.NS,2015-01-01,2021-12-31,6.998,252,252,0.0,1159359760.5754395,578.3428344726562,,True,2021-12-31
CROMPTON.NS,2016-05-13,2021-12-31,5.634,252,252,0.0,596750818.9750824,418.1280517578125,,True,2021-12-31
CUMMINSIND.NS,2015-01-01,2021-12-31,6.998,252,252,0.0,807146234.7452087,876.467041015625,,True,2021-12-31
DABUR.NS,2015-01-01,2021-12-31,6.998,252,252,0.0,1146182751.2799683,548.073974609375,,True,2021-12-31
DALBHARAT.NS,2018-12-21,2021-12-31,3.028,252,252,0.0,375925926.68414307,1806.7335205078125,,True,2021-12-31
DELHIVERY.NS,,,0.0,0,0,1.0,0.0,,no_data,False,2021-12-31
DIVISLAB.NS,2015-01-01,2021-12-31,6.998,252,252,0.0,2269478856.263916,4537.9169921875,,True,2021-12-31
DIXON.NS,2017-09-18,2021-12-31,4.285,252,252,0.0,1245350009.7844238,5498.8642578125,,True,2021-12-31
DLF.NS,2015-01-01,2021-12-31,6.998,252,251,0.004,2850956026.56427,374.7042541503906,,True,2021-12-31
DMART.NS,2017-03-21,2021-12-31,4.78,252,252,0.0,1291351758.491455,4671.4501953125,,True,2021-12-31
DRREDDY.NS,2015-01-01,2021-12-31,6.998,252,252,0.0,2982430969.720459,949.3812255859375,,True,2021-12-31
EICHERMOT.NS,2015-01-01,2021-12-31,6.998,252,252,0.0,2043262078.2164307,2460.73828125,,True,2021-12-31
ETERNAL.NS,2021-07-23,2021-12-31,0.441,111,111,0.0,3208118006.907257,137.39999389648438,short_history,False,2021-12-31
FEDERALBNK.NS,2015-01-01,2021-12-31,6.998,252,252,0.0,1538481437.1550064,79.7076416015625,,True,2021-12-31
FORCEMOT.NS,2019-08-19,2021-12-31,2.368,252,252,0.0,60869270.06060791,1232.865966796875,short_history;illiquid,False,2021-12-31
FORTIS.NS,2015-01-01,2021-12-31,6.998,252,252,0.0,652313099.8570023,295.1256103515625,,True,2021-12-31
GAIL.NS,2015-01-01,2021-12-31,6.998,252,252,0.0,2017855474.630886,71.81000518798828,,True,2021-12-31
GLENMARK.NS,2015-01-01,2021-12-31,6.998,252,252,0.0,808557985.595871,521.5916137695312,,True,2021-12-31
GMRAIRPORT.NS,2015-01-01,2021-12-31,6.998,252,251,0.004,494295886.76316833,41.21747970581055,,True,2021-12-31
GODFRYPHLP.NS,2015-01-01,2021-12-31,6.998,252,252,0.0,43895313.63789368,344.6380615234375,illiquid,False,2021-12-31
GODREJCP.NS,2015-01-01,2021-12-31,6.998,252,252,0.0,1029100310.09729,919.8491821289062,,True,2021-12-31
GODREJPROP.NS,2015-01-01,2021-12-31,6.998,252,252,0.0,1282414316.5871582,1862.7958984375,,True,2021-12-31
GRASIM.NS,2015-01-01,2021-12-31,6.998,252,252,0.0,1733948823.5430908,1580.218505859375,,True,2021-12-31
GVT&D.NS,2015-01-01,2021-12-31,6.998,252,252,0.0,19758598.5861969,132.91775512695312,illiquid,False,2021-12-31
HAL.NS,2018-04-02,2021-12-31,3.748,252,252,0.0,470054600.25,562.7617797851562,,True,2021-12-31
HAVELLS.NS,2015-01-01,2021-12-31,6.998,252,252,0.0,1560644118.5526733,1355.735107421875,,True,2021-12-31
HCLTECH.NS,2015-01-01,2021-12-31,6.998,252,252,0.0,4748939021.692932,1081.096923828125,,True,2021-12-31
HDFCAMC.NS,2018-08-06,2021-12-31,3.403,252,252,0.0,717374243.2866211,1101.655029296875,,True,2021-12-31
HDFCBANK.NS,2015-01-01,2021-12-31,6.998,252,252,0.0,10247435870.95459,692.2093505859375,,True,2021-12-31
HDFCLIFE.NS,2017-11-17,2021-12-31,4.12,252,252,0.0,1775893123.571045,639.3673095703125,,True,2021-12-31
HEROMOTOCO.NS,2015-01-01,2021-12-31,6.998,252,252,0.0,1884469877.9014893,2068.751953125,,True,2021-12-31
HINDALCO.NS,2015-01-01,2021-12-31,6.998,252,252,0.0,4559905317.696365,459.7152404785156,,True,2021-12-31
HINDPETRO.NS,2015-01-01,2021-12-31,6.998,252,252,0.0,1247722869.7050095,159.8748321533203,,True,2021-12-31
HINDUNILVR.NS,2015-01-01,2021-12-31,6.998,252,252,0.0,3910952430.5,2177.39794921875,,True,2021-12-31
HINDZINC.NS,2015-01-01,2021-12-31,6.998,252,252,0.0,347029702.0,217.64073181152344,,True,2021-12-31
ICICIBANK.NS,2015-01-01,2021-12-31,6.998,252,252,0.0,10056562244.303497,711.9578247070312,,True,2021-12-31
ICICIGI.NS,2017-09-27,2021-12-31,4.26,252,252,0.0,887395426.0909424,1354.9061279296875,,True,2021-12-31
ICICIPRULI.NS,2016-09-29,2021-12-31,5.254,252,252,0.0,906177974.7071991,556.39892578125,,True,2021-12-31
IDEA.NS,2015-01-01,2021-12-31,6.998,252,252,0.0,2274535998.5073137,15.350000381469727,low_price,False,2021-12-31
IDFCFIRSTB.NS,2015-11-06,2021-12-31,6.152,252,251,0.004,1766429798.6828156,48.05110168457031,,True,2021-12-31
IEX.NS,2017-10-23,2021-12-31,4.189,252,252,0.0,1215272269.1770935,233.5687255859375,,True,2021-12-31
INDHOTEL.NS,2015-01-01,2021-12-31,6.998,252,252,0.0,465585891.83377075,178.09173583984375,,True,2021-12-31
INDIANB.NS,2015-01-01,2021-12-31,6.998,252,252,0.0,379163324.06822205,121.26545715332031,,True,2021-12-31
INDIGO.NS,2015-11-10,2021-12-31,6.141,252,252,0.0,1376112073.517212,2014.1463623046875,,True,2021-12-31
INDUSINDBK.NS,2015-01-01,2021-12-31,6.998,252,252,0.0,4846584532.595612,860.5255737304688,,True,2021-12-31
INDUSTOWER.NS,2015-01-01,2021-12-31,6.998,252,252,0.0,889148708.9101105,226.2343292236328,,True,2021-12-31
INFY.NS,2015-01-01,2021-12-31,6.998,252,252,0.0,8766302955.460083,1658.7496337890625,,True,2021-12-31
INOXWIND.NS,2015-04-09,2021-12-31,6.73,252,252,0.0,34831047.39719772,28.924999237060547,illiquid,False,2021-12-31
IOC.NS,2015-01-01,2021-12-31,6.998,252,252,0.0,1410763724.492649,57.21104431152344,,True,2021-12-31
IREDA.NS,,,0.0,0,0,1.0,0.0,,no_data,False,2021-12-31
IRFC.NS,2021-01-29,2021-12-31,0.92,229,229,0.0,321338505.76587296,20.427066802978516,short_history,False,2021-12-31
ITC.NS,2015-01-01,2021-12-31,6.998,252,252,0.0,4676508612.885727,171.69044494628906,,True,2021-12-31
JINDALSTEL.NS,2015-01-01,2021-12-31,6.998,252,252,0.0,3240021863.1757812,371.32781982421875,,True,2021-12-31
JIOFIN.NS,,,0.0,0,0,1.0,0.0,,no_data,False,2021-12-31
JSWENERGY.NS,2015-01-01,2021-12-31,6.998,252,252,0.0,475100643.5031967,292.8950500488281,,True,2021-12-31
JSWSTEEL.NS,2015-01-01,2021-12-31,6.998,252,251,0.004,3805846208.900299,623.426025390625,,True,2021-12-31
JUBLFOOD.NS,2015-01-01,2021-12-31,6.998,252,252,0.0,1714300893.5636902,710.1829223632812,,True,2021-12-31
KALYANKJIL.NS,2021-03-26,2021-12-31,0.767,190,190,0.0,101702458.14053345,67.89788818359375,short_history;illiquid,False,2021-12-31
KAYNES.NS,,,0.0,0,0,1.0,0.0,,no_data,False,2021-12-31
KEI.NS,2015-01-01,2021-12-31,6.998,252,252,0.0,201327670.62698364,1159.5546875,illiquid,False,2021-12-31
KFINTECH.NS,,,0.0,0,0,1.0,0.0,,no_data,False,2021-12-31
KOTAKBANK.NS,2015-01-01,2021-12-31,6.998,252,252,0.0,5651614338.968201,357.28631591796875,,True,2021-12-31
KPITTECH.NS,2019-04-22,2021-12-31,2.694,252,252,0.0,281576651.8152008,594.3549194335938,short_history,False,2021-12-31
LAURUSLABS.NS,2016-12-19,2021-12-31,5.032,252,252,0.0,1284902233.5860443,531.6536254882812,,True,2021-12-31
LICHSGFIN.NS,2015-01-01,2021-12-31,6.998,252,252,0.0,1326809574.0,337.5694580078125,,True,2021-12-31
LICI.NS,,,0.0,0,0,1.0,0.0,,no_data,False,2021-12-31
LODHA.NS,2021-04-19,2021-12-31,0.701,177,177,0.0,349892181.7126465,610.7000732421875,short_history,False,2021-12-31
LT.NS,2015-01-01,2021-12-31,6.998,252,252,0.0,3716989350.8115845,1801.864501953125,,True,2021-12-31
LTF.NS,2015-01-01,2021-12-31,6.998,252,252,0.0,926496685.4546318,72.97196960449219,,True,2021-12-31
LTM.NS,2016-07-21,2021-12-31,5.446,252,252,0.0,1326945592.9956055,6890.72216796875,,True,2021-12-31
LUPIN.NS,2015-01-01,2021-12-31,6.998,252,252,0.0,1529417419.402893,924.2135620117188,,True,2021-12-31
M&M.NS,2015-01-01,2021-12-31,6.998,252,252,0.0,2954609210.7104797,799.234375,,True,2021-12-31
MANAPPURAM.NS,2015-01-01,2021-12-31,6.998,252,252,0.0,792120392.3121643,150.12271118164062,,True,2021-12-31
MANKIND.NS,,,0.0,0,0,1.0,0.0,,no_data,False,2021-12-31
MARICO.NS,2015-01-01,2021-12-31,6.998,252,252,0.0,853950218.2122192,482.9902648925781,,True,2021-12-31
MARUTI.NS,2015-01-01,2021-12-31,6.998,252,252,0.0,4967485794.024658,7091.947265625,,True,2021-12-31
MAXHEALTH.NS,2020-08-21,2021-12-31,1.361,252,252,0.0,305073513.0139923,440.1107177734375,short_history,False,2021-12-31
MAZDOCK.NS,2020-10-12,2021-12-31,1.218,252,252,0.0,145037411.86089325,130.1800079345703,short_history;illiquid,False,2021-12-31
MCX.NS,2015-01-01,2021-12-31,6.998,252,252,0.0,453186729.60731506,307.2093811035156,,True,2021-12-31
MFSL.NS,2015-01-01,2021-12-31,6.998,252,252,0.0,691915825.0525818,980.3499755859375,,True,2021-12-31
MOTHERSON.NS,2015-01-01,2021-12-31,6.998,252,252,0.0,1997652091.2389755,59.35611343383789,,True,2021-12-31
MOTILALOFS.NS,2015-01-01,2021-12-31,6.998,252,252,0.0,209726651.7019043,888.3626098632812,illiquid,False,2021-12-31
MPHASIS.NS,2015-01-01,2021-12-31,6.998,252,252,0.0,1382142294.63385,3027.93896484375,,True,2021-12-31
MUTHOOTFIN.NS,2015-01-01,2021-12-31,6.998,252,252,0.0,1227171597.2653198,1392.3314208984375,,True,2021-12-31
NAM-INDIA.NS,2017-11-06,2021-12-31,4.151,252,252,0.0,326054488.01779175,303.6717834472656,,True,2021-12-31
NATIONALUM.NS,2015-01-01,2021-12-31,6.998,252,252,0.0,2166328677.525982,81.4041976928711,,True,2021-12-31
NAUKRI.NS,2015-01-01,2021-12-31,6.998,252,252,0.0,2488161587.5463867,1091.1561279296875,,True,2021-12-31
NBCC.NS,2015-01-01,2021-12-31,6.998,252,252,0.0,340794534.33068943,29.36895179748535,,True,2021-12-31
NESTLEIND.NS,2015-01-01,2021-12-31,6.998,252,252,0.0,1139122636.5264893,937.6476440429688,,True,2021-12-31
NHPC.NS,2015-01-01,2021-12-31,6.998,252,252,0.0,151419477.82673264,26.14271354675293,illiquid,False,2021-12-31
NMDC.NS,2015-01-01,2021-12-31,6.998,252,252,0.0,1759223486.2864208,27.534385681152344,,True,2021-12-31
NTPC.NS,2015-01-01,2021-12-31,6.998,252,252,0.0,1690501892.9742622,106.58232879638672,,True,2021-12-31
NYKAA.NS,2021-11-10,2021-12-31,0.14,37,37,0.0,3547819053.64563,350.2583312988281,short_history,False,2021-12-31
OBEROIRLTY.NS,2015-01-01,2021-12-31,6.998,252,252,0.0,352813207.8514404,841.70556640625,,True,2021-12-31
OFSS.NS,2015-01-01,2021-12-31,6.998,252,252,0.0,376404283.36279297,3164.31005859375,,True,2021-12-31
OIL.NS,2015-01-01,2021-12-31,6.998,252,252,0.0,178906950.97359467,106.95541381835938,illiquid,False,2021-12-31
ONGC.NS,2015-01-01,2021-12-31,6.998,252,252,0.0,2399775060.1780434,109.77025604248047,,True,2021-12-31
PAGEIND.NS,2015-01-01,2021-12-31,6.998,252,252,0.0,874843122.921875,38073.359375,,True,2021-12-31
PATANJALI.NS,2015-01-01,2021-12-31,6.998,252,252,0.0,16798750.305862427,275.45220947265625,illiquid,False,2021-12-31
PAYTM.NS,2021-11-18,2021-12-31,0.118,31,31,0.0,2073657020.0800781,1334.550048828125,short_history,False,2021-12-31
PERSISTENT.NS,2015-01-01,2021-12-31,6.998,252,252,0.0,517185671.3668213,2361.240966796875,,True,2021-12-31
PETRONET.NS,2015-01-01,2021-12-31,6.998,252,252,0.0,739254037.9855499,180.87750244140625,,True,2021-12-31
PFC.NS,2015-01-01,2021-12-31,6.998,252,252,0.0,670681308.4644318,72.83908081054688,,True,2021-12-31
PGEL.NS,2015-01-01,2021-12-31,6.998,252,252,0.0,14594244.581317902,80.21846771240234,illiquid,False,2021-12-31
PHOENIXLTD.NS,2015-01-01,2021-12-31,6.998,252,252,0.0,141617052.5,488.98883056640625,illiquid,False,2021-12-31
PIDILITIND.NS,2015-01-01,2021-12-31,6.998,252,252,0.0,906633956.5291748,1197.914794921875,,True,2021-12-31
PIIND.NS,2015-01-01,2021-12-31,6.998,252,252,0.0,756113502.1411133,2979.604736328125,,True,2021-12-31
PNB.NS,2015-01-01,2021-12-31,6.998,252,252,0.0,3417047178.939274,33.630985260009766,,True,2021-12-31
PNBHOUSING.NS,2016-11-07,2021-12-31,5.147,252,236,0.0635,75133673.48457336,405.02789306640625,illiquid;poor_coverage,False,2021-12-31
POLICYBZR.NS,2021-11-15,2021-12-31,0.126,34,34,0.0,894530766.998291,950.2999877929688,short_history,False,2021-12-31
POLYCAB.NS,2019-04-16,2021-12-31,2.71,252,251,0.004,593479577.2956543,2400.0234375,short_history,False,2021-12-31
POWERGRID.NS,2015-01-01,2021-12-31,6.998,252,252,0.0,2091743257.2109756,124.81005859375,,True,2021-12-31
POWERINDIA.NS,2020-03-30,2021-12-31,1.755,252,252,0.0,62432991.509765625,2520.38232421875,short_history;illiquid,False,2021-12-31
PRESTIGE.NS,2015-01-01,2021-12-31,6.998,252,252,0.0,228302510.50256348,470.46234130859375,illiquid,False,2021-12-31
RADICO.NS,2015-01-01,2021-12-31,6.998,252,252,0.0,274963530.01190186,1223.0262451171875,,True,2021-12-31
RBLBANK.NS,2016-08-31,2021-12-31,5.333,252,252,0.0,2143826623.1092377,124.67912292480469,,True,2021-12-31
RECLTD.NS,2015-01-01,2021-12-31,6.998,252,252,0.0,650566449.5745239,72.04295349121094,,True,2021-12-31
RELIANCE.NS,2015-01-01,2021-12-31,6.998,252,252,0.0,15540133623.260925,1072.57763671875,,True,2021-12-31
RVNL.NS,2019-04-11,2021-12-31,2.724,252,252,0.0,144423012.03491688,31.656585693359375,short_history;illiquid,False,2021-12-31
SAIL.NS,2015-01-01,2021-12-31,6.998,252,252,0.0,5121537131.447781,97.03804779052734,,True,2021-12-31
SBICARD.NS,2020-03-16,2021-12-31,1.793,252,252,0.0,1472311966.5665283,912.9176025390625,short_history,False,2021-12-31
SBILIFE.NS,2017-10-03,2021-12-31,4.244,252,252,0.0,1557715909.99646,1184.941162109375,,True,2021-12-31
SBIN.NS,2015-01-01,2021-12-31,6.998,252,252,0.0,11536261754.530716,421.19537353515625,,True,2021-12-31
SHREECEM.NS,2015-01-01,2021-12-31,6.998,252,252,0.0,1176867334.7548828,26428.138671875,,True,2021-12-31
SHRIRAMFIN.NS,2015-01-01,2021-12-31,6.998,252,252,0.0,2309782182.279587,223.87176513671875,,True,2021-12-31
SIEMENS.NS,2015-01-01,2021-12-31,6.998,252,252,0.0,624598251.7386475,1353.2655029296875,,True,2021-12-31
SOLARINDS.NS,2015-01-01,2021-12-31,6.998,252,252,0.0,54329128.55212402,2404.84716796875,illiquid,False,2021-12-31
SONACOMS.NS,2021-06-24,2021-12-31,0.52,131,130,0.0076,1307748845.8240356,724.5601806640625,short_history,False,2021-12-31
SRF.NS,2015-01-01,2021-12-31,6.998,252,252,0.0,1321742446.0449219,2381.723876953125,,True,2021-12-31
SUNPHARMA.NS,2015-01-01,2021-12-31,6.998,252,252,0.0,3189817395.951233,804.9486694335938,,True,2021-12-31
SUPREMEIND.NS,2015-01-01,2021-12-31,6.998,252,252,0.0,160236401.07617188,2136.15185546875,illiquid,False,2021-12-31
SUZLON.NS,2015-01-01,2021-12-31,6.998,252,252,0.0,174230073.7733388,9.365781784057617,illiquid;low_price,False,2021-12-31
TATACONSUM.NS,2015-01-01,2021-12-31,6.998,252,252,0.0,1658114249.074646,713.2896118164062,,True,2021-12-31
TATAELXSI.NS,2015-01-01,2021-12-31,6.998,252,252,0.0,922913738.2548828,5572.8154296875,,True,2021-12-31
TATAPOWER.NS,2015-01-01,2021-12-31,6.998,252,252,0.0,4177817252.5765533,213.5836181640625,,True,2021-12-31
TATASTEEL.NS,2015-01-01,2021-12-31,6.998,252,252,0.0,12973723690.501785,95.84680938720703,,True,2021-12-31
TCS.NS,2015-01-01,2021-12-31,6.998,252,252,0.0,7935411647.828369,3253.730712890625,,True,2021-12-31
TECHM.NS,2015-01-01,2021-12-31,6.998,252,252,0.0,3726997325.5355225,1519.0780029296875,,True,2021-12-31
TIINDIA.NS,2017-11-02,2021-12-31,4.162,252,252,0.0,118104881.43286133,1743.14599609375,illiquid,False,2021-12-31
TITAN.NS,2015-01-01,2021-12-31,6.998,252,252,0.0,2476463970.7630615,2481.583740234375,,True,2021-12-31
TMPV.NS,2015-01-01,2021-12-31,6.998,252,252,0.0,13256027911.302238,469.96942138671875,,True,2021-12-31
TORNTPHARM.NS,2015-01-01,2021-12-31,6.998,252,252,0.0,588338923.9230957,1543.8961181640625,,True,2021-12-31
TRENT.NS,2015-01-01,2021-12-31,6.998,252,252,0.0,586943815.2302551,1060.1290283203125,,True,2021-12-31
TVSMOTOR.NS,2015-01-01,2021-12-31,6.998,252,252,0.0,1043897541.581543,612.9442749023438,,True,2021-12-31
ULTRACEMCO.NS,2015-01-01,2021-12-31,6.998,252,252,0.0,2555564667.6032715,7273.57763671875,,True,2021-12-31
UNIONBANK.NS,2015-01-01,2021-12-31,6.998,252,252,0.0,437316040.1729965,36.40757751464844,,True,2021-12-31
UNITDSPR.NS,2015-01-01,2021-12-31,6.998,252,252,0.0,1203894280.4107056,872.8247680664062,,True,2021-12-31
UNOMINDA.NS,2015-01-01,2021-12-31,6.998,252,252,0.0,162984919.60977173,605.0216674804688,illiquid,False,2021-12-31
UPL.NS,2015-01-01,2021-12-31,6.998,252,252,0.0,2546443910.2735596,711.1024780273438,,True,2021-12-31
VBL.NS,2016-11-08,2021-12-31,5.144,252,252,0.0,294428175.2870407,116.96730041503906,,True,2021-12-31
VEDL.NS,2015-01-01,2021-12-31,6.998,252,252,0.0,3468538187.3513947,180.7257843017578,,True,2021-12-31
VOLTAS.NS,2015-01-01,2021-12-31,6.998,252,252,0.0,1339397321.791809,1191.1865234375,,True,2021-12-31
WIPRO.NS,2015-01-01,2021-12-31,6.998,252,252,0.0,3830837874.022522,326.7242126464844,,True,2021-12-31
YESBANK.NS,2015-01-01,2021-12-31,6.998,252,252,0.0,1298493663.5141993,13.699999809265137,low_price,False,2021-12-31
ZYDUSLIFE.NS,2015-01-01,2021-12-31,6.998,252,251,0.004,1273768192.4876099,468.308837890625,,True,2021-12-31
360ONE.NS,2019-09-19,2022-07-01,2.782,252,252,0.0,72375349.94073486,355.19097900390625,short_history;illiquid,False,2022-07-01
ABB.NS,2015-01-01,2022-07-01,7.496,252,252,0.0,339109623.8967285,2204.684814453125,,True,2022-07-01
ABCAPITAL.NS,2017-09-01,2022-07-01,4.83,252,252,0.0,360994563.4016876,90.0999984741211,,True,2022-07-01
ADANIENSOL.NS,2015-07-31,2022-07-01,6.919,252,252,0.0,382187996.67529297,2400.64990234375,,True,2022-07-01
ADANIENT.NS,2015-01-01,2022-07-01,7.496,252,252,0.0,3461259727.7799683,2227.22802734375,,True,2022-07-01
ADANIGREEN.NS,2018-06-18,2022-07-01,4.036,252,252,0.0,1568580022.3432617,1963.6500244140625,,True,2022-07-01
ADANIPORTS.NS,2015-01-01,2022-07-01,7.496,252,252,0.0,3666563899.1382446,659.8783569335938,,True,2022-07-01
ADANIPOWER.NS,2015-01-01,2022-07-01,7.496,252,252,0.0,790667253.4137106,52.650001525878906,,True,2022-07-01
ALKEM.NS,2015-12-23,2022-07-01,6.522,252,252,0.0,344076942.8808594,2894.20849609375,,True,2022-07-01
AMBER.NS,2018-01-30,2022-07-01,4.416,252,252,0.0,200237474.43554688,2337.050048828125,illiquid,False,2022-07-01
AMBUJACEM.NS,2015-01-01,2022-07-01,7.496,252,252,0.0,1431194115.146469,361.2039489746094,,True,2022-07-01
ANGELONE.NS,2020-10-05,2022-07-01,1.736,252,252,0.0,680700156.9222641,111.57112121582031,short_history,False,2022-07-01
APLAPOLLO.NS,2015-01-01,2022-07-01,7.496,252,252,0.0,361679482.00668335,834.7216796875,,True,2022-07-01
APOLLOHOSP.NS,2015-01-01,2022-07-01,7.496,252,252,0.0,2797523656.3305664,3685.88916015625,,True,2022-07-01
ASHOKLEY.NS,2015-01-01,2022-07-01,7.496,252,252,0.0,1799855141.0697098,66.080322265625,,True,2022-07-01
ASIANPAINT.NS,2015-01-01,2022-07-01,7.496,252,252,0.0,3167096155.2559814,2662.9560546875,,True,2022-07-01
ASTRAL.NS,2015-01-01,2022-07-01,7.496,252,252,0.0,688153108.2070923,1231.0665283203125,,True,2022-07-01
AUBANK.NS,2017-07-11,2022-07-01,4.972,252,252,0.0,1407697894.4121094,575.46044921875,,True,2022-07-01
AUROPHARMA.NS,2015-01-01,2022-07-01,7.496,252,252,0.0,1253153933.4220276,514.9588623046875,,True,2022-07-01
AXISBANK.NS,2015-01-01,2022-07-01,7.496,252,252,0.0,6025933145.724121,640.7783203125,,True,2022-07-01
BAJAJ-AUTO.NS,2015-01-01,2022-07-01,7.496,252,252,0.0,1474501199.0270996,3355.203369140625,,True,2022-07-01
BAJAJFINSV.NS,2015-01-01,2022-07-01,7.496,252,252,0.0,4201332920.975342,1129.4306640625,,True,2022-07-01
BAJAJHLDNG.NS,2015-01-01,2022-07-01,7.496,252,252,0.0,170872010.2216797,4299.689453125,illiquid,False,2022-07-01
BAJFINANCE.NS,2015-01-01,2022-07-01,7.496,252,252,0.0,7933547628.328857,549.482666015625,,True,2022-07-01
BANDHANBNK.NS,2018-03-27,2022-07-01,4.263,252,252,0.0,1835301013.700714,256.5235290527344,,True,2022-07-01
BANKBARODA.NS,2015-01-01,2022-07-01,7.496,252,252,0.0,2822893847.607479,85.76178741455078,,True,2022-07-01
BANKINDIA.NS,2015-01-01,2022-07-01,7.496,252,252,0.0,212829113.45799446,38.09187316894531,illiquid,False,2022-07-01
BDL.NS,2018-03-23,2022-07-01,4.274,252,252,0.0,173288209.49819946,325.42669677734375,illiquid,False,2022-07-01
BEL.NS,2015-01-01,2022-07-01,7.496,252,252,0.0,1282337665.5,73.13037109375,,True,2022-07-01
BHARATFORG.NS,2015-01-01,2022-07-01,7.496,252,252,0.0,978358539.2645264,624.1466064453125,,True,2022-07-01
BHARTIARTL.NS,2015-01-01,2022-07-01,7.496,252,252,0.0,5125692603.596222,650.0223388671875,,True,2022-07-01
BHEL.NS,2015-01-01,2022-07-01,7.496,252,252,0.0,1599614445.0079422,44.90148162841797,,True,2022-07-01
BIOCON.NS,2015-01-01,2022-07-01,7.496,252,252,0.0,745442183.25,308.5384216308594,,True,2022-07-01
BLUESTARCO.NS,2015-01-01,2022-07-01,7.496,252,252,0.0,69209868.55026245,434.1668701171875,illiquid,False,2022-07-01
BOSCHLTD.NS,2015-01-01,2022-07-01,7.496,252,252,0.0,413373205.6508789,14616.115234375,,True,2022-07-01
BPCL.NS,2015-01-01,2022-07-01,7.496,252,252,0.0,1816535119.6210632,131.74362182617188,,True,2022-07-01
BRITANNIA.NS,2015-01-01,2022-07-01,7.496,252,251,0.004,1068190050.9433594,3377.40478515625,,True,2022-07-01
BSE.NS,2017-02-03,2022-07-01,5.405,252,252,0.0,1008003987.5495911,194.94195556640625,,True,2022-07-01
CAMS.NS,2020-10-05,2022-07-01,1.736,252,252,0.0,499671161.7878723,415.4235534667969,short_history,False,2022-07-01
CANBK.NS,2015-01-01,2022-07-01,7.496,252,252,0.0,2140681102.9222965,32.35700988769531,,True,2022-07-01
CDSL.NS,2017-06-30,2022-07-01,5.002,252,252,0.0,691017136.6624146,523.9557495117188,,True,2022-07-01
CGPOWER.NS,2015-01-01,2022-07-01,7.496,252,252,0.0,199860994.50289917,188.13475036621094,illiquid,False,2022-07-01
CHOLAFIN.NS,2015-01-01,2022-07-01,7.496,252,252,0.0,1320014286.7208252,635.6123657226562,,True,2022-07-01
CIPLA.NS,2015-01-01,2022-07-01,7.496,252,252,0.0,1816543480.4358826,910.8644409179688,,True,2022-07-01
COALINDIA.NS,2015-01-01,2022-07-01,7.496,252,252,0.0,1890005608.1179962,133.57505798339844,,True,2022-07-01
COCHINSHIP.NS,2017-08-11,2022-07-01,4.887,252,252,0.0,52935506.67828369,146.89822387695312,illiquid,False,2022-07-01
COFORGE.NS,2015-01-01,2022-07-01,7.496,252,252,0.0,1594616148.6053467,661.9849243164062,,True,2022-07-01
COLPAL.NS,2015-01-01,2022-07-01,7.496,252,252,0.0,555652923.9136963,1386.2542724609375,,True,2022-07-01
CONCOR.NS,2015-01-01,2022-07-01,7.496,252,252,0.0,801380899.7699585,569.1431884765625,,True,2022-07-01
CROMPTON.NS,2016-05-13,2022-07-01,6.133,252,252,0.0,612671947.675766,334.3973388671875,,True,2022-07-01
CUMMINSIND.NS,2015-01-01,2022-07-01,7.496,252,252,0.0,560736916.5127563,962.8208618164062,,True,2022-07-01
DABUR.NS,2015-01-01,2022-07-01,7.496,252,252,0.0,953194365.3574524,483.0666809082031,,True,2022-07-01
DALBHARAT.NS,2018-12-21,2022-07-01,3.526,252,252,0.0,426577612.0251465,1302.5137939453125,,True,2022-07-01
DELHIVERY.NS,2022-05-24,2022-07-01,0.104,29,29,0.0,392962457.86834717,500.95001220703125,short_history,False,2022-07-01
DIVISLAB.NS,2015-01-01,2022-07-01,7.496,252,252,0.0,1865777382.491211,3528.472900390625,,True,2022-07-01
DIXON.NS,2017-09-18,2022-07-01,4.783,252,252,0.0,1271004222.25708,3588.726318359375,,True,2022-07-01
DLF.NS,2015-01-01,2022-07-01,7.496,252,251,0.004,2338640069.3999023,310.1182556152344,,True,2022-07-01
DMART.NS,2017-03-21,2022-07-01,5.279,252,252,0.0,1477383136.230713,3388.75,,True,2022-07-01
DRREDDY.NS,2015-01-01,2022-07-01,7.496,252,252,0.0,1699820822.400055,848.5614624023438,,True,2022-07-01
EICHERMOT.NS,2015-01-01,2022-07-01,7.496,252,252,0.0,1647109229.5,2641.97802734375,,True,2022-07-01
ETERNAL.NS,2021-07-23,2022-07-01,0.939,235,235,0.0,2494646027.335266,56.150001525878906,short_history,False,2022-07-01
FEDERALBNK.NS,2015-01-01,2022-07-01,7.496,252,252,0.0,1195785841.01342,89.9351806640625,,True,2022-07-01
FORCEMOT.NS,2019-08-19,2022-07-01,2.867,252,252,0.0,53685544.797058105,992.3439331054688,short_history;illiquid,False,2022-07-01
FORTIS.NS,2015-01-01,2022-07-01,7.496,252,252,0.0,400004610.48483276,234.17469787597656,,True,2022-07-01
GAIL.NS,2015-01-01,2022-07-01,7.496,252,252,0.0,1493880474.202446,76.07484436035156,,True,2022-07-01
GLENMARK.NS,2015-01-01,2022-07-01,7.496,252,252,0.0,496893251.85446167,388.9116516113281,,True,2022-07-01
GMRAIRPORT.NS,2015-01-01,2022-07-01,7.496,252,251,0.004,513018724.64006424,34.5,,True,2022-07-01
GODFRYPHLP.NS,2015-01-01,2022-07-01,7.496,252,252,0.0,33930376.566101074,326.9179992675781,illiquid,False,2022-07-01
GODREJCP.NS,2015-01-01,2022-07-01,7.496,252,252,0.0,975149090.7010498,742.3577270507812,,True,2022-07-01
GODREJPROP.NS,2015-01-01,2022-07-01,7.496,252,252,0.0,1428268250.2764893,1221.893798828125,,True,2022-07-01
GRASIM.NS,2015-01-01,2022-07-01,7.496,252,252,0.0,1480083726.6210938,1312.343505859375,,True,2022-07-01
GVT&D.NS,2015-01-01,2022-07-01,7.496,252,252,0.0,13565419.460025787,98.2089614868164,illiquid,False,2022-07-01
HAL.NS,2018-04-02,2022-07-01,4.246,252,252,0.0,959712190.6754761,822.756103515625,,True,2022-07-01
HAVELLS.NS,2015-01-01,2022-07-01,7.496,252,252,0.0,1304926738.9193115,1082.8857421875,,True,2022-07-01
HCLTECH.NS,2015-01-01,2022-07-01,7.496,252,252,0.0,3972225693.8999023,819.5558471679688,,True,2022-07-01
HDFCAMC.NS,2018-08-06,2022-07-01,3.901,252,252,0.0,731870537.0870361,844.6911010742188,,True,2022-07-01
HDFCBANK.NS,2015-01-01,2022-07-01,7.496,252,252,0.0,9538981986.50476,640.7826538085938,,True,2022-07-01
HDFCLIFE.NS,2017-11-17,2022-07-01,4.619,252,252,0.0,1743363763.022461,558.14404296875,,True,2022-07-01
HEROMOTOCO.NS,2015-01-01,2022-07-01,7.496,252,252,0.0,1498360779.7807617,2373.5908203125,,True,2022-07-01
HINDALCO.NS,2015-01-01,2022-07-01,7.496,252,252,0.0,4510231505.361816,329.7904357910156,,True,2022-07-01
HINDPETRO.NS,2015-01-01,2022-07-01,7.496,252,252,0.0,1098028958.25,124.93041229248047,,True,2022-07-01
HINDUNILVR.NS,2015-01-01,2022-07-01,7.496,252,252,0.0,3596598498.8570557,2124.212646484375,,True,2022-07-01
HINDZINC.NS,2015-01-01,2022-07-01,7.496,252,252,0.0,226385590.44750977,170.06619262695312,illiquid,False,2022-07-01
ICICIBANK.NS,2015-01-01,2022-07-01,7.496,252,252,0.0,9121354775.010406,677.088623046875,,True,2022-07-01
ICICIGI.NS,2017-09-27,2022-07-01,4.758,252,252,0.0,818017755.1980591,1107.856201171875,,True,2022-07-01
ICICIPRULI.NS,2016-09-29,2022-07-01,5.752,252,252,0.0,686909688.6448059,496.8450622558594,,True,2022-07-01
IDEA.NS,2015-01-01,2022-07-01,7.496,252,252,0.0,1964736642.6236038,8.5,low_price,False,2022-07-01
IDFCFIRSTB.NS,2015-11-06,2022-07-01,6.65,252,251,0.004,1183587471.0,32.05063247680664,,True,2022-07-01
IEX.NS,2017-10-23,2022-07-01,4.687,252,252,0.0,2099204142.0848541,148.2155303955078,,True,2022-07-01
INDHOTEL.NS,2015-01-01,2022-07-01,7.496,252,252,0.0,1113898786.3968964,222.83131408691406,,True,2022-07-01
INDIANB.NS,2015-01-01,2022-07-01,7.496,252,252,0.0,318774956.2896576,135.41326904296875,,True,2022-07-01
INDIGO.NS,2015-11-10,2022-07-01,6.639,252,252,0.0,1383597171.4976196,1647.61572265625,,True,2022-07-01
INDUSINDBK.NS,2015-01-01,2022-07-01,7.496,252,252,0.0,3237920157.0,782.0933837890625,,True,2022-07-01
INDUSTOWER.NS,2015-01-01,2022-07-01,7.496,252,252,0.0,796913988.2668152,200.45596313476562,,True,2022-07-01
INFY.NS,2015-01-01,2022-07-01,7.496,252,252,0.0,9562562580.465515,1313.7030029296875,,True,2022-07-01
INOXWIND.NS,2015-04-09,2022-07-01,7.228,252,252,0.0,65302790.99172974,19.399999618530273,illiquid;low_price,False,2022-07-01
IOC.NS,2015-01-01,2022-07-01,7.496,252,252,0.0,1246116946.158245,59.333580017089844,,True,2022-07-01
IREDA.NS,,,0.0,0,0,1.0,0.0,,no_data,False,2022-07-01
IRFC.NS,2021-01-29,2022-07-01,1.418,252,252,0.0,156114599.86232758,17.834571838378906,short_history;illiquid;low_price,False,2022-07-01
ITC.NS,2015-01-01,2022-07-01,7.496,252,252,0.0,4174632357.6740417,234.86215209960938,,True,2022-07-01
JINDALSTEL.NS,2015-01-01,2022-07-01,7.496,252,252,0.0,3040005050.733856,328.4491271972656,,True,2022-07-01
JIOFIN.NS,,,0.0,0,0,1.0,0.0,,no_data,False,2022-07-01
JSWENERGY.NS,2015-01-01,2022-07-01,7.496,252,252,0.0,292410683.78056335,200.49586486816406,,True,2022-07-01
JSWSTEEL.NS,2015-01-01,2022-07-01,7.496,252,251,0.004,3118374532.9281616,550.1488037109375,,True,2022-07-01
JUBLFOOD.NS,2015-01-01,2022-07-01,7.496,252,252,0.0,1864476051.1558533,535.3909912109375,,True,2022-07-01
KALYANKJIL.NS,2021-03-26,2022-07-01,1.265,252,252,0.0,61174470.16630936,60.90475082397461,short_history;illiquid,False,2022-07-01
KAYNES.NS,,,0.0,0,0,1.0,0.0,,no_data,False,2022-07-01
KEI.NS,2015-01-01,2022-07-01,7.496,252,252,0.0,261985923.03710938,1191.897705078125,,True,2022-07-01
KFINTECH.NS,,,0.0,0,0,1.0,0.0,,no_data,False,2022-07-01
KOTAKBANK.NS,2015-01-01,2022-07-01,7.496,252,252,0.0,4899100518.221283,331.7544860839844,,True,2022-07-01
KPITTECH.NS,2019-04-22,2022-07-01,3.192,252,252,0.0,618718776.6131287,485.2008056640625,,True,2022-07-01
LAURUSLABS.NS,2016-12-19,2022-07-01,5.53,252,252,0.0,1078122138.4388428,459.8628845214844,,True,2022-07-01
LICHSGFIN.NS,2015-01-01,2022-07-01,7.496,252,252,0.0,1025707739.7187958,308.8945617675781,,True,2022-07-01
LICI.NS,2022-05-17,2022-07-01,0.123,34,34,0.0,2635808508.6984863,320.98333740234375,short_history,False,2022-07-01
LODHA.NS,2021-04-19,2022-07-01,1.199,252,252,0.0,329862372.4483032,528.1957397460938,short_history,False,2022-07-01
LT.NS,2015-01-01,2022-07-01,7.496,252,252,0.0,3475729809.75,1494.1724853515625,,True,2022-07-01
LTF.NS,2015-01-01,2022-07-01,7.496,252,252,0.0,551481578.8474541,65.00039672851562,,True,2022-07-01
LTM.NS,2016-07-21,2022-07-01,5.944,252,252,0.0,1855497359.8571777,3787.815673828125,,True,2022-07-01
LUPIN.NS,2015-01-01,2022-07-01,7.496,252,252,0.0,970322524.9525452,610.7634887695312,,True,2022-07-01
M&M.NS,2015-01-01,2022-07-01,7.496,252,252,0.0,2669003279.3419495,1057.1964111328125,,True,2022-07-01
MANAPPURAM.NS,2015-01-01,2022-07-01,7.496,252,252,0.0,651360305.4547577,81.62095642089844,,True,2022-07-01
MANKIND.NS,,,0.0,0,0,1.0,0.0,,no_data,False,2022-07-01
MARICO.NS,2015-01-01,2022-07-01,7.496,252,252,0.0,827469192.9496613,468.6238708496094,,True,2022-07-01
MARUTI.NS,2015-01-01,2022-07-01,7.496,252,252,0.0,4682874042.973633,8024.12841796875,,True,2022-07-01
MAXHEALTH.NS,2020-08-21,2022-07-01,1.859,252,252,0.0,363962338.22613525,357.1365966796875,short_history,False,2022-07-01
MAZDOCK.NS,2020-10-12,2022-07-01,1.717,252,252,0.0,97233364.74845886,118.7638168334961,short_history;illiquid,False,2022-07-01
MCX.NS,2015-01-01,2022-07-01,7.496,252,252,0.0,652372831.1050415,249.602783203125,,True,2022-07-01
MFSL.NS,2015-01-01,2022-07-01,7.496,252,252,0.0,523771668.4402466,803.3499755859375,,True,2022-07-01
MOTHERSON.NS,2015-01-01,2022-07-01,7.496,252,252,0.0,1265823488.3022919,50.893619537353516,,True,2022-07-01
MOTILALOFS.NS,2015-01-01,2022-07-01,7.496,252,252,0.0,179173586.3482666,736.56005859375,illiquid,False,2022-07-01
MPHASIS.NS,2015-01-01,2022-07-01,7.496,252,252,0.0,1682498902.7814941,1997.8408203125,,True,2022-07-01
MUTHOOTFIN.NS,2015-01-01,2022-07-01,7.496,252,252,0.0,933645764.0,985.6466064453125,,True,2022-07-01
NAM-INDIA.NS,2017-11-06,2022-07-01,4.649,252,252,0.0,231868896.90544128,241.3719940185547,illiquid,False,2022-07-01
NATIONALUM.NS,2015-01-01,2022-07-01,7.496,252,252,0.0,2485211238.8930054,56.863746643066406,,True,2022-07-01
NAUKRI.NS,2015-01-01,2022-07-01,7.496,252,252,0.0,1978374137.2769165,730.1652221679688,,True,2022-07-01
NBCC.NS,2015-01-01,2022-07-01,7.496,252,252,0.0,208215829.34743214,18.355594635009766,illiquid;low_price,False,2022-07-01
NESTLEIND.NS,2015-01-01,2022-07-01,7.496,252,252,0.0,949971097.9736328,850.9176025390625,,True,2022-07-01
NHPC.NS,2015-01-01,2022-07-01,7.496,252,252,0.0,174734870.4538498,27.246007919311523,illiquid,False,2022-07-01
NMDC.NS,2015-01-01,2022-07-01,7.496,252,252,0.0,1494410070.24436,23.811721801757812,,True,2022-07-01
NTPC.NS,2015-01-01,2022-07-01,7.496,252,252,0.0,1662903330.1182556,124.01936340332031,,True,2022-07-01
NYKAA.NS,2021-11-10,2022-07-01,0.638,161,161,0.0,1144798051.8405762,235.6750030517578,short_history,False,2022-07-01
OBEROIRLTY.NS,2015-01-01,2022-07-01,7.496,252,252,0.0,709675048.2636108,724.7966918945312,,True,2022-07-01
OFSS.NS,2015-01-01,2022-07-01,7.496,252,252,0.0,373468990.7480469,2583.9990234375,,True,2022-07-01
OIL.NS,2015-01-01,2022-07-01,7.496,252,252,0.0,293682290.5217285,118.00555419921875,,True,2022-07-01
ONGC.NS,2015-01-01,2022-07-01,7.496,252,252,0.0,2443646130.965706,102.08502960205078,,True,2022-07-01
PAGEIND.NS,2015-01-01,2022-07-01,7.496,252,252,0.0,785312287.7285156,39128.8125,,True,2022-07-01
PATANJALI.NS,2015-01-01,2022-07-01,7.496,252,252,0.0,26776481.258148193,342.8453063964844,illiquid,False,2022-07-01
PAYTM.NS,2021-11-18,2022-07-01,0.616,155,155,0.0,2226164988.27063,657.0,short_history,False,2022-07-01
PERSISTENT.NS,2015-01-01,2022-07-01,7.496,252,252,0.0,992135621.513794,1603.2911376953125,,True,2022-07-01
PETRONET.NS,2015-01-01,2022-07-01,7.496,252,252,0.0,487967739.1973877,185.0985107421875,,True,2022-07-01
PFC.NS,2015-01-01,2022-07-01,7.496,252,252,0.0,490525436.539402,68.85346221923828,,True,2022-07-01
PGEL.NS,2015-01-01,2022-07-01,7.496,252,252,0.0,27910687.127075195,89.0017318725586,illiquid,False,2022-07-01
PHOENIXLTD.NS,2015-01-01,2022-07-01,7.496,252,252,0.0,190113778.92175293,589.2827758789062,illiquid,False,2022-07-01
PIDILITIND.NS,2015-01-01,2022-07-01,7.496,252,252,0.0,890721742.8640137,1049.8291015625,,True,2022-07-01
PIIND.NS,2015-01-01,2022-07-01,7.496,252,252,0.0,685737563.8234863,2537.146240234375,,True,2022-07-01
PNB.NS,2015-01-01,2022-07-01,7.496,252,252,0.0,1622878358.1287708,27.13693618774414,,True,2022-07-01
PNBHOUSING.NS,2016-11-07,2022-07-01,5.645,252,236,0.0635,68926977.03231812,268.2742614746094,illiquid;poor_coverage,False,2022-07-01
POLICYBZR.NS,2021-11-15,2022-07-01,0.624,158,158,0.0,479024091.7449951,588.0499877929688,short_history,False,2022-07-01
POLYCAB.NS,2019-04-16,2022-07-01,3.209,252,251,0.004,733911270.8295898,2132.5810546875,,True,2022-07-01
POWERGRID.NS,2015-01-01,2022-07-01,7.496,252,252,0.0,1982901584.7657928,129.59579467773438,,True,2022-07-01
POWERINDIA.NS,2020-03-30,2022-07-01,2.253,252,252,0.0,102366660.15161133,3142.011962890625,short_history;illiquid,False,2022-07-01
PRESTIGE.NS,2015-01-01,2022-07-01,7.496,252,252,0.0,333792129.6552124,384.3966979980469,,True,2022-07-01
RADICO.NS,2015-01-01,2022-07-01,7.496,252,252,0.0,307666331.682251,864.3251953125,,True,2022-07-01
RBLBANK.NS,2016-08-31,2022-07-01,5.832,252,252,0.0,1648375277.0,84.52488708496094,,True,2022-07-01
RECLTD.NS,2015-01-01,2022-07-01,7.496,252,252,0.0,489003956.6404877,70.86040496826172,,True,2022-07-01
RELIANCE.NS,2015-01-01,2022-07-01,7.496,252,252,0.0,14534889263.60431,1090.943359375,,True,2022-07-01
RVNL.NS,2019-04-11,2022-07-01,3.222,252,252,0.0,89027457.90671444,28.57850456237793,illiquid,False,2022-07-01
SAIL.NS,2015-01-01,2022-07-01,7.496,252,252,0.0,3886692585.847206,64.8462905883789,,True,2022-07-01
SBICARD.NS,2020-03-16,2022-07-01,2.292,252,252,0.0,1199769982.149414,762.1988525390625,short_history,False,2022-07-01
SBILIFE.NS,2017-10-03,2022-07-01,4.742,252,252,0.0,1425410893.0532837,1091.7073974609375,,True,2022-07-01
SBIN.NS,2015-01-01,2022-07-01,7.496,252,252,0.0,7945649494.295975,433.7143249511719,,True,2022-07-01
SHREECEM.NS,2015-01-01,2022-07-01,7.496,252,252,0.0,900146339.9951172,18848.90234375,,True,2022-07-01
SHRIRAMFIN.NS,2015-01-01,2022-07-01,7.496,252,252,0.0,1356213248.1968307,235.44764709472656,,True,2022-07-01
SIEMENS.NS,2015-01-01,2022-07-01,7.496,252,252,0.0,603144314.6411133,1387.427978515625,,True,2022-07-01
SOLARINDS.NS,2015-01-01,2022-07-01,7.496,252,252,0.0,94438894.32250977,2712.00927734375,illiquid,False,2022-07-01
SONACOMS.NS,2021-06-24,2022-07-01,1.018,252,251,0.004,916392271.0,554.6160888671875,short_history,False,2022-07-01
SRF.NS,2015-01-01,2022-07-01,7.496,252,252,0.0,1749175555.3952637,2131.498779296875,,True,2022-07-01
SUNPHARMA.NS,2015-01-01,2022-07-01,7.496,252,252,0.0,2381569112.6273804,795.5196533203125,,True,2022-07-01
SUPREMEIND.NS,2015-01-01,2022-07-01,7.496,252,252,0.0,145161947.8045044,1713.457763671875,illiquid,False,2022-07-01
SUZLON.NS,2015-01-01,2022-07-01,7.496,252,252,0.0,307771725.875093,6.197944164276123,low_price,False,2022-07-01
TATACONSUM.NS,2015-01-01,2022-07-01,7.496,252,252,0.0,1323101507.256073,695.8510131835938,,True,2022-07-01
TATAELXSI.NS,2015-01-01,2022-07-01,7.496,252,252,0.0,1523416264.7145996,7781.40087890625,,True,2022-07-01
TATAPOWER.NS,2015-01-01,2022-07-01,7.496,252,252,0.0,6013107896.25,201.7002410888672,,True,2022-07-01
TATASTEEL.NS,2015-01-01,2022-07-01,7.496,252,252,0.0,9813901636.538162,79.3325424194336,,True,2022-07-01
TCS.NS,2015-01-01,2022-07-01,7.496,252,252,0.0,7757721233.371094,2909.887939453125,,True,2022-07-01
TECHM.NS,2015-01-01,2022-07-01,7.496,252,252,0.0,3750782339.449341,857.4639892578125,,True,2022-07-01
TIINDIA.NS,2017-11-02,2022-07-01,4.66,252,252,0.0,172528025.1015625,1755.2864990234375,illiquid,False,2022-07-01
TITAN.NS,2015-01-01,2022-07-01,7.496,252,252,0.0,2702976248.8703613,1914.7076416015625,,True,2022-07-01
TMPV.NS,2015-01-01,2022-07-01,7.496,252,252,0.0,8968538370.103271,402.0655212402344,,True,2022-07-01
TORNTPHARM.NS,2015-01-01,2022-07-01,7.496,252,252,0.0,372315033.4868164,1398.0201416015625,,True,2022-07-01
TRENT.NS,2015-01-01,2022-07-01,7.496,252,252,0.0,654757726.306427,1069.8096923828125,,True,2022-07-01
TVSMOTOR.NS,2015-01-01,2022-07-01,7.496,252,252,0.0,991859689.5309448,846.373046875,,True,2022-07-01
ULTRACEMCO.NS,2015-01-01,2022-07-01,7.496,252,252,0.0,2225744254.3413086,5453.66259765625,,True,2022-07-01
UNIONBANK.NS,2015-01-01,2022-07-01,7.496,252,252,0.0,406764598.74611664,30.549365997314453,,True,2022-07-01
UNITDSPR.NS,2015-01-01,2022-07-01,7.496,252,252,0.0,1169285206.7659912,766.4728393554688,,True,2022-07-01
UNOMINDA.NS,2015-01-01,2022-07-01,7.496,252,252,0.0,233081137.98712158,466.6725158691406,illiquid,False,2022-07-01
UPL.NS,2015-01-01,2022-07-01,7.496,252,252,0.0,1781325491.6999207,612.4942626953125,,True,2022-07-01
VBL.NS,2016-11-08,2022-07-01,5.643,252,252,0.0,417805342.6816635,156.82545471191406,,True,2022-07-01
VEDL.NS,2015-01-01,2022-07-01,7.496,252,252,0.0,3688751854.548126,127.21337127685547,,True,2022-07-01
VOLTAS.NS,2015-01-01,2022-07-01,7.496,252,252,0.0,1066767827.5982666,939.7265014648438,,True,2022-07-01
WIPRO.NS,2015-01-01,2022-07-01,7.496,252,252,0.0,3737993235.220764,194.6624755859375,,True,2022-07-01
YESBANK.NS,2015-01-01,2022-07-01,7.496,252,252,0.0,1097648882.7179918,12.649999618530273,low_price,False,2022-07-01
ZYDUSLIFE.NS,2015-01-01,2022-07-01,7.496,252,251,0.004,787723178.3630371,350.2017822265625,,True,2022-07-01
360ONE.NS,2019-09-19,2022-12-30,3.28,252,252,0.0,61228145.86804199,415.99493408203125,illiquid,False,2022-12-30
ABB.NS,2015-01-01,2022-12-30,7.995,252,252,0.0,671586316.5062256,2599.56005859375,,True,2022-12-30
ABCAPITAL.NS,2017-09-01,2022-12-30,5.328,252,252,0.0,367364610.5637741,150.1999969482422,,True,2022-12-30
ADANIENSOL.NS,2015-07-31,2022-12-30,7.417,252,252,0.0,1114549305.9628906,2589.25,,True,2022-12-30
ADANIENT.NS,2015-01-01,2022-12-30,7.995,252,252,0.0,3709235612.660034,3851.342529296875,,True,2022-12-30
ADANIGREEN.NS,2018-06-18,2022-12-30,4.534,252,252,0.0,2225410695.6934204,1931.800048828125,,True,2022-12-30
ADANIPORTS.NS,2015-01-01,2022-12-30,7.995,252,252,0.0,4012579002.7272034,801.8680419921875,,True,2022-12-30
ADANIPOWER.NS,2015-01-01,2022-12-30,7.995,252,252,0.0,1701344456.6243458,59.90999984741211,,True,2022-12-30
ALKEM.NS,2015-12-23,2022-12-30,7.02,252,252,0.0,266720236.39086914,2882.964599609375,,True,2022-12-30
AMBER.NS,2018-01-30,2022-12-30,4.914,252,252,0.0,168081997.43945312,1891.300048828125,illiquid,False,2022-12-30
AMBUJACEM.NS,2015-01-01,2022-12-30,7.995,252,252,0.0,2125010883.4434357,515.0509643554688,,True,2022-12-30
ANGELONE.NS,2020-10-05,2022-12-30,2.234,252,252,0.0,725427244.6266174,122.1667251586914,short_history,False,2022-12-30
APLAPOLLO.NS,2015-01-01,2022-12-30,7.995,252,252,0.0,383124451.4934082,1080.803466796875,,True,2022-12-30
APOLLOHOSP.NS,2015-01-01,2022-12-30,7.995,252,252,0.0,2430693765.993042,4429.45263671875,,True,2022-12-30
ASHOKLEY.NS,2015-01-01,2022-12-30,7.995,252,252,0.0,1619112316.8300934,65.22626495361328,,True,2022-12-30
ASIANPAINT.NS,2015-01-01,2022-12-30,7.995,252,252,0.0,3181647770.538208,2969.478271484375,,True,2022-12-30
ASTRAL.NS,2015-01-01,2022-12-30,7.995,252,252,0.0,681420025.350647,1460.7259521484375,,True,2022-12-30
AUBANK.NS,2017-07-11,2022-12-30,5.47,252,252,0.0,1261179861.6940308,651.1211547851562,,True,2022-12-30
AUROPHARMA.NS,2015-01-01,2022-12-30,7.995,252,252,0.0,813277094.6113892,432.01544189453125,,True,2022-12-30
AXISBANK.NS,2015-01-01,2022-12-30,7.995,252,252,0.0,6595569582.246002,930.5652465820312,,True,2022-12-30
BAJAJ-AUTO.NS,2015-01-01,2022-12-30,7.995,252,252,0.0,1303710316.8190918,3347.2890625,,True,2022-12-30
BAJAJFINSV.NS,2015-01-01,2022-12-30,7.995,252,252,0.0,3961923612.811157,1543.9888916015625,,True,2022-12-30
BAJAJHLDNG.NS,2015-01-01,2022-12-30,7.995,252,252,0.0,272178118.75,5489.81884765625,,True,2022-12-30
BAJFINANCE.NS,2015-01-01,2022-12-30,7.995,252,252,0.0,6968855823.551636,643.5164184570312,,True,2022-12-30
BANDHANBNK.NS,2018-03-27,2022-12-30,4.761,252,252,0.0,2062727601.8052673,226.8371124267578,,True,2022-12-30
BANKBARODA.NS,2015-01-01,2022-12-30,7.995,252,252,0.0,3307121586.183235,164.26986694335938,,True,2022-12-30
BANKINDIA.NS,2015-01-01,2022-12-30,7.995,252,252,0.0,193082950.8706131,78.48455810546875,illiquid,False,2022-12-30
BDL.NS,2018-03-23,2022-12-30,4.772,252,252,0.0,625916829.875,461.0149841308594,,True,2022-12-30
BEL.NS,2015-01-01,2022-12-30,7.995,252,252,0.0,1547110082.4869614,95.8958969116211,,True,2022-12-30
BHARATFORG.NS,2015-01-01,2022-12-30,7.995,252,252,0.0,916984680.5,859.2657470703125,,True,2022-12-30
BHARTIARTL.NS,2015-01-01,2022-12-30,7.995,252,252,0.0,4223419276.6849976,781.5160522460938,,True,2022-12-30
BHEL.NS,2015-01-01,2022-12-30,7.995,252,252,0.0,1286371489.3340607,78.3983383178711,,True,2022-12-30
BIOCON.NS,2015-01-01,2022-12-30,7.995,252,252,0.0,601572832.2111206,259.3188781738281,,True,2022-12-30
BLUESTARCO.NS,2015-01-01,2022-12-30,7.995,252,252,0.0,73942189.55053711,587.0573120117188,illiquid,False,2022-12-30
BOSCHLTD.NS,2015-01-01,2022-12-30,7.995,252,252,0.0,400233917.296875,16295.443359375,,True,2022-12-30
BPCL.NS,2015-01-01,2022-12-30,7.995,252,252,0.0,1260244413.0,139.17787170410156,,True,2022-12-30
BRITANNIA.NS,2015-01-01,2022-12-30,7.995,252,250,0.0079,1055941439.5004883,4058.756103515625,,True,2022-12-30
BSE.NS,2017-02-03,2022-12-30,5.903,252,252,0.0,654482747.9727402,177.02503967285156,,True,2022-12-30
CAMS.NS,2020-10-05,2022-12-30,2.234,252,252,0.0,317833983.2080078,417.53057861328125,short_history,False,2022-12-30
CANBK.NS,2015-01-01,2022-12-30,7.995,252,252,0.0,2237917256.643238,58.3423957824707,,True,2022-12-30
CDSL.NS,2017-06-30,2022-12-30,5.5,252,252,0.0,574864150.6072998,535.6246337890625,,True,2022-12-30
CGPOWER.NS,2015-01-01,2022-12-30,7.995,252,252,0.0,292043224.6582947,267.0140380859375,,True,2022-12-30
CHOLAFIN.NS,2015-01-01,2022-12-30,7.995,252,252,0.0,1076686172.3274536,718.2996215820312,,True,2022-12-30
CIPLA.NS,2015-01-01,2022-12-30,7.995,252,252,0.0,1690653611.1275635,1037.4019775390625,,True,2022-12-30
COALINDIA.NS,2015-01-01,2022-12-30,7.995,252,252,0.0,1921006012.4134064,177.05722045898438,,True,2022-12-30
COCHINSHIP.NS,2017-08-11,2022-12-30,5.385,252,252,0.0,65140582.47001648,256.2552185058594,illiquid,False,2022-12-30
COFORGE.NS,2015-01-01,2022-12-30,7.995,252,252,0.0,1211092974.9499512,742.1812744140625,,True,2022-12-30
COLPAL.NS,2015-01-01,2022-12-30,7.995,252,252,0.0,441898957.4613037,1421.1192626953125,,True,2022-12-30
CONCOR.NS,2015-01-01,2022-12-30,7.995,252,252,0.0,757807549.282074,703.076904296875,,True,2022-12-30
CROMPTON.NS,2016-05-13,2022-12-30,6.631,252,252,0.0,550106018.9743958,323.81781005859375,,True,2022-12-30
CUMMINSIND.NS,2015-01-01,2022-12-30,7.995,252,252,0.0,603983798.8657837,1306.4893798828125,,True,2022-12-30
DABUR.NS,2015-01-01,2022-12-30,7.995,252,252,0.0,879055668.130249,535.45849609375,,True,2022-12-30
DALBHARAT.NS,2018-12-21,2022-12-30,4.025,252,252,0.0,328365771.0975952,1832.85888671875,,True,2022-12-30
DELHIVERY.NS,2022-05-24,2022-12-30,0.602,153,153,0.0,306001285.5,331.45001220703125,short_history,False,2022-12-30
DIVISLAB.NS,2015-01-01,2022-12-30,7.995,252,252,0.0,1575357330.5354004,3336.1962890625,,True,2022-12-30
DIXON.NS,2017-09-18,2022-12-30,5.281,252,252,0.0,997270724.3664551,3899.054931640625,,True,2022-12-30
DLF.NS,2015-01-01,2022-12-30,7.995,252,250,0.0079,1771435209.6641693,362.7091369628906,,True,2022-12-30
DMART.NS,2017-03-21,2022-12-30,5.777,252,252,0.0,1379532104.744873,4068.75,,True,2022-12-30
DRREDDY.NS,2015-01-01,2022-12-30,7.995,252,252,0.0,1594032324.256897,825.4797973632812,,True,2022-12-30
EICHERMOT.NS,2015-01-01,2022-12-30,7.995,252,252,0.0,1919723869.14917,3084.805419921875,,True,2022-12-30
ETERNAL.NS,2021-07-23,2022-12-30,1.437,252,252,0.0,2900110913.493038,59.29999923706055,short_history,False,2022-12-30
FEDERALBNK.NS,2015-01-01,2022-12-30,7.995,252,252,0.0,1310571289.3788147,135.909423828125,,True,2022-12-30
FORCEMOT.NS,2019-08-19,2022-12-30,3.365,252,252,0.0,38005218.8894043,1375.9205322265625,illiquid,False,2022-12-30
FORTIS.NS,2015-01-01,2022-12-30,7.995,252,252,0.0,254187731.04492188,284.007568359375,,True,2022-12-30
GAIL.NS,2015-01-01,2022-12-30,7.995,252,252,0.0,1216667711.3911057,83.38316345214844,,True,2022-12-30
GLENMARK.NS,2015-01-01,2022-12-30,7.995,252,252,0.0,325988161.99009705,421.2737731933594,,True,2022-12-30
GMRAIRPORT.NS,2015-01-01,2022-12-30,7.995,252,251,0.004,363120384.0,39.75,,True,2022-12-30
GODFRYPHLP.NS,2015-01-01,2022-12-30,7.995,252,252,0.0,46108685.89430237,619.8850708007812,illiquid,False,2022-12-30
GODREJCP.NS,2015-01-01,2022-12-30,7.995,252,252,0.0,821015778.5146179,830.272216796875,,True,2022-12-30
GODREJPROP.NS,2015-01-01,2022-12-30,7.995,252,252,0.0,884318069.329956,1218.80859375,,True,2022-12-30
GRASIM.NS,2015-01-01,2022-12-30,7.995,252,252,0.0,1292176601.1922607,1689.331787109375,,True,2022-12-30
GVT&D.NS,2015-01-01,2022-12-30,7.995,252,252,0.0,7784236.767036438,114.71800994873047,illiquid,False,2022-12-30
HAL.NS,2018-04-02,2022-12-30,4.745,252,252,0.0,1519071512.008728,1213.7701416015625,,True,2022-12-30
HAVELLS.NS,2015-01-01,2022-12-30,7.995,252,252,0.0,928664287.434021,1071.8740234375,,True,2022-12-30
HCLTECH.NS,2015-01-01,2022-12-30,7.995,252,252,0.0,3088234214.447754,891.9381713867188,,True,2022-12-30
HDFCAMC.NS,2018-08-06,2022-12-30,4.4,252,252,0.0,598530498.5036011,1004.685546875,,True,2022-12-30
HDFCBANK.NS,2015-01-01,2022-12-30,7.995,252,252,0.0,9476137903.019531,770.6668090820312,,True,2022-12-30
HDFCLIFE.NS,2017-11-17,2022-12-30,5.117,252,252,0.0,1676463699.9031372,558.9336547851562,,True,2022-12-30
HEROMOTOCO.NS,2015-01-01,2022-12-30,7.995,252,252,0.0,1419159674.8015137,2381.92919921875,,True,2022-12-30
HINDALCO.NS,2015-01-01,2022-12-30,7.995,252,252,0.0,4247296446.670471,461.7856140136719,,True,2022-12-30
HINDPETRO.NS,2015-01-01,2022-12-30,7.995,252,252,0.0,951930892.7545471,135.80430603027344,,True,2022-12-30
HINDUNILVR.NS,2015-01-01,2022-12-30,7.995,252,252,0.0,3596598498.8570557,2399.595458984375,,True,2022-12-30
HINDZINC.NS,2015-01-01,2022-12-30,7.995,252,252,0.0,178629834.97575378,249.8415985107422,illiquid,False,2022-12-30
ICICIBANK.NS,2015-01-01,2022-12-30,7.995,252,252,0.0,9613378393.450317,862.0599365234375,,True,2022-12-30
ICICIGI.NS,2017-09-27,2022-12-30,5.257,252,252,0.0,722972790.887207,1205.6495361328125,,True,2022-12-30
ICICIPRULI.NS,2016-09-29,2022-12-30,6.251,252,252,0.0,634635134.667984,448.228271484375,,True,2022-12-30
IDEA.NS,2015-01-01,2022-12-30,7.995,252,252,0.0,1008527094.050014,7.900000095367432,low_price,False,2022-12-30
IDFCFIRSTB.NS,2015-11-06,2022-12-30,7.149,252,250,0.0079,1304501732.9022255,58.436500549316406,,True,2022-12-30
IEX.NS,2017-10-23,2022-12-30,5.185,252,252,0.0,1212296753.9088745,130.68357849121094,,True,2022-12-30
INDHOTEL.NS,2015-01-01,2022-12-30,7.995,252,252,0.0,1345506916.8068085,314.5302429199219,,True,2022-12-30
INDIANB.NS,2015-01-01,2022-12-30,7.995,252,252,0.0,316374371.73121643,258.3763122558594,,True,2022-12-30
INDIGO.NS,2015-11-10,2022-12-30,7.138,252,252,0.0,1153657450.2827148,2004.3128662109375,,True,2022-12-30
INDUSINDBK.NS,2015-01-01,2022-12-30,7.995,252,252,0.0,3195074532.2440796,1191.6788330078125,,True,2022-12-30
INDUSTOWER.NS,2015-01-01,2022-12-30,7.995,252,252,0.0,503566273.8343811,183.54248046875,,True,2022-12-30
INFY.NS,2015-01-01,2022-12-30,7.995,252,252,0.0,9160188063.200378,1353.9136962890625,,True,2022-12-30
INOXWIND.NS,2015-04-09,2022-12-30,7.726,252,252,0.0,59285266.17297363,27.137500762939453,illiquid,False,2022-12-30
IOC.NS,2015-01-01,2022-12-30,7.995,252,252,0.0,1146927008.979023,62.9700927734375,,True,2022-12-30
IREDA.NS,,,0.0,0,0,1.0,0.0,,no_data,False,2022-12-30
IRFC.NS,2021-01-29,2022-12-30,1.916,252,252,0.0,118170877.47292137,30.838977813720703,short_history;illiquid,False,2022-12-30
ITC.NS,2015-01-01,2022-12-30,7.995,252,252,0.0,3822474660.5641937,273.8475036621094,,True,2022-12-30
JINDALSTEL.NS,2015-01-01,2022-12-30,7.995,252,252,0.0,2113305511.9069366,575.41748046875,,True,2022-12-30
JIOFIN.NS,,,0.0,0,0,1.0,0.0,,no_data,False,2022-12-30
JSWENERGY.NS,2015-01-01,2022-12-30,7.995,252,252,0.0,222704580.25,282.3138427734375,illiquid,False,2022-12-30
JSWSTEEL.NS,2015-01-01,2022-12-30,7.995,252,250,0.0079,2155077434.3505554,752.5233154296875,,True,2022-12-30
JUBLFOOD.NS,2015-01-01,2022-12-30,7.995,252,252,0.0,1789485588.3969116,506.3957824707031,,True,2022-12-30
KALYANKJIL.NS,2021-03-26,2022-12-30,1.763,252,252,0.0,75956704.64042664,125.52925109863281,short_history;illiquid,False,2022-12-30
KAYNES.NS,2022-11-22,2022-12-30,0.104,29,29,0.0,144618181.5,750.9500122070312,short_history;illiquid,False,2022-12-30
KEI.NS,2015-01-01,2022-12-30,7.995,252,252,0.0,227797204.87609863,1457.3607177734375,illiquid,False,2022-12-30
KFINTECH.NS,2022-12-29,2022-12-30,0.003,2,2,0.0,1607433723.7411041,335.72613525390625,short_history,False,2022-12-30
KOTAKBANK.NS,2015-01-01,2022-12-30,7.995,252,252,0.0,4455220616.181564,363.70159912109375,,True,2022-12-30
KPITTECH.NS,2019-04-22,2022-12-30,3.691,252,252,0.0,739093603.2624512,686.6019287109375,,True,2022-12-30
LAURUSLABS.NS,2016-12-19,2022-12-30,6.029,252,252,0.0,713160435.0391388,371.6474304199219,,True,2022-12-30
LICHSGFIN.NS,2015-01-01,2022-12-30,7.995,252,252,0.0,902802829.9339752,385.8236389160156,,True,2022-12-30
LICI.NS,2022-05-17,2022-12-30,0.621,158,158,0.0,878875410.6279907,325.4765319824219,short_history,False,2022-12-30
LODHA.NS,2021-04-19,2022-12-30,1.697,252,252,0.0,284963457.19000244,540.0527954101562,short_history,False,2022-12-30
LT.NS,2015-01-01,2022-12-30,7.995,252,252,0.0,3326662656.4456787,2007.7314453125,,True,2022-12-30
LTF.NS,2015-01-01,2022-12-30,7.995,252,252,0.0,479759366.27905273,82.55144500732422,,True,2022-12-30
LTM.NS,2016-07-21,2022-12-30,6.442,252,250,0.0079,1756688687.2297363,4133.00537109375,,True,2022-12-30
LUPIN.NS,2015-01-01,2022-12-30,7.995,252,252,0.0,736205163.6129456,717.6585083007812,,True,2022-12-30
M&M.NS,2015-01-01,2022-12-30,7.995,252,252,0.0,3110106319.0147095,1204.8248291015625,,True,2022-12-30
MANAPPURAM.NS,2015-01-01,2022-12-30,7.995,252,252,0.0,518409149.0,108.98178100585938,,True,2022-12-30
MANKIND.NS,,,0.0,0,0,1.0,0.0,,no_data,False,2022-12-30
MARICO.NS,2015-01-01,2022-12-30,7.995,252,252,0.0,701659567.8664551,486.41668701171875,,True,2022-12-30
MARUTI.NS,2015-01-01,2022-12-30,7.995,252,252,0.0,4776663564.163086,8069.26953125,,True,2022-12-30
MAXHEALTH.NS,2020-08-21,2022-12-30,2.357,252,252,0.0,439054688.439209,436.7818298339844,short_history,False,2022-12-30
MAZDOCK.NS,2020-10-12,2022-12-30,2.215,252,252,0.0,129863741.7862854,385.3236999511719,short_history;illiquid,False,2022-12-30
MCX.NS,2015-01-01,2022-12-30,7.995,252,252,0.0,436714442.4026489,305.9236145019531,,True,2022-12-30
MFSL.NS,2015-01-01,2022-12-30,7.995,252,252,0.0,376715488.97491455,677.5,,True,2022-12-30
MOTHERSON.NS,2015-01-01,2022-12-30,7.995,252,252,0.0,911805923.2019997,48.34745788574219,,True,2022-12-30
MOTILALOFS.NS,2015-01-01,2022-12-30,7.995,252,252,0.0,71175997.49801636,667.8176879882812,illiquid,False,2022-12-30
MPHASIS.NS,2015-01-01,2022-12-30,7.995,252,252,0.0,1168638335.600708,1795.6859130859375,,True,2022-12-30
MUTHOOTFIN.NS,2015-01-01,2022-12-30,7.995,252,252,0.0,727259217.4411621,1004.931396484375,,True,2022-12-30
NAM-INDIA.NS,2017-11-06,2022-12-30,5.147,252,252,0.0,147733419.10125732,224.3721923828125,illiquid,False,2022-12-30
NATIONALUM.NS,2015-01-01,2022-12-30,7.995,252,252,0.0,1344071098.631874,67.67955017089844,,True,2022-12-30
NAUKRI.NS,2015-01-01,2022-12-30,7.995,252,252,0.0,1554315555.2096558,773.2797241210938,,True,2022-12-30
NBCC.NS,2015-01-01,2022-12-30,7.995,252,252,0.0,159159297.9988575,25.135833740234375,illiquid,False,2022-12-30
NESTLEIND.NS,2015-01-01,2022-12-30,7.995,252,252,0.0,999163986.2121582,943.0927124023438,,True,2022-12-30
NHPC.NS,2015-01-01,2022-12-30,7.995,252,252,0.0,310498164.07541656,35.61359405517578,,True,2022-12-30
NMDC.NS,2015-01-01,2022-12-30,7.995,252,252,0.0,1038606604.18713,34.7647705078125,,True,2022-12-30
NTPC.NS,2015-01-01,2022-12-30,7.995,252,252,0.0,1926179999.749382,149.58401489257812,,True,2022-12-30
NYKAA.NS,2021-11-10,2022-12-30,1.136,252,252,0.0,827685864.7520905,154.85000610351562,short_history,False,2022-12-30
OBEROIRLTY.NS,2015-01-01,2022-12-30,7.995,252,252,0.0,614824748.1203918,850.968505859375,,True,2022-12-30
OFSS.NS,2015-01-01,2022-12-30,7.995,252,252,0.0,243690888.75170898,2553.759521484375,illiquid,False,2022-12-30
OIL.NS,2015-01-01,2022-12-30,7.995,252,252,0.0,298754223.0029793,120.60137176513672,,True,2022-12-30
ONGC.NS,2015-01-01,2022-12-30,7.995,252,252,0.0,2536517060.027817,122.8907241821289,,True,2022-12-30
PAGEIND.NS,2015-01-01,2022-12-30,7.995,252,252,0.0,793832316.0195312,40621.0859375,,True,2022-12-30
PATANJALI.NS,2015-01-01,2022-12-30,7.995,252,252,0.0,303543095.8535156,386.86376953125,,True,2022-12-30
PAYTM.NS,2021-11-18,2022-12-30,1.114,252,252,0.0,1694868068.1942902,531.0,short_history,False,2022-12-30
PERSISTENT.NS,2015-01-01,2022-12-30,7.995,252,252,0.0,1079042075.371582,1878.7979736328125,,True,2022-12-30
PETRONET.NS,2015-01-01,2022-12-30,7.995,252,252,0.0,371328010.0037842,190.0878448486328,,True,2022-12-30
PFC.NS,2015-01-01,2022-12-30,7.995,252,252,0.0,486588080.3528404,95.83070373535156,,True,2022-12-30
PGEL.NS,2015-01-01,2022-12-30,7.995,252,252,0.0,23864898.139190674,112.50370788574219,illiquid,False,2022-12-30
PHOENIXLTD.NS,2015-01-01,2022-12-30,7.995,252,252,0.0,214600255.04162598,707.144287109375,illiquid,False,2022-12-30
PIDILITIND.NS,2015-01-01,2022-12-30,7.995,252,252,0.0,870968401.9467773,1245.740966796875,,True,2022-12-30
PIIND.NS,2015-01-01,2022-12-30,7.995,252,252,0.0,641369580.5397949,3365.296630859375,,True,2022-12-30
PNB.NS,2015-01-01,2022-12-30,7.995,252,252,0.0,1559510183.1987276,52.01630401611328,,True,2022-12-30
PNBHOUSING.NS,2016-11-07,2022-12-30,6.144,252,252,0.0,95574396.86631775,436.2625427246094,illiquid,False,2022-12-30
POLICYBZR.NS,2021-11-15,2022-12-30,1.123,252,252,0.0,447258376.6995239,448.29998779296875,short_history,False,2022-12-30
POLYCAB.NS,2019-04-16,2022-12-30,3.707,252,250,0.0079,676751341.3562012,2516.796630859375,,True,2022-12-30
POWERGRID.NS,2015-01-01,2022-12-30,7.995,252,252,0.0,2063009407.8639069,138.67076110839844,,True,2022-12-30
POWERINDIA.NS,2020-03-30,2022-12-30,2.752,252,252,0.0,112690312.44665527,3341.802490234375,short_history;illiquid,False,2022-12-30
PRESTIGE.NS,2015-01-01,2022-12-30,7.995,252,252,0.0,189407486.6062317,460.8731994628906,illiquid,False,2022-12-30
RADICO.NS,2015-01-01,2022-12-30,7.995,252,252,0.0,223645316.01190186,1004.4398193359375,illiquid,False,2022-12-30
RBLBANK.NS,2016-08-31,2022-12-30,6.33,252,252,0.0,1911397667.6106033,175.9137420654297,,True,2022-12-30
RECLTD.NS,2015-01-01,2022-12-30,7.995,252,252,0.0,468560100.6789284,95.50066375732422,,True,2022-12-30
RELIANCE.NS,2015-01-01,2022-12-30,7.995,252,252,0.0,14492703313.640442,1157.4365234375,,True,2022-12-30
RVNL.NS,2019-04-11,2022-12-30,3.721,252,252,0.0,112104952.85746002,65.48587036132812,illiquid,False,2022-12-30
SAIL.NS,2015-01-01,2022-12-30,7.995,252,252,0.0,2272224394.257721,79.02006530761719,,True,2022-12-30
SBICARD.NS,2020-03-16,2022-12-30,2.79,252,252,0.0,988329895.9091187,784.7396850585938,short_history,False,2022-12-30
SBILIFE.NS,2017-10-03,2022-12-30,5.24,252,252,0.0,1220652189.8599243,1222.184326171875,,True,2022-12-30
SBIN.NS,2015-01-01,2022-12-30,7.995,252,252,0.0,6931103934.7604065,570.141357421875,,True,2022-12-30
SHREECEM.NS,2015-01-01,2022-12-30,7.995,252,252,0.0,859644493.9882812,22898.767578125,,True,2022-12-30
SHRIRAMFIN.NS,2015-01-01,2022-12-30,7.995,252,252,0.0,1141336166.0954285,256.1332702636719,,True,2022-12-30
SIEMENS.NS,2015-01-01,2022-12-30,7.995,252,252,0.0,680803696.8825073,1629.1082763671875,,True,2022-12-30
SOLARINDS.NS,2015-01-01,2022-12-30,7.995,252,252,0.0,109366382.68530273,4367.0927734375,illiquid,False,2022-12-30
SONACOMS.NS,2021-06-24,2022-12-30,1.517,252,251,0.004,511066700.5161133,409.8316345214844,short_history,False,2022-12-30
SRF.NS,2015-01-01,2022-12-30,7.995,252,252,0.0,1440363395.7183838,2261.788818359375,,True,2022-12-30
SUNPHARMA.NS,2015-01-01,2022-12-30,7.995,252,252,0.0,2331287648.692169,963.8213500976562,,True,2022-12-30
SUPREMEIND.NS,2015-01-01,2022-12-30,7.995,252,252,0.0,116702159.99353027,2378.426025390625,illiquid,False,2022-12-30
SUZLON.NS,2015-01-01,2022-12-30,7.995,252,252,0.0,529201558.9389467,10.600000381469727,low_price,False,2022-12-30
TATACONSUM.NS,2015-01-01,2022-12-30,7.995,252,252,0.0,1168493308.4789124,741.6898193359375,,True,2022-12-30
TATAELXSI.NS,2015-01-01,2022-12-30,7.995,252,252,0.0,2302107163.2644043,6000.09912109375,,True,2022-12-30
TATAPOWER.NS,2015-01-01,2022-12-30,7.995,252,252,0.0,3858160880.1880646,202.38230895996094,,True,2022-12-30
TATASTEEL.NS,2015-01-01,2022-12-30,7.995,252,252,0.0,7122505367.304497,102.38655853271484,,True,2022-12-30
TCS.NS,2015-01-01,2022-12-30,7.995,252,252,0.0,6897456731.012573,2873.59033203125,,True,2022-12-30
TECHM.NS,2015-01-01,2022-12-30,7.995,252,252,0.0,3195508260.8115234,903.2059936523438,,True,2022-12-30
TIINDIA.NS,2017-11-02,2022-12-30,5.158,252,252,0.0,505145631.743042,2762.26220703125,,True,2022-12-30
TITAN.NS,2015-01-01,2022-12-30,7.995,252,252,0.0,2796086554.27771,2564.509033203125,,True,2022-12-30
TMPV.NS,2015-01-01,2022-12-30,7.995,252,252,0.0,6694156631.906448,377.9532470703125,,True,2022-12-30
TORNTPHARM.NS,2015-01-01,2022-12-30,7.995,252,252,0.0,362730069.0255127,1486.3265380859375,,True,2022-12-30
TRENT.NS,2015-01-01,2022-12-30,7.995,252,252,0.0,707333537.6605835,1346.6417236328125,,True,2022-12-30
TVSMOTOR.NS,2015-01-01,2022-12-30,7.995,252,252,0.0,1256180613.335083,1067.6429443359375,,True,2022-12-30
ULTRACEMCO.NS,2015-01-01,2022-12-30,7.995,252,252,0.0,2327421504.3466797,6706.2861328125,,True,2022-12-30
UNIONBANK.NS,2015-01-01,2022-12-30,7.995,252,252,0.0,367993510.1346588,71.19331359863281,,True,2022-12-30
UNITDSPR.NS,2015-01-01,2022-12-30,7.995,252,252,0.0,1069811798.285553,852.710693359375,,True,2022-12-30
UNOMINDA.NS,2015-01-01,2022-12-30,7.995,252,252,0.0,217608170.58496094,516.21875,illiquid,False,2022-12-30
UPL.NS,2015-01-01,2022-12-30,7.995,252,252,0.0,1566741577.132019,690.7662963867188,,True,2022-12-30
VBL.NS,2016-11-08,2022-12-30,6.141,252,252,0.0,1113496031.6153717,261.87371826171875,,True,2022-12-30
VEDL.NS,2015-01-01,2022-12-30,7.995,252,252,0.0,3375198490.4661255,210.21124267578125,,True,2022-12-30
VOLTAS.NS,2015-01-01,2022-12-30,7.995,252,252,0.0,1059625602.9499207,785.8645629882812,,True,2022-12-30
WIPRO.NS,2015-01-01,2022-12-30,7.995,252,252,0.0,3104771792.738556,181.16989135742188,,True,2022-12-30
YESBANK.NS,2015-01-01,2022-12-30,7.995,252,252,0.0,1272223810.0564156,20.600000381469727,,True,2022-12-30
ZYDUSLIFE.NS,2015-01-01,2022-12-30,7.995,252,250,0.0079,385547987.06941223,409.9664306640625,,True,2022-12-30
360ONE.NS,2019-09-19,2023-06-30,3.778,252,252,0.0,62304655.9806366,434.4007263183594,illiquid,False,2023-06-30
ABB.NS,2015-01-01,2023-06-30,8.493,252,252,0.0,966317157.4372559,4292.39013671875,,True,2023-06-30
ABCAPITAL.NS,2017-09-01,2023-06-30,5.826,252,252,0.0,378787650.1592407,196.3000030517578,,True,2023-06-30
ADANIENSOL.NS,2015-07-31,2023-06-30,7.915,252,252,0.0,1464677190.2318726,767.25,,True,2023-06-30
ADANIENT.NS,2015-01-01,2023-06-30,8.493,252,252,0.0,7572878840.625,2383.713134765625,,True,2023-06-30
ADANIGREEN.NS,2018-06-18,2023-06-30,5.032,252,252,0.0,2231505856.697632,945.9000244140625,,True,2023-06-30
ADANIPORTS.NS,2015-01-01,2023-06-30,8.493,252,252,0.0,4307246948.911774,724.5825805664062,,True,2023-06-30
ADANIPOWER.NS,2015-01-01,2023-06-30,8.493,252,252,0.0,1054531323.377552,49.970001220703125,,True,2023-06-30
ALKEM.NS,2015-12-23,2023-06-30,7.518,252,252,0.0,287294031.625,3411.7861328125,,True,2023-06-30
AMBER.NS,2018-01-30,2023-06-30,5.413,252,252,0.0,116527876.41357422,2256.199951171875,illiquid,False,2023-06-30
AMBUJACEM.NS,2015-01-01,2023-06-30,8.493,252,252,0.0,2807149780.834137,418.5464782714844,,True,2023-06-30
ANGELONE.NS,2020-10-05,2023-06-30,2.732,252,252,0.0,496620660.20793915,163.07876586914062,short_history,False,2023-06-30
APLAPOLLO.NS,2015-01-01,2023-06-30,8.493,252,252,0.0,439721457.84680176,1291.9163818359375,,True,2023-06-30
APOLLOHOSP.NS,2015-01-01,2023-06-30,8.493,252,252,0.0,1747315265.7631836,5050.19140625,,True,2023-06-30
ASHOKLEY.NS,2015-01-01,2023-06-30,8.493,252,252,0.0,1343607979.2517014,76.14280700683594,,True,2023-06-30
ASIANPAINT.NS,2015-01-01,2023-06-30,8.493,252,252,0.0,2792170252.187744,3254.645263671875,,True,2023-06-30
ASTRAL.NS,2015-01-01,2023-06-30,8.493,252,252,0.0,663069564.1459961,1966.1298828125,,True,2023-06-30
AUBANK.NS,2017-07-11,2023-06-30,5.969,252,252,0.0,912839602.3884888,749.8165893554688,,True,2023-06-30
AUROPHARMA.NS,2015-01-01,2023-06-30,8.493,252,252,0.0,642578811.6503448,721.4307250976562,,True,2023-06-30
AXISBANK.NS,2015-01-01,2023-06-30,8.493,252,252,0.0,7308960365.475952,984.08203125,,True,2023-06-30
BAJAJ-AUTO.NS,2015-01-01,2023-06-30,8.493,252,252,0.0,1220338717.113037,4475.71142578125,,True,2023-06-30
BAJAJFINSV.NS,2015-01-01,2023-06-30,8.493,252,252,0.0,2822232630.0373535,1524.99169921875,,True,2023-06-30
BAJAJHLDNG.NS,2015-01-01,2023-06-30,8.493,252,252,0.0,247674621.27270508,6709.86669921875,illiquid,False,2023-06-30
BAJFINANCE.NS,2015-01-01,2023-06-30,8.493,252,252,0.0,5926779811.845703,703.7875366210938,,True,2023-06-30
BANDHANBNK.NS,2018-03-27,2023-06-30,5.259,252,252,0.0,1671085875.7379913,234.44032287597656,,True,2023-06-30
BANKBARODA.NS,2015-01-01,2023-06-30,8.493,252,252,0.0,3397236931.8286552,173.40281677246094,,True,2023-06-30
BANKINDIA.NS,2015-01-01,2023-06-30,8.493,252,252,0.0,586033457.349205,67.24530029296875,,True,2023-06-30
BDL.NS,2018-03-23,2023-06-30,5.27,252,252,0.0,560452078.7828064,552.1878662109375,,True,2023-06-30
BEL.NS,2015-01-01,2023-06-30,8.493,252,252,0.0,1386201510.072319,122.26709747314453,,True,2023-06-30
BHARATFORG.NS,2015-01-01,2023-06-30,8.493,252,252,0.0,886653374.1900635,817.2228393554688,,True,2023-06-30
BHARTIARTL.NS,2015-01-01,2023-06-30,8.493,252,252,0.0,3840066418.4815674,851.950439453125,,True,2023-06-30
BHEL.NS,2015-01-01,2023-06-30,8.493,252,252,0.0,1224463089.3538246,86.7628173828125,,True,2023-06-30
BIOCON.NS,2015-01-01,2023-06-30,8.493,252,252,0.0,583536232.2178574,262.93359375,,True,2023-06-30
BLUESTARCO.NS,2015-01-01,2023-06-30,8.493,252,252,0.0,93588601.02835083,750.8343505859375,illiquid,False,2023-06-30
BOSCHLTD.NS,2015-01-01,2023-06-30,8.493,252,252,0.0,431602350.1269531,18170.50390625,,True,2023-06-30
BPCL.NS,2015-01-01,2023-06-30,8.493,252,252,0.0,954733747.9882355,153.57994079589844,,True,2023-06-30
BRITANNIA.NS,2015-01-01,2023-06-30,8.493,252,250,0.0079,1150094074.3374023,4815.62890625,,True,2023-06-30
BSE.NS,2017-02-03,2023-06-30,6.401,252,252,0.0,317557281.0159302,197.70343017578125,,True,2023-06-30
CAMS.NS,2020-10-05,2023-06-30,2.732,252,252,0.0,184022202.38822937,415.1117858886719,short_history;illiquid,False,2023-06-30
CANBK.NS,2015-01-01,2023-06-30,8.493,252,252,0.0,2188009621.912689,54.93049240112305,,True,2023-06-30
CDSL.NS,2017-06-30,2023-06-30,5.999,252,252,0.0,326565012.25323486,533.4393920898438,,True,2023-06-30
CGPOWER.NS,2015-01-01,2023-06-30,8.493,252,252,0.0,474268366.9862366,375.8226623535156,,True,2023-06-30
CHOLAFIN.NS,2015-01-01,2023-06-30,8.493,252,252,0.0,1003077455.6600342,1136.58837890625,,True,2023-06-30
CIPLA.NS,2015-01-01,2023-06-30,8.493,252,252,0.0,1537280707.9163513,978.5875854492188,,True,2023-06-30
COALINDIA.NS,2015-01-01,2023-06-30,8.493,252,252,0.0,1463437579.5804214,186.18753051757812,,True,2023-06-30
COCHINSHIP.NS,2017-08-11,2023-06-30,5.884,252,252,0.0,314615804.9087219,275.31903076171875,,True,2023-06-30
COFORGE.NS,2015-01-01,2023-06-30,8.493,252,252,0.0,1125548856.3331604,908.302001953125,,True,2023-06-30
COLPAL.NS,2015-01-01,2023-06-30,8.493,252,252,0.0,406313052.21221924,1581.8482666015625,,True,2023-06-30
CONCOR.NS,2015-01-01,2023-06-30,8.493,252,252,0.0,744869052.520752,633.1046142578125,,True,2023-06-30
CROMPTON.NS,2016-05-13,2023-06-30,7.129,252,252,0.0,516853326.6363373,278.6786804199219,,True,2023-06-30
CUMMINSIND.NS,2015-01-01,2023-06-30,8.493,252,252,0.0,811223438.677002,1852.836669921875,,True,2023-06-30
DABUR.NS,2015-01-01,2023-06-30,8.493,252,252,0.0,870667812.4429321,546.4260864257812,,True,2023-06-30
DALBHARAT.NS,2018-12-21,2023-06-30,4.523,252,251,0.004,410453518.375,2136.236328125,,True,2023-06-30
DELHIVERY.NS,2022-05-24,2023-06-30,1.101,252,252,0.0,324457026.1217041,381.04998779296875,short_history,False,2023-06-30
DIVISLAB.NS,2015-01-01,2023-06-30,8.493,252,252,0.0,1249184946.652832,3502.751953125,,True,2023-06-30
DIXON.NS,2017-09-18,2023-06-30,5.78,252,252,0.0,868212925.0,4382.36767578125,,True,2023-06-30
DLF.NS,2015-01-01,2023-06-30,8.493,252,250,0.0079,1485443888.3591766,474.47186279296875,,True,2023-06-30
DMART.NS,2017-03-21,2023-06-30,6.275,252,252,0.0,1096016681.8774414,3889.199951171875,,True,2023-06-30
DRREDDY.NS,2015-01-01,2023-06-30,8.493,252,252,0.0,1436729401.4189148,1005.0963745117188,,True,2023-06-30
EICHERMOT.NS,2015-01-01,2023-06-30,8.493,252,252,0.0,1925075867.6153564,3421.55126953125,,True,2023-06-30
ETERNAL.NS,2021-07-23,2023-06-30,1.936,252,252,0.0,3813851091.6735096,75.05000305175781,short_history,False,2023-06-30
FEDERALBNK.NS,2015-01-01,2023-06-30,8.493,252,252,0.0,1280721310.008503,123.30078125,,True,2023-06-30
FORCEMOT.NS,2019-08-19,2023-06-30,3.863,252,252,0.0,51654675.181640625,2713.96875,illiquid,False,2023-06-30
FORTIS.NS,2015-01-01,2023-06-30,8.493,252,251,0.004,207066231.17889404,312.74578857421875,illiquid,False,2023-06-30
GAIL.NS,2015-01-01,2023-06-30,8.493,252,252,0.0,1042083297.0,94.64412689208984,,True,2023-06-30
GLENMARK.NS,2015-01-01,2023-06-30,8.493,252,252,0.0,378292904.8514099,671.4158935546875,,True,2023-06-30
GMRAIRPORT.NS,2015-01-01,2023-06-30,8.493,252,251,0.004,330540287.5,43.70000076293945,,True,2023-06-30
GODFRYPHLP.NS,2015-01-01,2023-06-30,8.493,252,252,0.0,112415827.34133911,528.0629272460938,illiquid,False,2023-06-30
GODREJCP.NS,2015-01-01,2023-06-30,8.493,252,252,0.0,834866634.692627,1026.8568115234375,,True,2023-06-30
GODREJPROP.NS,2015-01-01,2023-06-30,8.493,252,252,0.0,640245775.9407349,1560.905029296875,,True,2023-06-30
GRASIM.NS,2015-01-01,2023-06-30,8.493,252,252,0.0,974673651.1923218,1700.2608642578125,,True,2023-06-30
GVT&D.NS,2015-01-01,2023-06-30,8.493,252,252,0.0,6972733.914489746,218.09849548339844,illiquid,False,2023-06-30
HAL.NS,2018-04-02,2023-06-30,5.243,252,252,0.0,2169423664.906006,1831.645263671875,,True,2023-06-30
HAVELLS.NS,2015-01-01,2023-06-30,8.493,252,252,0.0,772157250.5856934,1257.455810546875,,True,2023-06-30
HCLTECH.NS,2015-01-01,2023-06-30,8.493,252,252,0.0,2558068301.4387817,1046.3170166015625,,True,2023-06-30
HDFCAMC.NS,2018-08-06,2023-06-30,4.898,252,252,0.0,530828377.0205078,1083.3399658203125,,True,2023-06-30
HDFCBANK.NS,2015-01-01,2023-06-30,8.493,252,252,0.0,11193006589.188843,814.5745239257812,,True,2023-06-30
HDFCLIFE.NS,2017-11-17,2023-06-30,5.615,252,252,0.0,1645921120.9836426,644.9054565429688,,True,2023-06-30
HEROMOTOCO.NS,2015-01-01,2023-06-30,8.493,252,252,0.0,1216254780.2871094,2596.884033203125,,True,2023-06-30
HINDALCO.NS,2015-01-01,2023-06-30,8.493,252,252,0.0,2878779973.340103,410.6657409667969,,True,2023-06-30
HINDPETRO.NS,2015-01-01,2023-06-30,8.493,252,252,0.0,773368948.5284576,158.1544189453125,,True,2023-06-30
HINDUNILVR.NS,2015-01-01,2023-06-30,8.493,252,252,0.0,3523585822.75,2529.807373046875,,True,2023-06-30
HINDZINC.NS,2015-01-01,2023-06-30,8.493,252,252,0.0,172973876.4105835,269.3008117675781,illiquid,False,2023-06-30
ICICIBANK.NS,2015-01-01,2023-06-30,8.493,252,252,0.0,10697403173.252014,904.3960571289062,,True,2023-06-30
ICICIGI.NS,2017-09-27,2023-06-30,5.755,252,252,0.0,626428208.2270508,1316.545654296875,,True,2023-06-30
ICICIPRULI.NS,2016-09-29,2023-06-30,6.749,252,252,0.0,639400946.4225769,568.6033325195312,,True,2023-06-30
IDEA.NS,2015-01-01,2023-06-30,8.493,252,252,0.0,645478369.4585633,7.449999809265137,low_price,False,2023-06-30
IDFCFIRSTB.NS,2015-11-06,2023-06-30,7.647,252,250,0.0079,1658160561.0447845,78.9091567993164,,True,2023-06-30
IEX.NS,2017-10-23,2023-06-30,5.684,252,252,0.0,720495129.3826675,118.64201354980469,,True,2023-06-30
INDHOTEL.NS,2015-01-01,2023-06-30,8.493,252,252,0.0,1249610380.8994446,388.445556640625,,True,2023-06-30
INDIANB.NS,2015-01-01,2023-06-30,8.493,252,252,0.0,375509211.81173706,273.1288146972656,,True,2023-06-30
INDIGO.NS,2015-11-10,2023-06-30,7.636,252,252,0.0,1056381394.2722168,2622.46826171875,,True,2023-06-30
INDUSINDBK.NS,2015-01-01,2023-06-30,8.493,252,252,0.0,3429468701.8656006,1357.3580322265625,,True,2023-06-30
INDUSTOWER.NS,2015-01-01,2023-06-30,8.493,252,252,0.0,485111810.51657104,158.29273986816406,,True,2023-06-30
INFY.NS,2015-01-01,2023-06-30,8.493,252,252,0.0,7774146238.205566,1214.9947509765625,,True,2023-06-30
INOXWIND.NS,2015-04-09,2023-06-30,8.225,252,252,0.0,50400157.15662384,38.45000076293945,illiquid,False,2023-06-30
IOC.NS,2015-01-01,2023-06-30,8.493,252,252,0.0,843778561.8049698,75.15254211425781,,True,2023-06-30
IREDA.NS,,,0.0,0,0,1.0,0.0,,no_data,False,2023-06-30
IRFC.NS,2021-01-29,2023-06-30,2.415,252,252,0.0,468839044.7746372,30.981094360351562,short_history,False,2023-06-30
ITC.NS,2015-01-01,2023-06-30,8.493,252,252,0.0,3641108053.7153625,387.63262939453125,,True,2023-06-30
JINDALSTEL.NS,2015-01-01,2023-06-30,8.493,252,252,0.0,1406340343.7509766,575.8634033203125,,True,2023-06-30
JIOFIN.NS,,,0.0,0,0,1.0,0.0,,no_data,False,2023-06-30
JSWENERGY.NS,2015-01-01,2023-06-30,8.493,252,252,0.0,273393922.296875,269.8663330078125,,True,2023-06-30
JSWSTEEL.NS,2015-01-01,2023-06-30,8.493,252,250,0.0079,1387355770.7025146,768.9346313476562,,True,2023-06-30
JUBLFOOD.NS,2015-01-01,2023-06-30,8.493,252,252,0.0,1127271511.8304596,496.68505859375,,True,2023-06-30
KALYANKJIL.NS,2021-03-26,2023-06-30,2.261,252,252,0.0,296206924.6981659,145.86390686035156,short_history,False,2023-06-30
KAYNES.NS,2022-11-22,2023-06-30,0.602,151,151,0.0,158593217.0279541,1505.4000244140625,short_history;illiquid,False,2023-06-30
KEI.NS,2015-01-01,2023-06-30,8.493,252,252,0.0,274977110.45166016,2308.146728515625,,True,2023-06-30
KFINTECH.NS,2022-12-29,2023-06-30,0.501,124,124,0.0,40393294.81842041,361.3075866699219,short_history;illiquid,False,2023-06-30
KOTAKBANK.NS,2015-01-01,2023-06-30,8.493,252,252,0.0,4971298388.848114,367.5431213378906,,True,2023-06-30
KPITTECH.NS,2019-04-22,2023-06-30,4.189,252,252,0.0,889156321.4119873,1064.378662109375,,True,2023-06-30
LAURUSLABS.NS,2016-12-19,2023-06-30,6.527,252,252,0.0,523197063.83602905,364.438720703125,,True,2023-06-30
LICHSGFIN.NS,2015-01-01,2023-06-30,8.493,252,252,0.0,640349987.0,365.3749694824219,,True,2023-06-30
LICI.NS,2022-05-17,2023-06-30,1.12,252,252,0.0,679239130.5993958,300.5879821777344,short_history,False,2023-06-30
LODHA.NS,2021-04-19,2023-06-30,2.196,252,252,0.0,332882165.4689636,673.1043090820312,short_history,False,2023-06-30
LT.NS,2015-01-01,2023-06-30,8.493,252,252,0.0,3599925668.3500366,2382.8935546875,,True,2023-06-30
LTF.NS,2015-01-01,2023-06-30,8.493,252,252,0.0,476811998.20129395,120.82315063476562,,True,2023-06-30
LTM.NS,2016-07-21,2023-06-30,6.94,252,250,0.0079,1539264456.7426758,4942.74462890625,,True,2023-06-30
LUPIN.NS,2015-01-01,2023-06-30,8.493,252,252,0.0,534238006.07424927,883.0123901367188,,True,2023-06-30
M&M.NS,2015-01-01,2023-06-30,8.493,252,252,0.0,3027905281.6986084,1401.964111328125,,True,2023-06-30
MANAPPURAM.NS,2015-01-01,2023-06-30,8.493,252,252,0.0,646675596.0,125.86509704589844,,True,2023-06-30
MANKIND.NS,2023-05-09,2023-06-30,0.142,38,38,0.0,839325270.6515503,1706.12744140625,short_history,False,2023-06-30
MARICO.NS,2015-01-01,2023-06-30,8.493,252,252,0.0,591976249.9780884,511.13848876953125,,True,2023-06-30
MARUTI.NS,2015-01-01,2023-06-30,8.493,252,252,0.0,4083047301.131836,9409.677734375,,True,2023-06-30
MAXHEALTH.NS,2020-08-21,2023-06-30,2.856,252,252,0.0,709137946.1288757,595.6748657226562,short_history,False,2023-06-30
MAZDOCK.NS,2020-10-12,2023-06-30,2.713,252,252,0.0,1030543636.2052002,605.5191040039062,short_history,False,2023-06-30
MCX.NS,2015-01-01,2023-06-30,8.493,252,252,0.0,363326374.6974945,295.33380126953125,,True,2023-06-30
MFSL.NS,2015-01-01,2023-06-30,8.493,252,252,0.0,396393526.9460449,810.8499755859375,,True,2023-06-30
MOTHERSON.NS,2015-01-01,2023-06-30,8.493,252,252,0.0,801733493.4056492,55.878318786621094,,True,2023-06-30
MOTILALOFS.NS,2015-01-01,2023-06-30,8.493,252,252,0.0,52134082.5,710.1365356445312,illiquid,False,2023-06-30
MPHASIS.NS,2015-01-01,2023-06-30,8.493,252,252,0.0,921275254.854187,1724.9161376953125,,True,2023-06-30
MUTHOOTFIN.NS,2015-01-01,2023-06-30,8.493,252,252,0.0,572096987.1628113,1196.9833984375,,True,2023-06-30
NAM-INDIA.NS,2017-11-06,2023-06-30,5.645,252,252,0.0,89386752.662323,267.2567138671875,illiquid,False,2023-06-30
NATIONALUM.NS,2015-01-01,2023-06-30,8.493,252,252,0.0,824275539.1236382,72.16574096679688,,True,2023-06-30
NAUKRI.NS,2015-01-01,2023-06-30,8.493,252,252,0.0,1096547900.1145935,881.7578735351562,,True,2023-06-30
NBCC.NS,2015-01-01,2023-06-30,8.493,252,252,0.0,163344366.4395857,25.654096603393555,illiquid,False,2023-06-30
NESTLEIND.NS,2015-01-01,2023-06-30,8.493,252,252,0.0,1013485609.2919922,1106.7813720703125,,True,2023-06-30
NHPC.NS,2015-01-01,2023-06-30,8.493,252,252,0.0,417844107.4439068,42.62571334838867,,True,2023-06-30
NMDC.NS,2015-01-01,2023-06-30,8.493,252,252,0.0,889987301.7450733,30.544883728027344,,True,2023-06-30
NTPC.NS,2015-01-01,2023-06-30,8.493,252,252,0.0,1722858325.3489227,174.42550659179688,,True,2023-06-30
NYKAA.NS,2021-11-10,2023-06-30,1.634,252,252,0.0,877229316.1116714,148.60000610351562,short_history,False,2023-06-30
OBEROIRLTY.NS,2015-01-01,2023-06-30,8.493,252,252,0.0,486870314.77404785,969.3328247070312,,True,2023-06-30
OFSS.NS,2015-01-01,2023-06-30,8.493,252,252,0.0,202996262.58691406,3469.894287109375,illiquid,False,2023-06-30
OIL.NS,2015-01-01,2023-06-30,8.493,252,252,0.0,294636798.4225769,147.6851806640625,,True,2023-06-30
ONGC.NS,2015-01-01,2023-06-30,8.493,252,252,0.0,1758433276.8656158,137.8018798828125,,True,2023-06-30
PAGEIND.NS,2015-01-01,2023-06-30,8.493,252,252,0.0,773188793.0761719,35810.2890625,,True,2023-06-30
PATANJALI.NS,2015-01-01,2023-06-30,8.493,252,252,0.0,265672258.5900879,385.3402404785156,,True,2023-06-30
PAYTM.NS,2021-11-18,2023-06-30,1.613,252,252,0.0,1659131551.0533752,867.8499755859375,short_history,False,2023-06-30
PERSISTENT.NS,2015-01-01,2023-06-30,8.493,252,252,0.0,1161337213.5466309,2447.119873046875,,True,2023-06-30
PETRONET.NS,2015-01-01,2023-06-30,8.493,252,252,0.0,355598997.93522644,196.484375,,True,2023-06-30
PFC.NS,2015-01-01,2023-06-30,8.493,252,252,0.0,831568900.2706833,153.5821990966797,,True,2023-06-30
PGEL.NS,2015-01-01,2023-06-30,8.493,252,252,0.0,29550687.790260315,157.75399780273438,illiquid,False,2023-06-30
PHOENIXLTD.NS,2015-01-01,2023-06-30,8.493,252,252,0.0,234403521.55578613,777.1627807617188,illiquid,False,2023-06-30
PIDILITIND.NS,2015-01-01,2023-06-30,8.493,252,252,0.0,746859514.1473389,1268.6759033203125,,True,2023-06-30
PIIND.NS,2015-01-01,2023-06-30,8.493,252,252,0.0,764072877.2021484,3864.635986328125,,True,2023-06-30
PNB.NS,2015-01-01,2023-06-30,8.493,252,252,0.0,2069440138.922699,48.20771408081055,,True,2023-06-30
PNBHOUSING.NS,2016-11-07,2023-06-30,6.642,252,252,0.0,250890115.875,560.15185546875,,True,2023-06-30
POLICYBZR.NS,2021-11-15,2023-06-30,1.621,252,252,0.0,638689073.6914215,696.7999877929688,short_history,False,2023-06-30
POLYCAB.NS,2019-04-16,2023-06-30,4.205,252,249,0.0119,709135503.9282227,3498.60546875,,True,2023-06-30
POWERGRID.NS,2015-01-01,2023-06-30,8.493,252,252,0.0,1895142261.1806488,169.47547912597656,,True,2023-06-30
POWERINDIA.NS,2020-03-30,2023-06-30,3.25,252,252,0.0,89725032.4855957,4150.958984375,illiquid,False,2023-06-30
PRESTIGE.NS,2015-01-01,2023-06-30,8.493,252,252,0.0,160244677.50862122,571.530517578125,illiquid,False,2023-06-30
RADICO.NS,2015-01-01,2023-06-30,8.493,252,252,0.0,172258645.0045166,1199.096923828125,illiquid,False,2023-06-30
RBLBANK.NS,2016-08-31,2023-06-30,6.828,252,252,0.0,1515550840.9698868,178.41419982910156,,True,2023-06-30
RECLTD.NS,2015-01-01,2023-06-30,8.493,252,252,0.0,774946206.564064,138.7016143798828,,True,2023-06-30
RELIANCE.NS,2015-01-01,2023-06-30,8.493,252,252,0.0,12948494609.9693,1158.822509765625,,True,2023-06-30
RVNL.NS,2019-04-11,2023-06-30,4.219,252,252,0.0,558870871.6495552,119.78238677978516,,True,2023-06-30
SAIL.NS,2015-01-01,2023-06-30,8.493,252,252,0.0,1293071185.4942322,82.70829010009766,,True,2023-06-30
SBICARD.NS,2020-03-16,2023-06-30,3.288,252,252,0.0,829728381.3267212,838.6890258789062,,True,2023-06-30
SBILIFE.NS,2017-10-03,2023-06-30,5.739,252,252,0.0,1169401859.1152344,1300.27099609375,,True,2023-06-30
SBIN.NS,2015-01-01,2023-06-30,8.493,252,252,0.0,7055882310.380585,542.5325317382812,,True,2023-06-30
SHREECEM.NS,2015-01-01,2023-06-30,8.493,252,252,0.0,888517478.125,23579.826171875,,True,2023-06-30
SHRIRAMFIN.NS,2015-01-01,2023-06-30,8.493,252,252,0.0,864036367.9714966,330.9979553222656,,True,2023-06-30
SIEMENS.NS,2015-01-01,2023-06-30,8.493,252,252,0.0,943976348.8594971,2183.69677734375,,True,2023-06-30
SOLARINDS.NS,2015-01-01,2023-06-30,8.493,252,252,0.0,153414791.06103516,3733.08837890625,illiquid,False,2023-06-30
SONACOMS.NS,2021-06-24,2023-06-30,2.015,252,251,0.004,494138486.9621887,506.9217834472656,short_history,False,2023-06-30
SRF.NS,2015-01-01,2023-06-30,8.493,252,252,0.0,1150599049.2911377,2264.573486328125,,True,2023-06-30
SUNPHARMA.NS,2015-01-01,2023-06-30,8.493,252,252,0.0,2081440384.8113098,1019.73681640625,,True,2023-06-30
SUPREMEIND.NS,2015-01-01,2023-06-30,8.493,252,252,0.0,161324980.98223877,3124.783935546875,illiquid,False,2023-06-30
SUZLON.NS,2015-01-01,2023-06-30,8.493,252,252,0.0,650031093.5231714,15.300000190734863,low_price,False,2023-06-30
TATACONSUM.NS,2015-01-01,2023-06-30,8.493,252,252,0.0,849955229.8660583,841.59375,,True,2023-06-30
TATAELXSI.NS,2015-01-01,2023-06-30,8.493,252,252,0.0,1247494969.0180664,7300.2587890625,,True,2023-06-30
TATAPOWER.NS,2015-01-01,2023-06-30,8.493,252,252,0.0,2059651842.4040985,218.18325805664062,,True,2023-06-30
TATASTEEL.NS,2015-01-01,2023-06-30,8.493,252,252,0.0,4647913297.490143,105.11820983886719,,True,2023-06-30
TCS.NS,2015-01-01,2023-06-30,8.493,252,252,0.0,5642388973.666992,3002.175537109375,,True,2023-06-30
TECHM.NS,2015-01-01,2023-06-30,8.493,252,252,0.0,2443445736.7456665,1004.91015625,,True,2023-06-30
TIINDIA.NS,2017-11-02,2023-06-30,5.656,252,252,0.0,578634521.0618896,3162.2490234375,,True,2023-06-30
TITAN.NS,2015-01-01,2023-06-30,8.493,252,252,0.0,2407720450.284424,3008.941650390625,,True,2023-06-30
TMPV.NS,2015-01-01,2023-06-30,8.493,252,252,0.0,5217856967.741501,580.2037963867188,,True,2023-06-30
TORNTPHARM.NS,2015-01-01,2023-06-30,8.493,252,252,0.0,354221510.1190796,1850.6776123046875,,True,2023-06-30
TRENT.NS,2015-01-01,2023-06-30,8.493,252,252,0.0,700233609.5827637,1759.725830078125,,True,2023-06-30
TVSMOTOR.NS,2015-01-01,2023-06-30,8.493,252,252,0.0,1296723072.7651367,1310.3963623046875,,True,2023-06-30
ULTRACEMCO.NS,2015-01-01,2023-06-30,8.493,252,252,0.0,2257266473.428467,7993.47216796875,,True,2023-06-30
UNIONBANK.NS,2015-01-01,2023-06-30,8.493,252,252,0.0,567301117.697895,63.9765739440918,,True,2023-06-30
UNITDSPR.NS,2015-01-01,2023-06-30,8.493,252,252,0.0,739860657.7268982,886.3799438476562,,True,2023-06-30
UNOMINDA.NS,2015-01-01,2023-06-30,8.493,252,252,0.0,174770110.28985596,576.8008422851562,illiquid,False,2023-06-30
UPL.NS,2015-01-01,2023-06-30,8.493,252,252,0.0,1264501991.1526794,663.179931640625,,True,2023-06-30
VBL.NS,2016-11-08,2023-06-30,6.639,252,252,0.0,1707516800.0408173,318.0417175292969,,True,2023-06-30
VEDL.NS,2015-01-01,2023-06-30,8.493,252,252,0.0,2612223730.1725464,226.10728454589844,,True,2023-06-30
VOLTAS.NS,2015-01-01,2023-06-30,8.493,252,252,0.0,905263034.679718,750.4277954101562,,True,2023-06-30
WIPRO.NS,2015-01-01,2023-06-30,8.493,252,252,0.0,1824122598.0017242,179.95138549804688,,True,2023-06-30
YESBANK.NS,2015-01-01,2023-06-30,8.493,252,252,0.0,1607283425.4220161,16.25,low_price,False,2023-06-30
ZYDUSLIFE.NS,2015-01-01,2023-06-30,8.493,252,250,0.0079,387609191.9000244,569.1890258789062,,True,2023-06-30
360ONE.NS,2019-09-19,2024-01-01,4.285,252,252,0.0,109317695.57298279,681.3031616210938,illiquid,False,2024-01-01
ABB.NS,2015-01-01,2024-01-01,8.999,252,252,0.0,935670645.0,4549.70654296875,,True,2024-01-01
ABCAPITAL.NS,2017-09-01,2024-01-01,6.333,252,252,0.0,497805120.625,166.0500030517578,,True,2024-01-01
ADANIENSOL.NS,2015-07-31,2024-01-01,8.422,252,252,0.0,1041674473.1905518,1055.050048828125,,True,2024-01-01
ADANIENT.NS,2015-01-01,2024-01-01,8.999,252,252,0.0,7455915188.27356,2913.3125,,True,2024-01-01
ADANIGREEN.NS,2018-06-18,2024-01-01,5.539,252,252,0.0,1483221291.9122314,1598.4000244140625,,True,2024-01-01
ADANIPORTS.NS,2015-01-01,2024-01-01,8.999,252,252,0.0,3785953188.442566,1033.9642333984375,,True,2024-01-01
ADANIPOWER.NS,2015-01-01,2024-01-01,8.999,252,252,0.0,1611303381.9625854,104.6500015258789,,True,2024-01-01
ALKEM.NS,2015-12-23,2024-01-01,8.025,252,252,0.0,471560727.9819336,4984.490234375,,True,2024-01-01
AMBER.NS,2018-01-30,2024-01-01,5.919,252,252,0.0,201054853.5,3139.949951171875,illiquid,False,2024-01-01
AMBUJACEM.NS,2015-01-01,2024-01-01,8.999,252,252,0.0,1776208462.4631042,528.134765625,,True,2024-01-01
ANGELONE.NS,2020-10-05,2024-01-01,3.239,252,252,0.0,600443969.1926575,343.9810485839844,,True,2024-01-01
APLAPOLLO.NS,2015-01-01,2024-01-01,8.999,252,252,0.0,804705163.2086792,1517.553955078125,,True,2024-01-01
APOLLOHOSP.NS,2015-01-01,2024-01-01,8.999,252,252,0.0,1788538470.4956055,5706.3994140625,,True,2024-01-01
ASHOKLEY.NS,2015-01-01,2024-01-01,8.999,252,252,0.0,1465748841.9815826,85.9323959350586,,True,2024-01-01
ASIANPAINT.NS,2015-01-01,2024-01-01,8.999,252,252,0.0,2580031956.554199,3293.346435546875,,True,2024-01-01
ASTRAL.NS,2015-01-01,2024-01-01,8.999,252,252,0.0,765446798.3861084,1892.8970947265625,,True,2024-01-01
AUBANK.NS,2017-07-11,2024-01-01,6.475,252,252,0.0,1032601445.107544,783.031982421875,,True,2024-01-01
AUROPHARMA.NS,2015-01-01,2024-01-01,8.999,252,252,0.0,1121907079.7024841,1074.559814453125,,True,2024-01-01
AXISBANK.NS,2015-01-01,2024-01-01,8.999,252,252,0.0,8243224411.903198,1095.072265625,,True,2024-01-01
BAJAJ-AUTO.NS,2015-01-01,2024-01-01,8.999,252,252,0.0,1539844829.519287,6392.810546875,,True,2024-01-01
BAJAJFINSV.NS,2015-01-01,2024-01-01,8.999,252,252,0.0,2039171284.2382812,1673.0994873046875,,True,2024-01-01
BAJAJHLDNG.NS,2015-01-01,2024-01-01,8.999,252,252,0.0,178341017.25,7550.74853515625,illiquid,False,2024-01-01
BAJFINANCE.NS,2015-01-01,2024-01-01,8.999,252,252,0.0,5804525941.860352,717.3952026367188,,True,2024-01-01
BANDHANBNK.NS,2018-03-27,2024-01-01,5.766,252,252,0.0,1746940708.65728,237.986083984375,,True,2024-01-01
BANKBARODA.NS,2015-01-01,2024-01-01,8.999,252,252,0.0,3434137572.263962,212.93882751464844,,True,2024-01-01
BANKINDIA.NS,2015-01-01,2024-01-01,8.999,252,252,0.0,985038439.2477264,103.28914642333984,,True,2024-01-01
BDL.NS,2018-03-23,2024-01-01,5.777,252,252,0.0,526679587.2257385,852.0606689453125,,True,2024-01-01
BEL.NS,2015-01-01,2024-01-01,8.999,252,252,0.0,1365795048.8259277,180.65298461914062,,True,2024-01-01
BHARATFORG.NS,2015-01-01,2024-01-01,8.999,252,252,0.0,836850932.1695251,1226.19873046875,,True,2024-01-01
BHARTIARTL.NS,2015-01-01,2024-01-01,8.999,252,252,0.0,3702322405.9920654,986.6660766601562,,True,2024-01-01
BHEL.NS,2015-01-01,2024-01-01,8.999,252,252,0.0,1999630887.5610085,196.93325805664062,,True,2024-01-01
BIOCON.NS,2015-01-01,2024-01-01,8.999,252,252,0.0,693100918.8568344,254.55116271972656,,True,2024-01-01
BLUESTARCO.NS,2015-01-01,2024-01-01,8.999,252,252,0.0,118220252.37890625,935.776611328125,illiquid,False,2024-01-01
BOSCHLTD.NS,2015-01-01,2024-01-01,8.999,252,252,0.0,397384786.328125,21724.298828125,,True,2024-01-01
BPCL.NS,2015-01-01,2024-01-01,8.999,252,252,0.0,1131462836.7724304,201.5811767578125,,True,2024-01-01
BRITANNIA.NS,2015-01-01,2024-01-01,8.999,252,252,0.0,1291636197.7998047,5098.60205078125,,True,2024-01-01
BSE.NS,2017-02-03,2024-01-01,6.908,252,252,0.0,809002467.1869278,726.1151123046875,,True,2024-01-01
CAMS.NS,2020-10-05,2024-01-01,3.239,252,252,0.0,194547470.87989807,506.00567626953125,illiquid,False,2024-01-01
CANBK.NS,2015-01-01,2024-01-01,8.999,252,252,0.0,2251381937.950096,80.50770568847656,,True,2024-01-01
CDSL.NS,2017-06-30,2024-01-01,6.505,252,252,0.0,518037839.4482422,885.5018920898438,,True,2024-01-01
CGPOWER.NS,2015-01-01,2024-01-01,8.999,252,252,0.0,626163941.2441864,446.41973876953125,,True,2024-01-01
CHOLAFIN.NS,2015-01-01,2024-01-01,8.999,252,252,0.0,1439859557.2180176,1220.2894287109375,,True,2024-01-01
CIPLA.NS,2015-01-01,2024-01-01,8.999,252,252,0.0,1612710559.838562,1215.963134765625,,True,2024-01-01
COALINDIA.NS,2015-01-01,2024-01-01,8.999,252,252,0.0,1709099578.568985,327.4864501953125,,True,2024-01-01
COCHINSHIP.NS,2017-08-11,2024-01-01,6.39,252,252,0.0,786892691.1803894,669.9921875,,True,2024-01-01
COFORGE.NS,2015-01-01,2024-01-01,8.999,252,252,0.0,1438992019.5108032,1203.211181640625,,True,2024-01-01
COLPAL.NS,2015-01-01,2024-01-01,8.999,252,252,0.0,567526328.5097656,2354.226318359375,,True,2024-01-01
CONCOR.NS,2015-01-01,2024-01-01,8.999,252,252,0.0,699599200.7477112,830.34130859375,,True,2024-01-01
CROMPTON.NS,2016-05-13,2024-01-01,7.636,252,252,0.0,549242543.6436996,305.2276611328125,,True,2024-01-01
CUMMINSIND.NS,2015-01-01,2024-01-01,8.999,252,252,0.0,979844792.7236938,1879.705078125,,True,2024-01-01
DABUR.NS,2015-01-01,2024-01-01,8.999,252,252,0.0,863898345.1531982,536.8970947265625,,True,2024-01-01
DALBHARAT.NS,2018-12-21,2024-01-01,5.029,252,251,0.004,534496623.0,2332.814208984375,,True,2024-01-01
DELHIVERY.NS,2022-05-24,2024-01-01,1.607,252,252,0.0,382725742.88150024,384.3500061035156,short_history,False,2024-01-01
DIVISLAB.NS,2015-01-01,2024-01-01,8.999,252,252,0.0,1212993208.3066406,3858.45947265625,,True,2024-01-01
DIXON.NS,2017-09-18,2024-01-01,6.286,252,252,0.0,1441219935.7080078,6455.16845703125,,True,2024-01-01
DLF.NS,2015-01-01,2024-01-01,8.999,252,252,0.0,1600530280.0379028,705.4074096679688,,True,2024-01-01
DMART.NS,2017-03-21,2024-01-01,6.782,252,252,0.0,1035313240.6506348,4064.75,,True,2024-01-01
DRREDDY.NS,2015-01-01,2024-01-01,8.999,252,252,0.0,1703836156.8481445,1142.932861328125,,True,2024-01-01
EICHERMOT.NS,2015-01-01,2024-01-01,8.999,252,252,0.0,1753715877.4199219,3902.106689453125,,True,2024-01-01
ETERNAL.NS,2021-07-23,2024-01-01,2.442,252,252,0.0,4643777390.037514,124.5,short_history,False,2024-01-01
FEDERALBNK.NS,2015-01-01,2024-01-01,8.999,252,252,0.0,1543635723.964737,154.16293334960938,,True,2024-01-01
FORCEMOT.NS,2019-08-19,2023-12-06,4.37,252,207,0.1786,71413231.22387695,3336.982177734375,illiquid;poor_coverage,False,2024-01-01
FORTIS.NS,2015-01-01,2024-01-01,8.999,252,251,0.004,273578842.05267334,437.7151184082031,,True,2024-01-01
GAIL.NS,2015-01-01,2024-01-01,8.999,252,252,0.0,1250052983.7881012,149.73683166503906,,True,2024-01-01
GLENMARK.NS,2015-01-01,2024-01-01,8.999,252,252,0.0,606312243.2814789,852.3355712890625,,True,2024-01-01
GMRAIRPORT.NS,2015-01-01,2024-01-01,8.999,252,252,0.0,397320039.2773247,80.3499984741211,,True,2024-01-01
GODFRYPHLP.NS,2015-01-01,2024-01-01,8.999,252,252,0.0,130434227.28057861,669.1499633789062,illiquid,False,2024-01-01
GODREJCP.NS,2015-01-01,2024-01-01,8.999,252,252,0.0,817574426.3518677,1092.84228515625,,True,2024-01-01
GODREJPROP.NS,2015-01-01,2024-01-01,8.999,252,252,0.0,789279838.8093262,1992.4193115234375,,True,2024-01-01
GRASIM.NS,2015-01-01,2024-01-01,8.999,252,252,0.0,951833371.4516602,2096.58154296875,,True,2024-01-01
GVT&D.NS,2015-01-01,2024-01-01,8.999,252,252,0.0,12455793.990234375,525.6044311523438,illiquid,False,2024-01-01
HAL.NS,2018-04-02,2024-01-01,5.749,252,252,0.0,3003814391.0965576,2740.254150390625,,True,2024-01-01
HAVELLS.NS,2015-01-01,2024-01-01,8.999,252,252,0.0,766663628.2754517,1335.2872314453125,,True,2024-01-01
HCLTECH.NS,2015-01-01,2024-01-01,8.999,252,252,0.0,2489305171.7662964,1330.7257080078125,,True,2024-01-01
HDFCAMC.NS,2018-08-06,2024-01-01,5.405,252,252,0.0,1035999618.0357666,1520.16357421875,,True,2024-01-01
HDFCBANK.NS,2015-01-01,2024-01-01,8.999,252,252,0.0,23391471304.24524,812.9945678710938,,True,2024-01-01
HDFCLIFE.NS,2017-11-17,2024-01-01,6.122,252,252,0.0,1757057808.1318665,642.4296264648438,,True,2024-01-01
HEROMOTOCO.NS,2015-01-01,2024-01-01,8.999,252,252,0.0,1444145422.2226562,3716.61962890625,,True,2024-01-01
HINDALCO.NS,2015-01-01,2024-01-01,8.999,252,252,0.0,2449561738.197876,599.3756103515625,,True,2024-01-01
HINDPETRO.NS,2015-01-01,2024-01-01,8.999,252,252,0.0,924237107.4219131,230.77781677246094,,True,2024-01-01
HINDUNILVR.NS,2015-01-01,2024-01-01,8.999,252,252,0.0,3483027800.866577,2526.095458984375,,True,2024-01-01
HINDZINC.NS,2015-01-01,2024-01-01,8.999,252,252,0.0,147273778.0091095,290.32257080078125,illiquid,False,2024-01-01
ICICIBANK.NS,2015-01-01,2024-01-01,8.999,252,252,0.0,13314291087.72293,975.0624389648438,,True,2024-01-01
ICICIGI.NS,2017-09-27,2024-01-01,6.261,252,252,0.0,588916676.8810425,1412.5804443359375,,True,2024-01-01
ICICIPRULI.NS,2016-09-29,2024-01-01,7.255,252,252,0.0,760581755.3620605,528.8607177734375,,True,2024-01-01
IDEA.NS,2015-01-01,2024-01-01,8.999,252,252,0.0,950247520.2185061,17.0,low_price,False,2024-01-01
IDFCFIRSTB.NS,2015-11-06,2024-01-01,8.153,252,252,0.0,2185902458.8917007,87.25723266601562,,True,2024-01-01
IEX.NS,2017-10-23,2024-01-01,6.19,252,252,0.0,758476851.4796448,158.13864135742188,,True,2024-01-01
INDHOTEL.NS,2015-01-01,2024-01-01,8.999,252,252,0.0,1061485319.0809021,431.59515380859375,,True,2024-01-01
INDIANB.NS,2015-01-01,2024-01-01,8.999,252,252,0.0,489665599.0772705,393.9851989746094,,True,2024-01-01
INDIGO.NS,2015-11-10,2024-01-01,8.142,252,252,0.0,1513166630.298706,2973.47509765625,,True,2024-01-01
INDUSINDBK.NS,2015-01-01,2024-01-01,8.999,252,252,0.0,3552401535.0949707,1578.7376708984375,,True,2024-01-01
INDUSTOWER.NS,2015-01-01,2024-01-01,8.999,252,252,0.0,954316524.1721649,195.39637756347656,,True,2024-01-01
INFY.NS,2015-01-01,2024-01-01,8.999,252,252,0.0,7900892573.063049,1429.6361083984375,,True,2024-01-01
INOXWIND.NS,2015-04-09,2024-01-01,8.731,252,252,0.0,112857038.81835938,131.08749389648438,illiquid,False,2024-01-01
IOC.NS,2015-01-01,2024-01-01,8.999,252,252,0.0,946795383.3835258,116.26748657226562,,True,2024-01-01
IREDA.NS,2023-11-29,2024-01-01,0.09,23,23,0.0,8813167621.63086,104.09805297851562,short_history,False,2024-01-01
IRFC.NS,2021-01-29,2024-01-01,2.921,252,252,0.0,1655930031.695238,96.98912048339844,short_history,False,2024-01-01
ITC.NS,2015-01-01,2024-01-01,8.999,252,252,0.0,3887181803.1665344,401.7525329589844,,True,2024-01-01
JINDALSTEL.NS,2015-01-01,2024-01-01,8.999,252,252,0.0,1267121904.9396667,739.6516723632812,,True,2024-01-01
JIOFIN.NS,2023-08-21,2024-01-01,0.364,90,90,0.0,4013157278.5,233.63766479492188,short_history,False,2024-01-01
JSWENERGY.NS,2015-01-01,2024-01-01,8.999,252,252,0.0,701590775.6562347,405.7147216796875,,True,2024-01-01
JSWSTEEL.NS,2015-01-01,2024-01-01,8.999,252,252,0.0,1409706048.6438599,863.48046875,,True,2024-01-01
JUBLFOOD.NS,2015-01-01,2024-01-01,8.999,252,252,0.0,924809961.8766327,557.8300170898438,,True,2024-01-01
KALYANKJIL.NS,2021-03-26,2024-01-01,2.768,252,252,0.0,543391562.1559372,360.43499755859375,short_history,False,2024-01-01
KAYNES.NS,2022-11-22,2024-01-01,1.109,252,252,0.0,230065772.07128906,2669.050048828125,short_history;illiquid,False,2024-01-01
KEI.NS,2015-01-01,2024-01-01,8.999,252,252,0.0,448520463.4317627,3182.473388671875,,True,2024-01-01
KFINTECH.NS,2022-12-29,2024-01-01,1.008,248,248,0.0,65594502.49777222,470.65008544921875,short_history;illiquid,False,2024-01-01
KOTAKBANK.NS,2015-01-01,2024-01-01,8.999,252,252,0.0,6312156157.914734,380.31610107421875,,True,2024-01-01
KPITTECH.NS,2019-04-22,2024-01-01,4.695,252,252,0.0,1126742464.1517944,1459.1171875,,True,2024-01-01
LAURUSLABS.NS,2016-12-19,2024-01-01,7.034,252,252,0.0,531527412.24217224,430.91851806640625,,True,2024-01-01
LICHSGFIN.NS,2015-01-01,2024-01-01,8.999,252,252,0.0,744424105.1374207,535.2610473632812,,True,2024-01-01
LICI.NS,2022-05-17,2024-01-01,1.626,252,252,0.0,600936333.6428223,410.2308654785156,short_history,False,2024-01-01
LODHA.NS,2021-04-19,2024-01-01,2.702,252,252,0.0,638896585.8308411,1043.4385986328125,short_history,False,2024-01-01
LT.NS,2015-01-01,2024-01-01,8.999,252,252,0.0,4280099120.9919434,3432.108642578125,,True,2024-01-01
LTF.NS,2015-01-01,2024-01-01,8.999,252,252,0.0,730233150.3615074,157.04281616210938,,True,2024-01-01
LTM.NS,2016-07-21,2024-01-01,7.447,252,252,0.0,1688052885.046875,6025.5673828125,,True,2024-01-01
LUPIN.NS,2015-01-01,2024-01-01,8.999,252,252,0.0,792438256.4139404,1289.688720703125,,True,2024-01-01
M&M.NS,2015-01-01,2024-01-01,8.999,252,252,0.0,3029416231.26001,1660.009765625,,True,2024-01-01
MANAPPURAM.NS,2015-01-01,2024-01-01,8.999,252,252,0.0,903025022.7339249,164.76512145996094,,True,2024-01-01
MANKIND.NS,2023-05-09,2024-01-01,0.649,162,162,0.0,452832115.5726929,1978.4200439453125,short_history,False,2024-01-01
MARICO.NS,2015-01-01,2024-01-01,8.999,252,252,0.0,615276166.4173584,524.9660034179688,,True,2024-01-01
MARUTI.NS,2015-01-01,2024-01-01,8.999,252,252,0.0,4056662584.8085938,9977.7939453125,,True,2024-01-01
MAXHEALTH.NS,2020-08-21,2024-01-01,3.362,252,252,0.0,885864938.9534912,685.2507934570312,,True,2024-01-01
MAZDOCK.NS,2020-10-12,2024-01-01,3.22,252,252,0.0,1551186261.1662598,1124.637451171875,,True,2024-01-01
MCX.NS,2015-01-01,2024-01-01,8.999,252,252,0.0,504733650.5657959,630.6474609375,,True,2024-01-01
MFSL.NS,2015-01-01,2024-01-01,8.999,252,252,0.0,533773194.1444702,955.2000122070312,,True,2024-01-01
MOTHERSON.NS,2015-01-01,2024-01-01,8.999,252,252,0.0,837648841.9607296,69.48805236816406,,True,2024-01-01
MOTILALOFS.NS,2015-01-01,2024-01-01,8.999,252,252,0.0,95431722.17102051,307.5950927734375,illiquid,False,2024-01-01
MPHASIS.NS,2015-01-01,2024-01-01,8.999,252,252,0.0,870435241.7790527,2557.907958984375,,True,2024-01-01
MUTHOOTFIN.NS,2015-01-01,2024-01-01,8.999,252,252,0.0,480746846.7315674,1415.5428466796875,,True,2024-01-01
NAM-INDIA.NS,2017-11-06,2024-01-01,6.152,252,252,0.0,131926387.00483704,428.66339111328125,illiquid,False,2024-01-01
NATIONALUM.NS,2015-01-01,2024-01-01,8.999,252,252,0.0,730029009.8390541,122.2716064453125,,True,2024-01-01
NAUKRI.NS,2015-01-01,2024-01-01,8.999,252,252,0.0,1010653460.5079651,1016.838623046875,,True,2024-01-01
NBCC.NS,2015-01-01,2024-01-01,8.999,252,252,0.0,416423952.7297878,53.58737564086914,,True,2024-01-01
NESTLEIND.NS,2015-01-01,2024-01-01,8.999,252,252,0.0,1179299508.7561035,1330.9556884765625,,True,2024-01-01
NHPC.NS,2015-01-01,2024-01-01,8.999,252,252,0.0,615798092.7410488,61.920509338378906,,True,2024-01-01
NMDC.NS,2015-01-01,2024-01-01,8.999,252,252,0.0,1060019861.840023,63.17458724975586,,True,2024-01-01
NTPC.NS,2015-01-01,2024-01-01,8.999,252,252,0.0,2075657034.166069,292.4310302734375,,True,2024-01-01
NYKAA.NS,2021-11-10,2024-01-01,2.141,252,252,0.0,871036955.4223709,171.89999389648438,short_history,False,2024-01-01
OBEROIRLTY.NS,2015-01-01,2024-01-01,8.999,252,252,0.0,523228626.4879761,1428.1590576171875,,True,2024-01-01
OFSS.NS,2015-01-01,2024-01-01,8.999,252,252,0.0,218949986.8383789,3901.71484375,illiquid,False,2024-01-01
OIL.NS,2015-01-01,2024-01-01,8.999,252,252,0.0,368181618.44847107,235.45982360839844,,True,2024-01-01
ONGC.NS,2015-01-01,2024-01-01,8.999,252,252,0.0,1588942459.9294815,182.325927734375,,True,2024-01-01
PAGEIND.NS,2015-01-01,2024-01-01,8.999,252,252,0.0,749374721.375,37022.89453125,,True,2024-01-01
PATANJALI.NS,2015-01-01,2024-01-01,8.999,252,252,0.0,277376538.57788086,510.4767761230469,,True,2024-01-01
PAYTM.NS,2021-11-18,2024-01-01,2.119,252,252,0.0,2242423376.7067566,646.0999755859375,short_history,False,2024-01-01
PERSISTENT.NS,2015-01-01,2024-01-01,8.999,252,252,0.0,1721389018.8442383,3590.292724609375,,True,2024-01-01
PETRONET.NS,2015-01-01,2024-01-01,8.999,252,252,0.0,469931435.50984955,209.06341552734375,,True,2024-01-01
PFC.NS,2015-01-01,2024-01-01,8.999,252,252,0.0,2213258554.1197205,356.27593994140625,,True,2024-01-01
PGEL.NS,2015-01-01,2024-01-01,8.999,252,252,0.0,64982369.16442871,238.27723693847656,illiquid,False,2024-01-01
PHOENIXLTD.NS,2015-01-01,2024-01-01,8.999,252,252,0.0,303866316.4435425,1123.63232421875,,True,2024-01-01
PIDILITIND.NS,2015-01-01,2024-01-01,8.999,252,252,0.0,730161865.420166,1323.281005859375,,True,2024-01-01
PIIND.NS,2015-01-01,2024-01-01,8.999,252,252,0.0,864261351.8946533,3432.858154296875,,True,2024-01-01
PNB.NS,2015-01-01,2024-01-01,8.999,252,252,0.0,2913172164.346653,91.281982421875,,True,2024-01-01
PNBHOUSING.NS,2016-11-07,2024-01-01,7.149,252,252,0.0,326922628.352417,775.2682495117188,,True,2024-01-01
POLICYBZR.NS,2021-11-15,2024-01-01,2.127,252,252,0.0,798702755.4918823,800.9000244140625,short_history,False,2024-01-01
POLYCAB.NS,2019-04-16,2024-01-01,4.712,252,251,0.004,1499302680.041504,5383.84228515625,,True,2024-01-01
POWERGRID.NS,2015-01-01,2024-01-01,8.999,252,252,0.0,2105482991.6949692,219.29542541503906,,True,2024-01-01
POWERINDIA.NS,2020-03-30,2024-01-01,3.756,252,252,0.0,94795929.4165039,5452.49755859375,illiquid,False,2024-01-01
PRESTIGE.NS,2015-01-01,2024-01-01,8.999,252,252,0.0,232428482.0939331,1184.704345703125,illiquid,False,2024-01-01
RADICO.NS,2015-01-01,2024-01-01,8.999,252,252,0.0,231403642.3908081,1676.9501953125,illiquid,False,2024-01-01
RBLBANK.NS,2016-08-31,2024-01-01,7.335,252,252,0.0,1725069683.112358,280.99359130859375,,True,2024-01-01
RECLTD.NS,2015-01-01,2024-01-01,8.999,252,252,0.0,1909373840.852333,376.5974426269531,,True,2024-01-01
RELIANCE.NS,2015-01-01,2024-01-01,8.999,252,252,0.0,13436966421.36792,1279.69287109375,,True,2024-01-01
RVNL.NS,2019-04-11,2024-01-01,4.726,252,252,0.0,1655681909.0726166,179.22854614257812,,True,2024-01-01
SAIL.NS,2015-01-01,2024-01-01,8.999,252,252,0.0,1210996623.9367714,121.25401306152344,,True,2024-01-01
SBICARD.NS,2020-03-16,2024-01-01,3.795,252,252,0.0,833147843.1446533,758.651123046875,,True,2024-01-01
SBILIFE.NS,2017-10-03,2024-01-01,6.245,252,252,0.0,1206574967.46875,1424.8359375,,True,2024-01-01
SBIN.NS,2015-01-01,2024-01-01,8.999,252,252,0.0,8249352317.761658,607.4072875976562,,True,2024-01-01
SHREECEM.NS,2015-01-01,2024-01-01,8.999,252,252,0.0,743940008.1152344,28096.248046875,,True,2024-01-01
SHRIRAMFIN.NS,2015-01-01,2024-01-01,8.999,252,252,0.0,1309612572.6291656,394.7491760253906,,True,2024-01-01
SIEMENS.NS,2015-01-01,2024-01-01,8.999,252,252,0.0,1021086080.2008667,2333.91650390625,,True,2024-01-01
SOLARINDS.NS,2015-01-01,2024-01-01,8.999,252,252,0.0,201930711.81420898,6764.98095703125,illiquid,False,2024-01-01
SONACOMS.NS,2021-06-24,2024-01-01,2.522,252,252,0.0,609254962.3946381,634.475341796875,short_history,False,2024-01-01
SRF.NS,2015-01-01,2024-01-01,8.999,252,252,0.0,1004557709.470459,2444.94189453125,,True,2024-01-01
SUNPHARMA.NS,2015-01-01,2024-01-01,8.999,252,252,0.0,2065895830.444458,1226.38720703125,,True,2024-01-01
SUPREMEIND.NS,2015-01-01,2024-01-01,8.999,252,252,0.0,379795861.0,4382.048828125,,True,2024-01-01
SUZLON.NS,2015-01-01,2024-01-01,8.999,252,252,0.0,1703510902.6974516,38.5,,True,2024-01-01
TATACONSUM.NS,2015-01-01,2024-01-01,8.999,252,252,0.0,844739201.8296509,1055.8780517578125,,True,2024-01-01
TATAELXSI.NS,2015-01-01,2024-01-01,8.999,252,252,0.0,805862678.4133301,8412.060546875,,True,2024-01-01
TATAPOWER.NS,2015-01-01,2024-01-01,8.999,252,252,0.0,1814252324.1601105,324.84075927734375,,True,2024-01-01
TATASTEEL.NS,2015-01-01,2024-01-01,8.999,252,252,0.0,3825568698.1898613,131.25698852539062,,True,2024-01-01
TCS.NS,2015-01-01,2024-01-01,8.999,252,252,0.0,5703985941.054932,3482.784912109375,,True,2024-01-01
TECHM.NS,2015-01-01,2024-01-01,8.999,252,252,0.0,2274953540.3172607,1195.6529541015625,,True,2024-01-01
TIINDIA.NS,2017-11-02,2024-01-01,6.163,252,252,0.0,445014195.2579346,3575.51513671875,,True,2024-01-01
TITAN.NS,2015-01-01,2024-01-01,8.999,252,252,0.0,2286634023.5959473,3642.208984375,,True,2024-01-01
TMPV.NS,2015-01-01,2024-01-01,8.999,252,252,0.0,5528920064.020996,772.6282348632812,,True,2024-01-01
TORNTPHARM.NS,2015-01-01,2024-01-01,8.999,252,252,0.0,486896968.8475342,2230.8779296875,,True,2024-01-01
TRENT.NS,2015-01-01,2024-01-01,8.999,252,252,0.0,776224033.055542,2994.571044921875,,True,2024-01-01
TVSMOTOR.NS,2015-01-01,2024-01-01,8.999,252,252,0.0,1225381558.8885498,1995.8177490234375,,True,2024-01-01
ULTRACEMCO.NS,2015-01-01,2024-01-01,8.999,252,252,0.0,2263860987.2128906,10130.01953125,,True,2024-01-01
UNIONBANK.NS,2015-01-01,2024-01-01,8.999,252,252,0.0,1175458565.6717186,110.52288055419922,,True,2024-01-01
UNITDSPR.NS,2015-01-01,2024-01-01,8.999,252,252,0.0,692741164.6654663,1080.0115966796875,,True,2024-01-01
UNOMINDA.NS,2015-01-01,2024-01-01,8.999,252,252,0.0,194236914.2300415,677.4679565429688,illiquid,False,2024-01-01
UPL.NS,2015-01-01,2024-01-01,8.999,252,252,0.0,1228293851.631958,580.6884765625,,True,2024-01-01
VBL.NS,2016-11-08,2024-01-01,7.146,252,252,0.0,1652237353.7078857,493.1146545410156,,True,2024-01-01
VEDL.NS,2015-01-01,2024-01-01,8.999,252,252,0.0,1951216183.327057,218.36534118652344,,True,2024-01-01
VOLTAS.NS,2015-01-01,2024-01-01,8.999,252,252,0.0,855748592.6707458,965.9505615234375,,True,2024-01-01
WIPRO.NS,2015-01-01,2024-01-01,8.999,252,252,0.0,1590355917.3528137,220.64450073242188,,True,2024-01-01
YESBANK.NS,2015-01-01,2024-01-01,8.999,252,252,0.0,2078416296.244894,22.649999618530273,,True,2024-01-01
ZYDUSLIFE.NS,2015-01-01,2024-01-01,8.999,252,252,0.0,529416019.39279175,688.8928833007812,,True,2024-01-01
360ONE.NS,2019-09-19,2024-07-01,4.783,252,251,0.004,212712126.09558105,954.2141723632812,illiquid,False,2024-07-01
ABB.NS,2015-01-01,2024-07-01,9.498,252,252,0.0,1275941267.0637207,8374.2236328125,,True,2024-07-01
ABCAPITAL.NS,2017-09-01,2024-07-01,6.831,252,252,0.0,808796423.2914124,240.1999969482422,,True,2024-07-01
ADANIENSOL.NS,2015-07-31,2024-07-01,8.92,252,251,0.004,1384886193.6379395,999.2000122070312,,True,2024-07-01
ADANIENT.NS,2015-01-01,2024-07-01,9.498,252,252,0.0,5617466576.931885,3180.80029296875,,True,2024-07-01
ADANIGREEN.NS,2018-06-18,2024-07-01,6.037,252,252,0.0,1468814179.6622314,1776.8499755859375,,True,2024-07-01
ADANIPORTS.NS,2015-01-01,2024-07-01,9.498,252,252,0.0,4406042917.535461,1461.202880859375,,True,2024-07-01
ADANIPOWER.NS,2015-01-01,2024-07-01,9.498,252,252,0.0,2025017073.4128475,143.49000549316406,,True,2024-07-01
ALKEM.NS,2015-12-23,2024-07-01,8.523,252,252,0.0,782799539.578125,4859.388671875,,True,2024-07-01
AMBER.NS,2018-01-30,2024-07-01,6.418,252,252,0.0,417207209.29541016,4488.39990234375,,True,2024-07-01
AMBUJACEM.NS,2015-01-01,2024-07-01,9.498,252,252,0.0,1506793009.3491821,689.0543823242188,,True,2024-07-01
ANGELONE.NS,2020-10-05,2024-07-01,3.737,252,251,0.004,1245129567.3825073,248.47962951660156,,True,2024-07-01
APLAPOLLO.NS,2015-01-01,2024-07-01,9.498,252,252,0.0,997528087.3151855,1602.2320556640625,,True,2024-07-01
APOLLOHOSP.NS,2015-01-01,2024-07-01,9.498,252,252,0.0,2234875870.479492,6099.3828125,,True,2024-07-01
ASHOKLEY.NS,2015-01-01,2024-07-01,9.498,252,252,0.0,2195531425.70607,113.5305404663086,,True,2024-07-01
ASIANPAINT.NS,2015-01-01,2024-07-01,9.498,252,252,0.0,2781641981.63501,2866.686279296875,,True,2024-07-01
ASTRAL.NS,2015-01-01,2024-07-01,9.498,252,252,0.0,957664336.0209961,2363.10302734375,,True,2024-07-01
AUBANK.NS,2017-07-11,2024-07-01,6.973,252,252,0.0,1421090292.6809998,671.3054809570312,,True,2024-07-01
AUROPHARMA.NS,2015-01-01,2024-07-01,9.498,252,252,0.0,1763328208.6373901,1207.268310546875,,True,2024-07-01
AXISBANK.NS,2015-01-01,2024-07-01,9.498,252,252,0.0,8932242937.538849,1258.8792724609375,,True,2024-07-01
BAJAJ-AUTO.NS,2015-01-01,2024-07-01,9.498,252,251,0.004,2723068073.0585938,9167.7626953125,,True,2024-07-01
BAJAJFINSV.NS,2015-01-01,2024-07-01,9.498,252,252,0.0,2020629850.4042358,1578.0838623046875,,True,2024-07-01
BAJAJHLDNG.NS,2015-01-01,2024-07-01,9.498,252,252,0.0,216203654.8149414,8537.4921875,illiquid,False,2024-07-01
BAJFINANCE.NS,2015-01-01,2024-07-01,9.498,252,252,0.0,6912840083.809814,718.7938232421875,,True,2024-07-01
BANDHANBNK.NS,2018-03-27,2024-07-01,6.264,252,252,0.0,2247086829.000778,200.70387268066406,,True,2024-07-01
BANKBARODA.NS,2015-01-01,2024-07-01,9.498,252,252,0.0,3816633662.593399,254.84083557128906,,True,2024-07-01
BANKINDIA.NS,2015-01-01,2024-07-01,9.498,252,252,0.0,1535559995.8554993,113.07954406738281,,True,2024-07-01
BDL.NS,2018-03-23,2024-07-01,6.275,252,252,0.0,1128407792.367981,1602.2176513671875,,True,2024-07-01
BEL.NS,2015-01-01,2024-07-01,9.498,252,252,0.0,3423612658.597687,302.7212829589844,,True,2024-07-01
BHARATFORG.NS,2015-01-01,2024-07-01,9.498,252,252,0.0,1139418826.6013184,1641.1246337890625,,True,2024-07-01
BHARTIARTL.NS,2015-01-01,2024-07-01,9.498,252,252,0.0,5095791852.600586,1416.1319580078125,,True,2024-07-01
BHEL.NS,2015-01-01,2024-07-01,9.498,252,252,0.0,4671713200.836517,300.5431213378906,,True,2024-07-01
BIOCON.NS,2015-01-01,2024-07-01,9.498,252,252,0.0,1150941473.5466385,356.2520751953125,,True,2024-07-01
BLUESTARCO.NS,2015-01-01,2024-07-01,9.498,252,252,0.0,232427157.9281006,1600.623779296875,illiquid,False,2024-07-01
BOSCHLTD.NS,2015-01-01,2024-07-01,9.498,252,252,0.0,601572553.2861328,33408.0390625,,True,2024-07-01
BPCL.NS,2015-01-01,2024-07-01,9.498,252,252,0.0,3196627034.0401917,271.61395263671875,,True,2024-07-01
BRITANNIA.NS,2015-01-01,2024-07-01,9.498,252,252,0.0,1492267166.640625,5248.78662109375,,True,2024-07-01
BSE.NS,2017-02-03,2024-07-01,7.406,252,252,0.0,2003106098.021759,853.088134765625,,True,2024-07-01
CAMS.NS,2020-10-05,2024-07-01,3.737,252,251,0.004,600799318.9929199,700.982177734375,,True,2024-07-01
CANBK.NS,2015-01-01,2024-07-01,9.498,252,252,0.0,3280911725.048298,110.61690521240234,,True,2024-07-01
CDSL.NS,2017-06-30,2024-07-01,7.003,252,252,0.0,1421899310.406128,1187.2596435546875,,True,2024-07-01
CGPOWER.NS,2015-01-01,2024-07-01,9.498,252,252,0.0,927725852.5202179,718.5809326171875,,True,2024-07-01
CHOLAFIN.NS,2015-01-01,2024-07-01,9.498,252,252,0.0,1839398057.875,1430.2821044921875,,True,2024-07-01
CIPLA.NS,2015-01-01,2024-07-01,9.498,252,252,0.0,1976575088.9960938,1437.6748046875,,True,2024-07-01
COALINDIA.NS,2015-01-01,2024-07-01,9.498,252,252,0.0,3732436125.717407,411.947998046875,,True,2024-07-01
COCHINSHIP.NS,2017-08-11,2024-07-01,6.888,252,252,0.0,2741803534.7177124,2236.90087890625,,True,2024-07-01
COFORGE.NS,2015-01-01,2024-07-01,9.498,252,252,0.0,2074476305.6835938,1079.904296875,,True,2024-07-01
COLPAL.NS,2015-01-01,2024-07-01,9.498,252,252,0.0,818835646.3713379,2746.125732421875,,True,2024-07-01
CONCOR.NS,2015-01-01,2024-07-01,9.498,252,252,0.0,1106659068.4197388,1002.6922607421875,,True,2024-07-01
CROMPTON.NS,2016-05-13,2024-07-01,8.134,252,252,0.0,726679140.1989136,405.0575866699219,,True,2024-07-01
CUMMINSIND.NS,2015-01-01,2024-07-01,9.498,252,252,0.0,1214190996.2176514,3852.893798828125,,True,2024-07-01
DABUR.NS,2015-01-01,2024-07-01,9.498,252,252,0.0,965541803.1388855,588.424560546875,,True,2024-07-01
DALBHARAT.NS,2018-12-21,2024-07-01,5.528,252,252,0.0,644210588.9447021,1832.5223388671875,,True,2024-07-01
DELHIVERY.NS,2022-05-24,2024-07-01,2.105,252,251,0.004,549203612.7626038,399.8500061035156,short_history,False,2024-07-01
DIVISLAB.NS,2015-01-01,2024-07-01,9.498,252,252,0.0,1453014843.7207031,4534.59375,,True,2024-07-01
DIXON.NS,2017-09-18,2024-07-01,6.784,252,252,0.0,2302140602.5178223,12436.4677734375,,True,2024-07-01
DLF.NS,2015-01-01,2024-07-01,9.498,252,252,0.0,2698076930.106537,804.6480102539062,,True,2024-07-01
DMART.NS,2017-03-21,2024-07-01,7.28,252,252,0.0,1272903529.0,4735.89990234375,,True,2024-07-01
DRREDDY.NS,2015-01-01,2024-07-01,9.498,252,252,0.0,2285685483.2302856,1247.387451171875,,True,2024-07-01
EICHERMOT.NS,2015-01-01,2024-07-01,9.498,252,252,0.0,2230596339.802368,4479.158203125,,True,2024-07-01
ETERNAL.NS,2021-07-23,2024-07-01,2.94,252,251,0.004,6663731811.556671,203.97000122070312,short_history,False,2024-07-01
FEDERALBNK.NS,2015-01-01,2024-07-01,9.498,252,252,0.0,1923757961.4176788,175.0298309326172,,True,2024-07-01
FORCEMOT.NS,2019-08-19,2024-07-01,4.868,252,178,0.2937,230361109.79956055,8874.8291015625,illiquid;poor_coverage,False,2024-07-01
FORTIS.NS,2015-01-01,2024-07-01,9.498,252,252,0.0,510411446.4316406,469.5281677246094,,True,2024-07-01
GAIL.NS,2015-01-01,2024-07-01,9.498,252,252,0.0,2629167360.0648727,206.76724243164062,,True,2024-07-01
GLENMARK.NS,2015-01-01,2024-07-01,9.498,252,252,0.0,786023884.7836304,1262.5404052734375,,True,2024-07-01
GMRAIRPORT.NS,2015-01-01,2024-07-01,9.498,252,252,0.0,1386458212.3681526,97.62000274658203,,True,2024-07-01
GODFRYPHLP.NS,2015-01-01,2024-07-01,9.498,252,252,0.0,171501964.10632324,1361.8675537109375,illiquid,False,2024-07-01
GODREJCP.NS,2015-01-01,2024-07-01,9.498,252,252,0.0,1008461246.8737183,1344.645751953125,,True,2024-07-01
GODREJPROP.NS,2015-01-01,2024-07-01,9.498,252,252,0.0,1283779002.875,3146.44091796875,,True,2024-07-01
GRASIM.NS,2015-01-01,2024-07-01,9.498,252,252,0.0,1328865938.039734,2697.714599609375,,True,2024-07-01
GVT&D.NS,2015-01-01,2024-07-01,9.498,252,252,0.0,46350297.46820068,1557.668701171875,illiquid,False,2024-07-01
HAL.NS,2018-04-02,2024-07-01,6.248,252,252,0.0,4845385731.367676,5268.09033203125,,True,2024-07-01
HAVELLS.NS,2015-01-01,2024-07-01,9.498,252,252,0.0,1152609387.8033447,1797.8162841796875,,True,2024-07-01
HCLTECH.NS,2015-01-01,2024-07-01,9.498,252,252,0.0,3383370597.137207,1345.3466796875,,True,2024-07-01
HDFCAMC.NS,2018-08-06,2024-07-01,5.903,252,252,0.0,1445254849.1428223,1973.826416015625,,True,2024-07-01
HDFCBANK.NS,2015-01-01,2024-07-01,9.498,252,252,0.0,27577321425.13385,827.5419921875,,True,2024-07-01
HDFCLIFE.NS,2017-11-17,2024-07-01,6.62,252,252,0.0,2272671053.5000305,596.9663696289062,,True,2024-07-01
HEROMOTOCO.NS,2015-01-01,2024-07-01,9.498,252,252,0.0,2507260597.5,5167.09423828125,,True,2024-07-01
HINDALCO.NS,2015-01-01,2024-07-01,9.498,252,252,0.0,2998904920.8197327,677.390625,,True,2024-07-01
HINDPETRO.NS,2015-01-01,2024-07-01,9.498,252,252,0.0,2509654448.5446167,295.2657165527344,,True,2024-07-01
HINDUNILVR.NS,2015-01-01,2024-07-01,9.498,252,252,0.0,3744066671.600342,2406.92138671875,,True,2024-07-01
HINDZINC.NS,2015-01-01,2024-07-01,9.498,252,252,0.0,159643552.33259583,609.8216552734375,illiquid,False,2024-07-01
ICICIBANK.NS,2015-01-01,2024-07-01,9.498,252,252,0.0,14333851752.001831,1182.3387451171875,,True,2024-07-01
ICICIGI.NS,2017-09-27,2024-07-01,6.76,252,252,0.0,807210116.9351807,1782.6468505859375,,True,2024-07-01
ICICIPRULI.NS,2016-09-29,2024-07-01,7.754,252,252,0.0,882647445.0930786,613.7538452148438,,True,2024-07-01
IDEA.NS,2015-01-01,2024-07-01,9.498,252,252,0.0,3502484848.875,17.6200008392334,low_price,False,2024-07-01
IDFCFIRSTB.NS,2015-11-06,2024-07-01,8.652,252,252,0.0,2741780166.463463,80.63839721679688,,True,2024-07-01
IEX.NS,2017-10-23,2024-07-01,6.689,252,252,0.0,1142733701.0420837,181.2142791748047,,True,2024-07-01
INDHOTEL.NS,2015-01-01,2024-07-01,9.498,252,252,0.0,1309124731.4873352,610.279541015625,,True,2024-07-01
INDIANB.NS,2015-01-01,2024-07-01,9.498,252,252,0.0,796330098.1016235,520.3282470703125,,True,2024-07-01
INDIGO.NS,2015-11-10,2024-07-01,8.641,252,252,0.0,2301591067.8743896,4215.02685546875,,True,2024-07-01
INDUSINDBK.NS,2015-01-01,2024-07-01,9.498,252,252,0.0,4227863768.675293,1454.5440673828125,,True,2024-07-01
INDUSTOWER.NS,2015-01-01,2024-07-01,9.498,252,251,0.004,2456769927.488434,375.5176086425781,,True,2024-07-01
INFY.NS,2015-01-01,2024-07-01,9.498,252,252,0.0,8446589993.231995,1495.3223876953125,,True,2024-07-01
INOXWIND.NS,2015-04-09,2024-07-01,9.229,252,252,0.0,529369086.9484863,143.3699951171875,,True,2024-07-01
IOC.NS,2015-01-01,2024-07-01,9.498,252,252,0.0,2901929104.7017593,149.60401916503906,,True,2024-07-01
IREDA.NS,2023-11-29,2024-07-01,0.589,143,142,0.007,4426025065.508667,195.07566833496094,short_history,False,2024-07-01
IRFC.NS,2021-01-29,2024-07-01,3.42,252,251,0.004,5703974370.0,165.9248046875,,True,2024-07-01
ITC.NS,2015-01-01,2024-07-01,9.498,252,252,0.0,4779881876.20784,380.7889404296875,,True,2024-07-01
JINDALSTEL.NS,2015-01-01,2024-07-01,9.498,252,252,0.0,1529969177.600647,1053.3077392578125,,True,2024-07-01
JIOFIN.NS,2023-08-21,2024-07-01,0.862,210,209,0.0048,6232439295.483551,351.42767333984375,short_history,False,2024-07-01
JSWENERGY.NS,2015-01-01,2024-07-01,9.498,252,252,0.0,1699444045.1329956,744.7142333984375,,True,2024-07-01
JSWSTEEL.NS,2015-01-01,2024-07-01,9.498,252,252,0.0,1698500437.3009644,928.7138061523438,,True,2024-07-01
JUBLFOOD.NS,2015-01-01,2024-07-01,9.498,252,252,0.0,1177223907.0708313,571.4889526367188,,True,2024-07-01
KALYANKJIL.NS,2021-03-26,2024-07-01,3.266,252,251,0.004,803998237.0,494.9390563964844,,True,2024-07-01
KAYNES.NS,2022-11-22,2024-07-01,1.607,252,251,0.004,410035009.9628906,3974.050048828125,short_history,False,2024-07-01
KEI.NS,2015-01-01,2024-07-01,9.498,252,252,0.0,728777705.2388916,4471.84130859375,,True,2024-07-01
KFINTECH.NS,2022-12-29,2024-07-01,1.506,252,251,0.004,180670673.1116333,715.5985717773438,short_history;illiquid,False,2024-07-01
KOTAKBANK.NS,2015-01-01,2024-07-01,9.498,252,252,0.0,7517941384.572678,360.1862487792969,,True,2024-07-01
KPITTECH.NS,2019-04-22,2024-07-01,5.194,252,252,0.0,1185631199.2800293,1629.789794921875,,True,2024-07-01
LAURUSLABS.NS,2016-12-19,2024-07-01,7.532,252,252,0.0,571416137.9099731,429.0793151855469,,True,2024-07-01
LICHSGFIN.NS,2015-01-01,2024-07-01,9.498,252,252,0.0,1151394609.600647,776.0595092773438,,True,2024-07-01
LICI.NS,2022-05-17,2024-07-01,2.125,252,251,0.004,1842498658.0,477.7972412109375,short_history,False,2024-07-01
LODHA.NS,2021-04-19,2024-07-01,3.201,252,251,0.004,928007427.4749756,1508.5938720703125,,True,2024-07-01
LT.NS,2015-01-01,2024-07-01,9.498,252,252,0.0,6252458431.381836,3460.16748046875,,True,2024-07-01
LTF.NS,2015-01-01,2024-07-01,9.498,252,252,0.0,916426002.9334412,185.19384765625,,True,2024-07-01
LTM.NS,2016-07-21,2024-07-01,7.945,252,251,0.004,1869772651.5,5288.66455078125,,True,2024-07-01
LUPIN.NS,2015-01-01,2024-07-01,9.498,252,252,0.0,1364454575.484558,1587.53955078125,,True,2024-07-01
M&M.NS,2015-01-01,2024-07-01,9.498,252,252,0.0,4459783787.552734,2802.7587890625,,True,2024-07-01
MANAPPURAM.NS,2015-01-01,2024-07-01,9.498,252,252,0.0,1227238721.0251808,205.87942504882812,,True,2024-07-01
MANKIND.NS,2023-05-09,2024-07-01,1.147,252,251,0.004,587661293.7524414,2159.99853515625,short_history,False,2024-07-01
MARICO.NS,2015-01-01,2024-07-01,9.498,252,252,0.0,753019109.0306702,608.3482666015625,,True,2024-07-01
MARUTI.NS,2015-01-01,2024-07-01,9.498,252,252,0.0,5250561116.069336,11748.9150390625,,True,2024-07-01
MAXHEALTH.NS,2020-08-21,2024-07-01,3.86,252,252,0.0,1201505918.6996765,951.3583984375,,True,2024-07-01
MAZDOCK.NS,2020-10-12,2024-07-01,3.718,252,251,0.004,2643048595.4414062,2158.115234375,,True,2024-07-01
MCX.NS,2015-01-01,2024-07-01,9.498,252,252,0.0,1816515926.6748047,776.1990356445312,,True,2024-07-01
MFSL.NS,2015-01-01,2024-07-01,9.498,252,252,0.0,751944924.1418457,995.7000122070312,,True,2024-07-01
MOTHERSON.NS,2015-01-01,2024-07-01,9.498,252,251,0.004,1279045016.504425,129.16177368164062,,True,2024-07-01
MOTILALOFS.NS,2015-01-01,2024-07-01,9.498,252,252,0.0,276687612.66015625,582.2210083007812,,True,2024-07-01
MPHASIS.NS,2015-01-01,2024-07-01,9.498,252,252,0.0,1129985521.130371,2331.777099609375,,True,2024-07-01
MUTHOOTFIN.NS,2015-01-01,2024-07-01,9.498,252,252,0.0,593006469.869751,1752.1600341796875,,True,2024-07-01
NAM-INDIA.NS,2017-11-06,2024-07-01,6.65,252,251,0.004,326091120.13549805,634.6372680664062,,True,2024-07-01
NATIONALUM.NS,2015-01-01,2024-07-01,9.498,252,252,0.0,2085314878.7685242,173.97100830078125,,True,2024-07-01
NAUKRI.NS,2015-01-01,2024-07-01,9.498,252,252,0.0,1270759177.5752258,1369.873779296875,,True,2024-07-01
NBCC.NS,2015-01-01,2024-07-01,9.498,252,252,0.0,1584160599.8233833,102.5263671875,,True,2024-07-01
NESTLEIND.NS,2015-01-01,2024-07-01,9.498,252,252,0.0,1659643979.5405273,1252.2376708984375,,True,2024-07-01
NHPC.NS,2015-01-01,2024-07-01,9.498,252,252,0.0,2666141312.4228134,95.13739013671875,,True,2024-07-01
NMDC.NS,2015-01-01,2024-07-01,9.498,252,252,0.0,2526165723.3261223,77.05596923828125,,True,2024-07-01
NTPC.NS,2015-01-01,2024-07-01,9.498,252,252,0.0,3912950686.301895,352.4847106933594,,True,2024-07-01
NYKAA.NS,2021-11-10,2024-07-01,2.639,252,251,0.004,745164641.5704346,175.9499969482422,short_history,False,2024-07-01
OBEROIRLTY.NS,2015-01-01,2024-07-01,9.498,252,252,0.0,852621678.4645386,1756.34423828125,,True,2024-07-01
OFSS.NS,2015-01-01,2024-07-01,9.498,252,252,0.0,611378333.6342773,9455.8994140625,,True,2024-07-01
OIL.NS,2015-01-01,2024-07-01,9.498,252,252,0.0,1342513707.3181915,450.6776428222656,,True,2024-07-01
ONGC.NS,2015-01-01,2024-07-01,9.498,252,252,0.0,2637320407.4372635,245.8935089111328,,True,2024-07-01
PAGEIND.NS,2015-01-01,2024-07-01,9.498,252,252,0.0,803526184.0097656,37505.19921875,,True,2024-07-01
PATANJALI.NS,2015-01-01,2024-07-01,9.498,252,251,0.004,545373701.9484558,555.8995971679688,,True,2024-07-01
PAYTM.NS,2021-11-18,2024-07-01,2.617,252,251,0.004,2037465016.2019043,411.8500061035156,short_history,False,2024-07-01
PERSISTENT.NS,2015-01-01,2024-07-01,9.498,252,252,0.0,1963564071.975586,4428.189453125,,True,2024-07-01
PETRONET.NS,2015-01-01,2024-07-01,9.498,252,252,0.0,1077111729.5891418,309.3322448730469,,True,2024-07-01
PFC.NS,2015-01-01,2024-07-01,9.498,252,252,0.0,4586865007.069794,459.31494140625,,True,2024-07-01
PGEL.NS,2015-01-01,2024-07-01,9.498,252,252,0.0,116932753.03833008,390.4855041503906,illiquid,False,2024-07-01
PHOENIXLTD.NS,2015-01-01,2024-07-01,9.498,252,252,0.0,828180673.5559082,1780.284912109375,,True,2024-07-01
PIDILITIND.NS,2015-01-01,2024-07-01,9.498,252,252,0.0,939815858.0108643,1531.228759765625,,True,2024-07-01
PIIND.NS,2015-01-01,2024-07-01,9.498,252,252,0.0,982820384.9414062,3771.56591796875,,True,2024-07-01
PNB.NS,2015-01-01,2024-07-01,9.498,252,252,0.0,4893754965.370369,115.64857482910156,,True,2024-07-01
PNBHOUSING.NS,2016-11-07,2024-07-01,7.647,252,252,0.0,296005454.8427124,790.0272827148438,,True,2024-07-01
POLICYBZR.NS,2021-11-15,2024-07-01,2.626,252,251,0.004,1155047901.5222168,1517.1500244140625,short_history,False,2024-07-01
POLYCAB.NS,2019-04-16,2024-07-01,5.21,252,252,0.0,2317631100.043701,6636.2822265625,,True,2024-07-01
POWERGRID.NS,2015-01-01,2024-07-01,9.498,252,252,0.0,3789334155.819412,308.4501037597656,,True,2024-07-01
POWERINDIA.NS,2020-03-30,2024-07-01,4.255,252,252,0.0,187249024.48999023,13000.6982421875,illiquid,False,2024-07-01
PRESTIGE.NS,2015-01-01,2024-07-01,9.498,252,252,0.0,906701452.125,1834.2138671875,,True,2024-07-01
RADICO.NS,2015-01-01,2024-07-01,9.498,252,252,0.0,282967340.5363159,1770.4427490234375,,True,2024-07-01
RBLBANK.NS,2016-08-31,2024-07-01,7.833,252,252,0.0,2086428994.0266724,261.2470397949219,,True,2024-07-01
RECLTD.NS,2015-01-01,2024-07-01,9.498,252,252,0.0,4825647010.331238,497.8319091796875,,True,2024-07-01
RELIANCE.NS,2015-01-01,2024-07-01,9.498,252,252,0.0,14662160620.44159,1541.5599365234375,,True,2024-07-01
RVNL.NS,2019-04-11,2024-07-01,5.224,252,252,0.0,3296449888.6939926,408.68048095703125,,True,2024-07-01
SAIL.NS,2015-01-01,2024-07-01,9.498,252,252,0.0,2882254618.0327606,146.07943725585938,,True,2024-07-01
SBICARD.NS,2020-03-16,2024-07-01,4.293,252,252,0.0,985469104.1867065,718.3297729492188,,True,2024-07-01
SBILIFE.NS,2017-10-03,2024-07-01,6.743,252,252,0.0,1453057131.9320679,1496.916015625,,True,2024-07-01
SBIN.NS,2015-01-01,2024-07-01,9.498,252,252,0.0,10564194269.562408,810.7627563476562,,True,2024-07-01
SHREECEM.NS,2015-01-01,2024-07-01,9.498,252,252,0.0,724029415.078125,28039.248046875,,True,2024-07-01
SHRIRAMFIN.NS,2015-01-01,2024-07-01,9.498,252,251,0.004,2560298025.1968384,565.811767578125,,True,2024-07-01
SIEMENS.NS,2015-01-01,2024-07-01,9.498,252,252,0.0,1226757226.5703125,4581.86328125,,True,2024-07-01
SOLARINDS.NS,2015-01-01,2024-07-01,9.498,252,252,0.0,589239478.7495117,10079.1279296875,,True,2024-07-01
SONACOMS.NS,2021-06-24,2024-07-01,3.02,252,251,0.004,779338867.2922363,661.1634521484375,,True,2024-07-01
SRF.NS,2015-01-01,2024-07-01,9.498,252,252,0.0,1021838941.0454102,2443.542724609375,,True,2024-07-01
SUNPHARMA.NS,2015-01-01,2024-07-01,9.498,252,252,0.0,2496384597.6361084,1487.6873779296875,,True,2024-07-01
SUPREMEIND.NS,2015-01-01,2024-07-01,9.498,252,252,0.0,679183377.114624,5861.8916015625,,True,2024-07-01
SUZLON.NS,2015-01-01,2024-07-01,9.498,252,252,0.0,2347376905.5463448,52.93000030517578,,True,2024-07-01
TATACONSUM.NS,2015-01-01,2024-07-01,9.498,252,252,0.0,1280027998.336853,1077.381103515625,,True,2024-07-01
TATAELXSI.NS,2015-01-01,2024-07-01,9.498,252,252,0.0,778174892.8793945,6870.6220703125,,True,2024-07-01
TATAPOWER.NS,2015-01-01,2024-07-01,9.498,252,252,0.0,3979032908.5311584,428.2037048339844,,True,2024-07-01
TATASTEEL.NS,2015-01-01,2024-07-01,9.498,252,252,0.0,4861276021.236252,166.66598510742188,,True,2024-07-01
TCS.NS,2015-01-01,2024-07-01,9.498,252,252,0.0,6736857403.179932,3687.42431640625,,True,2024-07-01
TECHM.NS,2015-01-01,2024-07-01,9.498,252,252,0.0,2549188686.8257446,1356.9139404296875,,True,2024-07-01
TIINDIA.NS,2017-11-02,2024-07-01,6.661,252,252,0.0,604935942.604248,4222.6611328125,,True,2024-07-01
TITAN.NS,2015-01-01,2024-07-01,9.498,252,252,0.0,2879230334.953125,3409.96484375,,True,2024-07-01
TMPV.NS,2015-01-01,2024-07-01,9.498,252,252,0.0,7486788626.611176,985.3343505859375,,True,2024-07-01
TORNTPHARM.NS,2015-01-01,2024-07-01,9.498,252,252,0.0,582418283.3736572,2730.2509765625,,True,2024-07-01
TRENT.NS,2015-01-01,2024-07-01,9.498,252,252,0.0,1900108821.5637207,5504.33349609375,,True,2024-07-01
TVSMOTOR.NS,2015-01-01,2024-07-01,9.498,252,252,0.0,1649158323.7072754,2336.708984375,,True,2024-07-01
ULTRACEMCO.NS,2015-01-01,2024-07-01,9.498,252,252,0.0,2818218582.8500977,11524.6884765625,,True,2024-07-01
UNIONBANK.NS,2015-01-01,2024-07-01,9.498,252,252,0.0,2306273664.4404907,123.93206024169922,,True,2024-07-01
UNITDSPR.NS,2015-01-01,2024-07-01,9.498,252,250,0.0079,874059403.1188965,1236.66796875,,True,2024-07-01
UNOMINDA.NS,2015-01-01,2024-07-01,9.498,252,251,0.004,258230965.5,1137.136474609375,,True,2024-07-01
UPL.NS,2015-01-01,2024-07-01,9.498,252,252,0.0,1419711204.8991394,561.82861328125,,True,2024-07-01
VBL.NS,2016-11-08,2024-07-01,7.644,252,252,0.0,2055288320.269043,638.653076171875,,True,2024-07-01
VEDL.NS,2015-01-01,2024-07-01,9.498,252,252,0.0,2616463904.356537,404.27410888671875,,True,2024-07-01
VOLTAS.NS,2015-01-01,2024-07-01,9.498,252,252,0.0,1279614902.0844727,1431.7349853515625,,True,2024-07-01
WIPRO.NS,2015-01-01,2024-07-01,9.498,252,252,0.0,2351515128.4368896,244.37814331054688,,True,2024-07-01
YESBANK.NS,2015-01-01,2024-07-01,9.498,252,252,0.0,4068721413.4242563,24.059999465942383,,True,2024-07-01
ZYDUSLIFE.NS,2015-01-01,2024-07-01,9.498,252,251,0.004,827998115.0002441,1051.641845703125,,True,2024-07-01
360ONE.NS,2019-09-19,2025-01-01,5.287,252,251,0.004,433463261.70996094,1255.2069091796875,,True,2025-01-01
ABB.NS,2015-01-01,2025-01-01,10.001,252,252,0.0,2169181929.9814453,6765.6328125,,True,2025-01-01
ABCAPITAL.NS,2017-09-01,2025-01-01,7.335,252,252,0.0,986870606.0523071,179.0,,True,2025-01-01
ADANIENSOL.NS,2015-07-31,2025-01-01,9.424,252,251,0.004,1934543600.331665,805.4500122070312,,True,2025-01-01
ADANIENT.NS,2015-01-01,2025-01-01,10.001,252,252,0.0,4686549312.002441,2552.44287109375,,True,2025-01-01
ADANIGREEN.NS,2018-06-18,2025-01-01,6.541,252,252,0.0,1630225762.2068481,1046.4000244140625,,True,2025-01-01
ADANIPORTS.NS,2015-01-01,2025-01-01,10.001,252,252,0.0,3836899477.3516846,1207.7095947265625,,True,2025-01-01
ADANIPOWER.NS,2015-01-01,2025-01-01,10.001,252,252,0.0,1797678169.7529984,105.33000183105469,,True,2025-01-01
ALKEM.NS,2015-12-23,2025-01-01,9.027,252,252,0.0,922312582.1801758,5464.3388671875,,True,2025-01-01
AMBER.NS,2018-01-30,2025-01-01,6.921,252,252,0.0,735952314.6954346,7671.7001953125,,True,2025-01-01
AMBUJACEM.NS,2015-01-01,2025-01-01,10.001,252,252,0.0,1541900618.8415222,533.9923095703125,,True,2025-01-01
ANGELONE.NS,2020-10-05,2025-01-01,4.241,252,251,0.004,1655098672.871704,290.7682189941406,,True,2025-01-01
APLAPOLLO.NS,2015-01-01,2025-01-01,10.001,252,252,0.0,763292861.25,1579.935546875,,True,2025-01-01
APOLLOHOSP.NS,2015-01-01,2025-01-01,10.001,252,252,0.0,2303054856.920166,7331.55419921875,,True,2025-01-01
ASHOKLEY.NS,2015-01-01,2025-01-01,10.001,252,252,0.0,2212857976.340164,106.91302490234375,,True,2025-01-01
ASIANPAINT.NS,2015-01-01,2025-01-01,10.001,252,252,0.0,3159981951.067627,2260.411376953125,,True,2025-01-01
ASTRAL.NS,2015-01-01,2025-01-01,10.001,252,252,0.0,932317016.8619995,1644.4111328125,,True,2025-01-01
AUBANK.NS,2017-07-11,2025-01-01,7.477,252,252,0.0,1555814255.1503296,567.2987670898438,,True,2025-01-01
AUROPHARMA.NS,2015-01-01,2025-01-01,10.001,252,252,0.0,1653651526.7420654,1348.189208984375,,True,2025-01-01
AXISBANK.NS,2015-01-01,2025-01-01,10.001,252,252,0.0,9811044567.04541,1070.0596923828125,,True,2025-01-01
BAJAJ-AUTO.NS,2015-01-01,2025-01-01,10.001,252,251,0.004,3574038816.7285156,8406.2021484375,,True,2025-01-01
BAJAJFINSV.NS,2015-01-01,2025-01-01,10.001,252,252,0.0,2178029113.6624146,1574.2890625,,True,2025-01-01
BAJAJHLDNG.NS,2015-01-01,2025-01-01,10.001,252,252,0.0,325083464.62646484,11616.66796875,,True,2025-01-01
BAJFINANCE.NS,2015-01-01,2025-01-01,10.001,252,252,0.0,7054904015.200195,685.0656127929688,,True,2025-01-01
BANDHANBNK.NS,2018-03-27,2025-01-01,6.768,252,252,0.0,2111216861.9789352,157.12030029296875,,True,2025-01-01
BANKBARODA.NS,2015-01-01,2025-01-01,10.001,252,252,0.0,3711053756.854492,225.87802124023438,,True,2025-01-01
BANKINDIA.NS,2015-01-01,2025-01-01,10.001,252,252,0.0,1214278598.0511932,95.9134292602539,,True,2025-01-01
BDL.NS,2018-03-23,2025-01-01,6.779,252,252,0.0,1351918177.5194092,1125.350341796875,,True,2025-01-01
BEL.NS,2015-01-01,2025-01-01,10.001,252,252,0.0,5595344799.479874,289.97491455078125,,True,2025-01-01
BHARATFORG.NS,2015-01-01,2025-01-01,10.001,252,252,0.0,1424015822.0290527,1285.5321044921875,,True,2025-01-01
BHARTIARTL.NS,2015-01-01,2025-01-01,10.001,252,252,0.0,7442959819.768555,1562.802490234375,,True,2025-01-01
BHEL.NS,2015-01-01,2025-01-01,10.001,252,252,0.0,4905437541.796616,231.99256896972656,,True,2025-01-01
BIOCON.NS,2015-01-01,2025-01-01,10.001,252,252,0.0,1474193243.6163025,367.86761474609375,,True,2025-01-01
BLUESTARCO.NS,2015-01-01,2025-01-01,10.001,252,252,0.0,463919326.61120605,2238.02099609375,,True,2025-01-01
BOSCHLTD.NS,2015-01-01,2025-01-01,10.001,252,252,0.0,942935369.9492188,33357.3125,,True,2025-01-01
BPCL.NS,2015-01-01,2025-01-01,10.001,252,252,0.0,3927662637.936676,271.8003234863281,,True,2025-01-01
BRITANNIA.NS,2015-01-01,2025-01-01,10.001,252,252,0.0,1559462999.1733398,4655.1982421875,,True,2025-01-01
BSE.NS,2017-02-03,2025-01-01,7.91,252,252,0.0,2687153566.2474976,1798.24267578125,,True,2025-01-01
CAMS.NS,2020-10-05,2025-01-01,4.241,252,251,0.004,1045648543.8006592,990.2633056640625,,True,2025-01-01
CANBK.NS,2015-01-01,2025-01-01,10.001,252,252,0.0,3073329458.775467,93.81315612792969,,True,2025-01-01
CDSL.NS,2017-06-30,2025-01-01,7.507,252,252,0.0,3104887560.750244,1777.805908203125,,True,2025-01-01
CGPOWER.NS,2015-01-01,2025-01-01,10.001,252,252,0.0,1488084706.937439,737.8997192382812,,True,2025-01-01
CHOLAFIN.NS,2015-01-01,2025-01-01,10.001,252,252,0.0,1776896458.6941528,1181.3558349609375,,True,2025-01-01
CIPLA.NS,2015-01-01,2025-01-01,10.001,252,252,0.0,2368345518.017456,1498.87646484375,,True,2025-01-01
COALINDIA.NS,2015-01-01,2025-01-01,10.001,252,252,0.0,4064583426.0261993,351.0779724121094,,True,2025-01-01
COCHINSHIP.NS,2017-08-11,2025-01-01,7.392,252,252,0.0,2651014606.1084595,1553.5052490234375,,True,2025-01-01
COFORGE.NS,2015-01-01,2025-01-01,10.001,252,252,0.0,2532440649.359741,1894.882568359375,,True,2025-01-01
COLPAL.NS,2015-01-01,2025-01-01,10.001,252,252,0.0,1031385978.628418,2613.270263671875,,True,2025-01-01
CONCOR.NS,2015-01-01,2025-01-01,10.001,252,252,0.0,1480169137.413269,607.4453125,,True,2025-01-01
CROMPTON.NS,2016-05-13,2025-01-01,8.638,252,252,0.0,937039865.9305878,367.5679626464844,,True,2025-01-01
CUMMINSIND.NS,2015-01-01,2025-01-01,10.001,252,252,0.0,1729540782.8953857,3139.3154296875,,True,2025-01-01
DABUR.NS,2015-01-01,2025-01-01,10.001,252,252,0.0,1184044841.3178406,496.7751159667969,,True,2025-01-01
DALBHARAT.NS,2018-12-21,2025-01-01,6.031,252,252,0.0,635644543.6677856,1758.1455078125,,True,2025-01-01
DELHIVERY.NS,2022-05-24,2025-01-01,2.609,252,251,0.004,754740111.1019897,348.3999938964844,short_history,False,2025-01-01
DIVISLAB.NS,2015-01-01,2025-01-01,10.001,252,252,0.0,2162969508.334839,6020.64501953125,,True,2025-01-01
DIXON.NS,2017-09-18,2025-01-01,7.288,252,252,0.0,4441136400.733398,17986.1953125,,True,2025-01-01
DLF.NS,2015-01-01,2025-01-01,10.001,252,252,0.0,2982135806.0249634,808.3641357421875,,True,2025-01-01
DMART.NS,2017-03-21,2025-01-01,7.784,252,252,0.0,1940885459.6289062,3561.0,,True,2025-01-01
DRREDDY.NS,2015-01-01,2025-01-01,10.001,252,252,0.0,2339785996.434326,1351.799560546875,,True,2025-01-01
EICHERMOT.NS,2015-01-01,2025-01-01,10.001,252,252,0.0,2326815052.7404785,4772.78515625,,True,2025-01-01
ETERNAL.NS,2021-07-23,2025-01-01,3.444,252,251,0.004,9230398647.25,276.5,,True,2025-01-01
FEDERALBNK.NS,2015-01-01,2025-01-01,10.001,252,252,0.0,1879864953.9177399,198.6249237060547,,True,2025-01-01
FORCEMOT.NS,2019-08-19,2025-01-01,5.372,252,217,0.1389,238026298.60546875,6614.84619140625,illiquid;poor_coverage,False,2025-01-01
FORTIS.NS,2015-01-01,2025-01-01,10.001,252,252,0.0,651173466.5826111,706.9131469726562,,True,2025-01-01
GAIL.NS,2015-01-01,2025-01-01,10.001,252,252,0.0,3344505029.668556,177.53829956054688,,True,2025-01-01
GLENMARK.NS,2015-01-01,2025-01-01,10.001,252,252,0.0,958106456.0825195,1610.549560546875,,True,2025-01-01
GMRAIRPORT.NS,2015-01-01,2025-01-01,10.001,252,252,0.0,2083290129.7536087,78.58999633789062,,True,2025-01-01
GODFRYPHLP.NS,2015-01-01,2025-01-01,10.001,252,252,0.0,322831302.5064697,1636.0645751953125,,True,2025-01-01
GODREJCP.NS,2015-01-01,2025-01-01,10.001,252,252,0.0,1299310216.611023,1046.1358642578125,,True,2025-01-01
GODREJPROP.NS,2015-01-01,2025-01-01,10.001,252,252,0.0,1743977843.477295,2763.3427734375,,True,2025-01-01
GRASIM.NS,2015-01-01,2025-01-01,10.001,252,252,0.0,1714169062.571045,2425.7412109375,,True,2025-01-01
GVT&D.NS,2015-01-01,2025-01-01,10.001,252,252,0.0,198717956.25881958,2040.0037841796875,illiquid,False,2025-01-01
HAL.NS,2018-04-02,2025-01-01,6.752,252,252,0.0,6621791698.067993,4084.03076171875,,True,2025-01-01
HAVELLS.NS,2015-01-01,2025-01-01,10.001,252,252,0.0,1518541966.5282593,1656.0726318359375,,True,2025-01-01
HCLTECH.NS,2015-01-01,2025-01-01,10.001,252,252,0.0,4407411367.663452,1776.177978515625,,True,2025-01-01
HDFCAMC.NS,2018-08-06,2025-01-01,6.407,252,252,0.0,1707058883.9975586,1999.2093505859375,,True,2025-01-01
HDFCBANK.NS,2015-01-01,2025-01-01,10.001,252,252,0.0,26640532154.749146,865.1773681640625,,True,2025-01-01
HDFCLIFE.NS,2017-11-17,2025-01-01,7.124,252,252,0.0,2431705546.325714,613.3128051757812,,True,2025-01-01
HEROMOTOCO.NS,2015-01-01,2025-01-01,10.001,252,252,0.0,3117105281.947754,3887.0732421875,,True,2025-01-01
HINDALCO.NS,2015-01-01,2025-01-01,10.001,252,252,0.0,3894415959.3695984,585.5784912109375,,True,2025-01-01
HINDPETRO.NS,2015-01-01,2025-01-01,10.001,252,252,0.0,3256798941.0,378.1904296875,,True,2025-01-01
HINDUNILVR.NS,2015-01-01,2025-01-01,10.001,252,252,0.0,4137177742.147705,2257.0537109375,,True,2025-01-01
HINDZINC.NS,2015-01-01,2025-01-01,10.001,252,252,0.0,595024012.4489746,427.5809020996094,,True,2025-01-01
ICICIBANK.NS,2015-01-01,2025-01-01,10.001,252,252,0.0,15055169019.22107,1263.1719970703125,,True,2025-01-01
ICICIGI.NS,2017-09-27,2025-01-01,7.264,252,252,0.0,1088391467.3529053,1790.0684814453125,,True,2025-01-01
ICICIPRULI.NS,2016-09-29,2025-01-01,8.257,252,252,0.0,908317256.6176758,656.6478881835938,,True,2025-01-01
IDEA.NS,2015-01-01,2025-01-01,10.001,252,252,0.0,4786606932.370361,8.010000228881836,low_price,False,2025-01-01
IDFCFIRSTB.NS,2015-11-06,2025-01-01,9.155,252,252,0.0,2352393326.9813538,63.793182373046875,,True,2025-01-01
IEX.NS,2017-10-23,2025-01-01,7.192,252,252,0.0,1645108217.2747269,172.4856719970703,,True,2025-01-01
INDHOTEL.NS,2015-01-01,2025-01-01,10.001,252,252,0.0,1935320371.3479004,867.1766357421875,,True,2025-01-01
INDIANB.NS,2015-01-01,2025-01-01,10.001,252,252,0.0,911068633.5,494.1208801269531,,True,2025-01-01
INDIGO.NS,2015-11-10,2025-01-01,9.144,252,252,0.0,3306919718.6030273,4587.94677734375,,True,2025-01-01
INDUSINDBK.NS,2015-01-01,2025-01-01,10.001,252,252,0.0,4793958247.289246,967.8324584960938,,True,2025-01-01
INDUSTOWER.NS,2015-01-01,2025-01-01,10.001,252,251,0.004,3643098128.7359467,331.4751281738281,,True,2025-01-01
INFY.NS,2015-01-01,2025-01-01,10.001,252,252,0.0,10155640003.468262,1789.6627197265625,,True,2025-01-01
INOXWIND.NS,2015-04-09,2025-01-01,9.733,252,252,0.0,1045205825.0545883,187.35000610351562,,True,2025-01-01
IOC.NS,2015-01-01,2025-01-01,10.001,252,252,0.0,3287534325.8306274,127.39371490478516,,True,2025-01-01
IREDA.NS,2023-11-29,2025-01-01,1.092,252,251,0.004,3260081969.5124207,220.5903778076172,short_history,False,2025-01-01
IRFC.NS,2021-01-29,2025-01-01,3.923,252,251,0.004,5547326300.0,146.6032257080078,,True,2025-01-01
ITC.NS,2015-01-01,2025-01-01,10.001,252,252,0.0,5605657756.036087,429.5135803222656,,True,2025-01-01
JINDALSTEL.NS,2015-01-01,2025-01-01,10.001,252,252,0.0,1682635407.1045227,934.569091796875,,True,2025-01-01
JIOFIN.NS,2023-08-21,2025-01-01,1.366,252,251,0.004,5763968613.0,303.2657775878906,short_history,False,2025-01-01
JSWENERGY.NS,2015-01-01,2025-01-01,10.001,252,252,0.0,1705062133.0835876,639.5885620117188,,True,2025-01-01
JSWSTEEL.NS,2015-01-01,2025-01-01,10.001,252,252,0.0,1703592663.6610718,897.861083984375,,True,2025-01-01
JUBLFOOD.NS,2015-01-01,2025-01-01,10.001,252,252,0.0,1221957841.970398,735.8208618164062,,True,2025-01-01
KALYANKJIL.NS,2021-03-26,2025-01-01,3.77,252,251,0.004,1406113796.6290283,773.5862426757812,,True,2025-01-01
KAYNES.NS,2022-11-22,2025-01-01,2.111,252,251,0.004,986673876.1538086,7597.5498046875,short_history,False,2025-01-01
KEI.NS,2015-01-01,2025-01-01,10.001,252,252,0.0,927224088.0,4460.01611328125,,True,2025-01-01
KFINTECH.NS,2022-12-29,2025-01-01,2.01,252,251,0.004,450889942.64782715,1514.3687744140625,short_history,False,2025-01-01
KOTAKBANK.NS,2015-01-01,2025-01-01,10.001,252,252,0.0,7684688806.137543,356.65234375,,True,2025-01-01
KPITTECH.NS,2019-04-22,2025-01-01,5.697,252,252,0.0,1393552315.9572754,1467.4100341796875,,True,2025-01-01
LAURUSLABS.NS,2016-12-19,2025-01-01,8.036,252,252,0.0,807043431.0799255,613.6927490234375,,True,2025-01-01
LICHSGFIN.NS,2015-01-01,2025-01-01,10.001,252,252,0.0,1367806001.9320374,578.3001708984375,,True,2025-01-01
LICI.NS,2022-05-17,2025-01-01,2.628,252,251,0.004,2359273708.5792236,432.2034606933594,short_history,False,2025-01-01
LODHA.NS,2021-04-19,2025-01-01,3.704,252,251,0.004,1195562865.08667,1355.5538330078125,,True,2025-01-01
LT.NS,2015-01-01,2025-01-01,10.001,252,252,0.0,7467627408.282227,3598.464111328125,,True,2025-01-01
LTF.NS,2015-01-01,2025-01-01,10.001,252,252,0.0,906446944.9006271,134.2046356201172,,True,2025-01-01
LTM.NS,2016-07-21,2025-01-01,8.449,252,251,0.004,1936385374.0,5526.44189453125,,True,2025-01-01
LUPIN.NS,2015-01-01,2025-01-01,10.001,252,252,0.0,1916327480.6452637,2333.363525390625,,True,2025-01-01
M&M.NS,2015-01-01,2025-01-01,10.001,252,252,0.0,6785102246.088013,3025.662353515625,,True,2025-01-01
MANAPPURAM.NS,2015-01-01,2025-01-01,10.001,252,252,0.0,1353138367.3261185,188.34803771972656,,True,2025-01-01
MANKIND.NS,2023-05-09,2025-01-01,1.651,252,251,0.004,902954733.4379883,2879.914794921875,short_history,False,2025-01-01
MARICO.NS,2015-01-01,2025-01-01,10.001,252,252,0.0,1026572184.9995422,631.3880004882812,,True,2025-01-01
MARUTI.NS,2015-01-01,2025-01-01,10.001,252,252,0.0,5659594655.593262,10978.0341796875,,True,2025-01-01
MAXHEALTH.NS,2020-08-21,2025-01-01,4.364,252,252,0.0,1526535927.8443604,1136.2672119140625,,True,2025-01-01
MAZDOCK.NS,2020-10-12,2025-01-01,4.222,252,251,0.004,6084959641.715332,2223.39453125,,True,2025-01-01
MCX.NS,2015-01-01,2025-01-01,10.001,252,252,0.0,2023683023.529358,1252.4366455078125,,True,2025-01-01
MFSL.NS,2015-01-01,2025-01-01,10.001,252,252,0.0,852753433.9865112,1102.550048828125,,True,2025-01-01
MOTHERSON.NS,2015-01-01,2025-01-01,10.001,252,251,0.004,2487664603.19783,102.4701156616211,,True,2025-01-01
MOTILALOFS.NS,2015-01-01,2025-01-01,10.001,252,252,0.0,674675256.8704834,955.226318359375,,True,2025-01-01
MPHASIS.NS,2015-01-01,2025-01-01,10.001,252,252,0.0,1359711048.435791,2725.8916015625,,True,2025-01-01
MUTHOOTFIN.NS,2015-01-01,2025-01-01,10.001,252,252,0.0,836335579.4761963,2169.921875,,True,2025-01-01
NAM-INDIA.NS,2017-11-06,2025-01-01,7.154,252,251,0.004,488365088.80700684,729.00537109375,,True,2025-01-01
NATIONALUM.NS,2015-01-01,2025-01-01,10.001,252,252,0.0,3382166611.1985703,200.08767700195312,,True,2025-01-01
NAUKRI.NS,2015-01-01,2025-01-01,10.001,252,252,0.0,1541737191.6932678,1729.553466796875,,True,2025-01-01
NBCC.NS,2015-01-01,2025-01-01,10.001,252,252,0.0,1846683015.8834229,91.59823608398438,,True,2025-01-01
NESTLEIND.NS,2015-01-01,2025-01-01,10.001,252,252,0.0,2025627581.4199219,1062.341064453125,,True,2025-01-01
NHPC.NS,2015-01-01,2025-01-01,10.001,252,252,0.0,3928696626.2049217,78.27801513671875,,True,2025-01-01
NMDC.NS,2015-01-01,2025-01-01,10.001,252,252,0.0,2931959001.8574486,61.03974533081055,,True,2025-01-01
NTPC.NS,2015-01-01,2025-01-01,10.001,252,252,0.0,5206417390.150925,322.5549621582031,,True,2025-01-01
NYKAA.NS,2021-11-10,2025-01-01,3.143,252,251,0.004,1033739513.7653351,164.67999267578125,,True,2025-01-01
OBEROIRLTY.NS,2015-01-01,2025-01-01,10.001,252,252,0.0,1336723314.526184,2256.0634765625,,True,2025-01-01
OFSS.NS,2015-01-01,2025-01-01,10.001,252,252,0.0,1901784019.0175781,11715.6044921875,,True,2025-01-01
OIL.NS,2015-01-01,2025-01-01,10.001,252,252,0.0,2517950589.1795807,417.9565124511719,,True,2025-01-01
ONGC.NS,2015-01-01,2025-01-01,10.001,252,252,0.0,4356684394.778961,220.3959197998047,,True,2025-01-01
PAGEIND.NS,2015-01-01,2025-01-01,10.001,252,252,0.0,908572755.7441406,46496.83203125,,True,2025-01-01
PATANJALI.NS,2015-01-01,2025-01-01,10.001,252,251,0.004,833635919.7143555,594.6243896484375,,True,2025-01-01
PAYTM.NS,2021-11-18,2025-01-01,3.121,252,251,0.004,3356133322.7626953,987.5999755859375,,True,2025-01-01
PERSISTENT.NS,2015-01-01,2025-01-01,10.001,252,252,0.0,1954645286.6220703,6353.35791015625,,True,2025-01-01
PETRONET.NS,2015-01-01,2025-01-01,10.001,252,252,0.0,1223014774.8156433,331.6708679199219,,True,2025-01-01
PFC.NS,2015-01-01,2025-01-01,10.001,252,252,0.0,5151093818.4627075,418.2567138671875,,True,2025-01-01
PGEL.NS,2015-01-01,2025-01-01,10.001,252,252,0.0,411236385.8203125,1023.2489624023438,,True,2025-01-01
PHOENIXLTD.NS,2015-01-01,2025-01-01,10.001,252,252,0.0,1216557912.0821533,1586.4036865234375,,True,2025-01-01
PIDILITIND.NS,2015-01-01,2025-01-01,10.001,252,252,0.0,945792218.303833,1411.9239501953125,,True,2025-01-01
PIIND.NS,2015-01-01,2025-01-01,10.001,252,252,0.0,1082914807.8565674,3656.214111328125,,True,2025-01-01
PNB.NS,2015-01-01,2025-01-01,10.001,252,252,0.0,4171580476.773014,96.94988250732422,,True,2025-01-01
PNBHOUSING.NS,2016-11-07,2025-01-01,8.151,252,252,0.0,781347647.3704529,896.4995727539062,,True,2025-01-01
POLICYBZR.NS,2021-11-15,2025-01-01,3.129,252,251,0.004,1723793288.0,2119.199951171875,,True,2025-01-01
POLYCAB.NS,2019-04-16,2025-01-01,5.714,252,252,0.0,2295255197.9990234,7266.0703125,,True,2025-01-01
POWERGRID.NS,2015-01-01,2025-01-01,10.001,252,252,0.0,4409640736.928192,297.1015930175781,,True,2025-01-01
POWERINDIA.NS,2020-03-30,2025-01-01,4.758,252,252,0.0,534103803.6220703,15420.345703125,,True,2025-01-01
PRESTIGE.NS,2015-01-01,2025-01-01,10.001,252,252,0.0,1378995528.4312744,1649.572265625,,True,2025-01-01
RADICO.NS,2015-01-01,2025-01-01,10.001,252,252,0.0,335242251.1845703,2572.65283203125,,True,2025-01-01
RBLBANK.NS,2016-08-31,2025-01-01,8.337,252,252,0.0,1624310287.8337784,156.822265625,,True,2025-01-01
RECLTD.NS,2015-01-01,2025-01-01,10.001,252,252,0.0,5148908769.902466,463.3213195800781,,True,2025-01-01
RELIANCE.NS,2015-01-01,2025-01-01,10.001,252,252,0.0,15928595368.27246,1210.7935791015625,,True,2025-01-01
RVNL.NS,2019-04-11,2025-01-01,5.728,252,252,0.0,4260756278.1726074,423.2218017578125,,True,2025-01-01
SAIL.NS,2015-01-01,2025-01-01,10.001,252,252,0.0,3657759424.6221237,111.53213500976562,,True,2025-01-01
SBICARD.NS,2020-03-16,2025-01-01,4.797,252,252,0.0,904301805.9568787,673.4216918945312,,True,2025-01-01
SBILIFE.NS,2017-10-03,2025-01-01,7.247,252,252,0.0,2027225040.427246,1395.7994384765625,,True,2025-01-01
SBIN.NS,2015-01-01,2025-01-01,10.001,252,252,0.0,11543122827.336395,763.8185424804688,,True,2025-01-01
SHREECEM.NS,2015-01-01,2025-01-01,10.001,252,252,0.0,823296730.25,25271.49609375,,True,2025-01-01
SHRIRAMFIN.NS,2015-01-01,2025-01-01,10.001,252,251,0.004,3318483053.956909,571.6869506835938,,True,2025-01-01
SIEMENS.NS,2015-01-01,2025-01-01,10.001,252,252,0.0,1932031345.3129883,3862.1806640625,,True,2025-01-01
SOLARINDS.NS,2015-01-01,2025-01-01,10.001,252,252,0.0,751689224.5898438,9852.52734375,,True,2025-01-01
SONACOMS.NS,2021-06-24,2025-01-01,3.524,252,251,0.004,946458835.565918,584.1956176757812,,True,2025-01-01
SRF.NS,2015-01-01,2025-01-01,10.001,252,252,0.0,1034312139.4169922,2197.465087890625,,True,2025-01-01
SUNPHARMA.NS,2015-01-01,2025-01-01,10.001,252,252,0.0,3153273209.8858643,1855.5166015625,,True,2025-01-01
SUPREMEIND.NS,2015-01-01,2025-01-01,10.001,252,252,0.0,654698413.3295898,4627.9921875,,True,2025-01-01
SUZLON.NS,2015-01-01,2025-01-01,10.001,252,252,0.0,2828527463.4204445,65.33000183105469,,True,2025-01-01
TATACONSUM.NS,2015-01-01,2025-01-01,10.001,252,252,0.0,1640380619.7214355,905.8643188476562,,True,2025-01-01
TATAELXSI.NS,2015-01-01,2025-01-01,10.001,252,252,0.0,813333430.4057617,6550.83935546875,,True,2025-01-01
TATAPOWER.NS,2015-01-01,2025-01-01,10.001,252,252,0.0,5095461962.817795,387.6522521972656,,True,2025-01-01
TATASTEEL.NS,2015-01-01,2025-01-01,10.001,252,252,0.0,6066566812.221519,130.92379760742188,,True,2025-01-01
TCS.NS,2015-01-01,2025-01-01,10.001,252,252,0.0,8334473529.501709,3830.03662109375,,True,2025-01-01
TECHM.NS,2015-01-01,2025-01-01,10.001,252,252,0.0,2682008897.067566,1613.9949951171875,,True,2025-01-01
TIINDIA.NS,2017-11-02,2025-01-01,7.165,252,252,0.0,788106263.8835449,3570.685791015625,,True,2025-01-01
TITAN.NS,2015-01-01,2025-01-01,10.001,252,252,0.0,3583910638.6901855,3233.47705078125,,True,2025-01-01
TMPV.NS,2015-01-01,2025-01-01,10.001,252,252,0.0,9992244736.870453,736.7514038085938,,True,2025-01-01
TORNTPHARM.NS,2015-01-01,2025-01-01,10.001,252,252,0.0,687412599.126709,3355.92529296875,,True,2025-01-01
TRENT.NS,2015-01-01,2025-01-01,10.001,252,252,0.0,3490164022.334961,7053.54833984375,,True,2025-01-01
TVSMOTOR.NS,2015-01-01,2025-01-01,10.001,252,252,0.0,1810617521.179016,2388.313720703125,,True,2025-01-01
ULTRACEMCO.NS,2015-01-01,2025-01-01,10.001,252,252,0.0,3218022090.078125,11147.3623046875,,True,2025-01-01
UNIONBANK.NS,2015-01-01,2025-01-01,10.001,252,252,0.0,1660008328.2254562,115.61441040039062,,True,2025-01-01
UNITDSPR.NS,2015-01-01,2025-01-01,10.001,252,250,0.0079,927358738.2788086,1625.1729736328125,,True,2025-01-01
UNOMINDA.NS,2015-01-01,2025-01-01,10.001,252,251,0.004,589794098.4448242,1054.063720703125,,True,2025-01-01
UPL.NS,2015-01-01,2025-01-01,10.001,252,252,0.0,1337606419.0707092,491.2065734863281,,True,2025-01-01
VBL.NS,2016-11-08,2025-01-01,8.148,252,252,0.0,2781015231.5079346,646.8521728515625,,True,2025-01-01
VEDL.NS,2015-01-01,2025-01-01,10.001,252,252,0.0,4678349220.941345,415.0558166503906,,True,2025-01-01
VOLTAS.NS,2015-01-01,2025-01-01,10.001,252,252,0.0,1853104119.2200928,1811.11865234375,,True,2025-01-01
WIPRO.NS,2015-01-01,2025-01-01,10.001,252,252,0.0,3283324685.997925,278.32275390625,,True,2025-01-01
YESBANK.NS,2015-01-01,2025-01-01,10.001,252,252,0.0,3623500902.669366,19.6299991607666,low_price,False,2025-01-01
ZYDUSLIFE.NS,2015-01-01,2025-01-01,10.001,252,251,0.004,1269925151.0247803,961.90673828125,,True,2025-01-01
360ONE.NS,2019-09-19,2025-07-01,5.782,252,252,0.0,660149936.2076416,1162.8016357421875,,True,2025-07-01
ABB.NS,2015-01-01,2025-07-01,10.497,252,252,0.0,2054322407.2663574,5845.14453125,,True,2025-07-01
ABCAPITAL.NS,2017-09-01,2025-07-01,7.83,252,252,0.0,805958442.0204697,280.79998779296875,,True,2025-07-01
ADANIENSOL.NS,2015-07-31,2025-07-01,9.919,252,252,0.0,1723727196.6365356,872.4000244140625,,True,2025-07-01
ADANIENT.NS,2015-01-01,2025-07-01,10.497,252,252,0.0,2814218638.68396,2620.62841796875,,True,2025-07-01
ADANIGREEN.NS,2018-06-18,2025-07-01,7.036,252,252,0.0,2551322923.784607,1015.7000122070312,,True,2025-07-01
ADANIPORTS.NS,2015-01-01,2025-07-01,10.497,252,252,0.0,3079515325.0,1440.92724609375,,True,2025-07-01
ADANIPOWER.NS,2015-01-01,2025-07-01,10.497,252,252,0.0,2138186519.192276,118.27999877929688,,True,2025-07-01
ALKEM.NS,2015-12-23,2025-07-01,9.522,252,252,0.0,761441922.5793457,4793.744140625,,True,2025-07-01
AMBER.NS,2018-01-30,2025-07-01,7.417,252,252,0.0,2173020316.75,7083.0,,True,2025-07-01
AMBUJACEM.NS,2015-01-01,2025-07-01,10.497,252,252,0.0,1263902118.0083618,577.3919677734375,,True,2025-07-01
ANGELONE.NS,2020-10-05,2025-07-01,4.736,252,252,0.0,2744093805.5895996,290.8161315917969,,True,2025-07-01
APLAPOLLO.NS,2015-01-01,2025-07-01,10.497,252,252,0.0,737660633.3197021,1753.3802490234375,,True,2025-07-01
APOLLOHOSP.NS,2015-01-01,2025-07-01,10.497,252,252,0.0,2219786392.787842,7467.79833984375,,True,2025-07-01
ASHOKLEY.NS,2015-01-01,2025-07-01,10.497,252,252,0.0,1566744854.5286636,122.85676574707031,,True,2025-07-01
ASIANPAINT.NS,2015-01-01,2025-07-01,10.497,252,252,0.0,2864549674.737549,2345.458740234375,,True,2025-07-01
ASTRAL.NS,2015-01-01,2025-07-01,10.497,252,252,0.0,803296087.388977,1488.0306396484375,,True,2025-07-01
AUBANK.NS,2017-07-11,2025-07-01,7.973,252,252,0.0,1430475986.460144,836.5050048828125,,True,2025-07-01
AUROPHARMA.NS,2015-01-01,2025-07-01,10.497,252,252,0.0,1206023356.4677124,1128.2647705078125,,True,2025-07-01
AXISBANK.NS,2015-01-01,2025-07-01,10.497,252,252,0.0,8550165704.040649,1171.394775390625,,True,2025-07-01
BAJAJ-AUTO.NS,2015-01-01,2025-07-01,10.497,252,252,0.0,3226688555.8774414,8282.4384765625,,True,2025-07-01
BAJAJFINSV.NS,2015-01-01,2025-07-01,10.497,252,252,0.0,2853888285.633972,2052.049072265625,,True,2025-07-01
BAJAJHLDNG.NS,2015-01-01,2025-07-01,10.497,252,252,0.0,611954034.0249023,14095.265625,,True,2025-07-01
BAJFINANCE.NS,2015-01-01,2025-07-01,10.497,252,252,0.0,7317718747.234497,930.9274291992188,,True,2025-07-01
BANDHANBNK.NS,2018-03-27,2025-07-01,7.264,252,252,0.0,1501535241.685707,183.9014129638672,,True,2025-07-01
BANKBARODA.NS,2015-01-01,2025-07-01,10.497,252,252,0.0,2654432632.7772064,239.78440856933594,,True,2025-07-01
BANKINDIA.NS,2015-01-01,2025-07-01,10.497,252,252,0.0,854414115.7866783,117.25959777832031,,True,2025-07-01
BDL.NS,2018-03-23,2025-07-01,7.274,252,252,0.0,1488342271.659912,1972.477783203125,,True,2025-07-01
BEL.NS,2015-01-01,2025-07-01,10.497,252,252,0.0,6080486982.172058,428.8392333984375,,True,2025-07-01
BHARATFORG.NS,2015-01-01,2025-07-01,10.497,252,252,0.0,1469369785.2324219,1272.9449462890625,,True,2025-07-01
BHARTIARTL.NS,2015-01-01,2025-07-01,10.497,252,252,0.0,8750739139.151978,1977.767333984375,,True,2025-07-01
BHEL.NS,2015-01-01,2025-07-01,10.497,252,252,0.0,3049106130.1107864,263.2458801269531,,True,2025-07-01
BIOCON.NS,2015-01-01,2025-07-01,10.497,252,252,0.0,1136981730.505066,361.5835266113281,,True,2025-07-01
BLUESTARCO.NS,2015-01-01,2025-07-01,10.497,252,252,0.0,881303701.4598999,1688.4688720703125,,True,2025-07-01
BOSCHLTD.NS,2015-01-01,2025-07-01,10.497,252,252,0.0,694829803.8886719,31673.841796875,,True,2025-07-01
BPCL.NS,2015-01-01,2025-07-01,10.497,252,252,0.0,2635150415.982483,311.6646728515625,,True,2025-07-01
BRITANNIA.NS,2015-01-01,2025-07-01,10.497,252,252,0.0,1595410091.7299805,5576.33447265625,,True,2025-07-01
BSE.NS,2017-02-03,2025-07-01,8.405,252,252,0.0,11421687119.32788,2767.80810546875,,True,2025-07-01
CAMS.NS,2020-10-05,2025-07-01,4.736,252,252,0.0,1651476331.969452,828.0380249023438,,True,2025-07-01
CANBK.NS,2015-01-01,2025-07-01,10.497,252,252,0.0,2357585378.1000366,111.73413848876953,,True,2025-07-01
CDSL.NS,2017-06-30,2025-07-01,8.003,252,252,0.0,5167242515.934143,1766.8460693359375,,True,2025-07-01
CGPOWER.NS,2015-01-01,2025-07-01,10.497,252,252,0.0,1671082946.7601013,681.5457153320312,,True,2025-07-01
CHOLAFIN.NS,2015-01-01,2025-07-01,10.497,252,252,0.0,2036156014.3984985,1597.258056640625,,True,2025-07-01
CIPLA.NS,2015-01-01,2025-07-01,10.497,252,252,0.0,2179756236.111511,1501.612548828125,,True,2025-07-01
COALINDIA.NS,2015-01-01,2025-07-01,10.497,252,252,0.0,2926618398.4912415,359.34796142578125,,True,2025-07-01
COCHINSHIP.NS,2017-08-11,2025-07-01,7.888,252,252,0.0,1782609948.4846191,2032.951171875,,True,2025-07-01
COFORGE.NS,2015-01-01,2025-07-01,10.497,252,252,0.0,3134599730.60083,1900.498779296875,,True,2025-07-01
COLPAL.NS,2015-01-01,2025-07-01,10.497,252,252,0.0,1158670331.4608154,2356.14111328125,,True,2025-07-01
CONCOR.NS,2015-01-01,2025-07-01,10.497,252,252,0.0,1005187268.3668213,586.1078491210938,,True,2025-07-01
CROMPTON.NS,2016-05-13,2025-07-01,9.133,252,252,0.0,843620179.5531921,344.0134582519531,,True,2025-07-01
CUMMINSIND.NS,2015-01-01,2025-07-01,10.497,252,252,0.0,1674677612.5,3274.8330078125,,True,2025-07-01
DABUR.NS,2015-01-01,2025-07-01,10.497,252,252,0.0,1153576090.0798798,469.01708984375,,True,2025-07-01
DALBHARAT.NS,2018-12-21,2025-07-01,6.527,252,252,0.0,549573808.5491943,2178.412353515625,,True,2025-07-01
DELHIVERY.NS,2022-05-24,2025-07-01,3.105,252,252,0.0,745218369.9459686,383.95001220703125,,True,2025-07-01
DIVISLAB.NS,2015-01-01,2025-07-01,10.497,252,252,0.0,2410950183.81958,6797.390625,,True,2025-07-01
DIXON.NS,2017-09-18,2025-07-01,7.784,252,252,0.0,5854203711.409668,14709.4541015625,,True,2025-07-01
DLF.NS,2015-01-01,2025-07-01,10.497,252,252,0.0,2386542122.312622,826.9432983398438,,True,2025-07-01
DMART.NS,2017-03-21,2025-07-01,8.279,252,252,0.0,2048147411.84375,4452.39990234375,,True,2025-07-01
DRREDDY.NS,2015-01-01,2025-07-01,10.497,252,252,0.0,2276741574.366455,1260.758056640625,,True,2025-07-01
EICHERMOT.NS,2015-01-01,2025-07-01,10.497,252,252,0.0,2250567522.7753906,5583.86474609375,,True,2025-07-01
ETERNAL.NS,2021-07-23,2025-07-01,3.94,252,250,0.0079,11362449180.1456,261.0,,True,2025-07-01
FEDERALBNK.NS,2015-01-01,2025-07-01,10.497,252,252,0.0,1638112630.1802979,216.66372680664062,,True,2025-07-01
FORCEMOT.NS,2019-08-19,2025-07-01,5.867,252,252,0.0,248261285.04541016,14703.5380859375,illiquid,False,2025-07-01
FORTIS.NS,2015-01-01,2025-07-01,10.497,252,252,0.0,932386990.7871399,773.0147705078125,,True,2025-07-01
GAIL.NS,2015-01-01,2025-07-01,10.497,252,252,0.0,2538856404.474388,182.83372497558594,,True,2025-07-01
GLENMARK.NS,2015-01-01,2025-07-01,10.497,252,252,0.0,1007047370.0856934,1750.007568359375,,True,2025-07-01
GMRAIRPORT.NS,2015-01-01,2025-07-01,10.497,252,252,0.0,1129813055.7203522,86.01000213623047,,True,2025-07-01
GODFRYPHLP.NS,2015-01-01,2025-07-01,10.497,252,252,0.0,426914194.553833,2880.138916015625,,True,2025-07-01
GODREJCP.NS,2015-01-01,2025-07-01,10.497,252,252,0.0,1323571236.489624,1141.6275634765625,,True,2025-07-01
GODREJPROP.NS,2015-01-01,2025-07-01,10.497,252,252,0.0,1863170099.861206,2303.3662109375,,True,2025-07-01
GRASIM.NS,2015-01-01,2025-07-01,10.497,252,252,0.0,1537558577.2277832,2828.9638671875,,True,2025-07-01
GVT&D.NS,2015-01-01,2025-07-01,10.497,252,250,0.0079,560321314.9095459,2339.71142578125,,True,2025-07-01
HAL.NS,2018-04-02,2025-07-01,7.247,252,252,0.0,7319351370.226318,4845.55126953125,,True,2025-07-01
HAVELLS.NS,2015-01-01,2025-07-01,10.497,252,252,0.0,1391136227.6829834,1535.526123046875,,True,2025-07-01
HCLTECH.NS,2015-01-01,2025-07-01,10.497,252,252,0.0,4402336463.535156,1631.077392578125,,True,2025-07-01
HDFCAMC.NS,2018-08-06,2025-07-01,6.902,252,252,0.0,1779984553.613037,2516.459716796875,,True,2025-07-01
HDFCBANK.NS,2015-01-01,2025-07-01,10.497,252,252,0.0,21734301777.27014,987.2244873046875,,True,2025-07-01
HDFCLIFE.NS,2017-11-17,2025-07-01,7.619,252,252,0.0,2036504445.055664,807.023681640625,,True,2025-07-01
HEROMOTOCO.NS,2015-01-01,2025-07-01,10.497,252,252,0.0,2678632011.6899414,4024.2646484375,,True,2025-07-01
HINDALCO.NS,2015-01-01,2025-07-01,10.497,252,252,0.0,3458823666.235718,685.6685180664062,,True,2025-07-01
HINDPETRO.NS,2015-01-01,2025-07-01,10.497,252,252,0.0,2239659903.635681,403.96258544921875,,True,2025-07-01
HINDUNILVR.NS,2015-01-01,2025-07-01,10.497,252,252,0.0,4000385078.5081787,2254.662353515625,,True,2025-07-01
HINDZINC.NS,2015-01-01,2025-07-01,10.497,252,252,0.0,775436631.1526642,442.26934814453125,,True,2025-07-01
ICICIBANK.NS,2015-01-01,2025-07-01,10.497,252,252,0.0,14371301934.007324,1409.1552734375,,True,2025-07-01
ICICIGI.NS,2017-09-27,2025-07-01,7.759,252,252,0.0,1289962303.4627686,2049.136474609375,,True,2025-07-01
ICICIPRULI.NS,2016-09-29,2025-07-01,8.753,252,252,0.0,697983654.75,658.4649047851562,,True,2025-07-01
IDEA.NS,2015-01-01,2025-07-01,10.497,252,252,0.0,3774618240.1219206,7.449999809265137,low_price,False,2025-07-01
IDFCFIRSTB.NS,2015-11-06,2025-07-01,9.651,252,252,0.0,1719025360.7003326,76.76250457763672,,True,2025-07-01
IEX.NS,2017-10-23,2025-07-01,7.688,252,252,0.0,1084059819.6081543,187.8250732421875,,True,2025-07-01
INDHOTEL.NS,2015-01-01,2025-07-01,10.497,252,252,0.0,2226973124.5043945,758.6712036132812,,True,2025-07-01
INDIANB.NS,2015-01-01,2025-07-01,10.497,252,252,0.0,804772428.0015259,636.0994262695312,,True,2025-07-01
INDIGO.NS,2015-11-10,2025-07-01,9.64,252,252,0.0,3996714622.6018066,5954.9365234375,,True,2025-07-01
INDUSINDBK.NS,2015-01-01,2025-07-01,10.497,252,252,0.0,4945093577.300354,877.6784057617188,,True,2025-07-01
INDUSTOWER.NS,2015-01-01,2025-07-01,10.497,252,252,0.0,2694789689.044464,405.1041564941406,,True,2025-07-01
INFY.NS,2015-01-01,2025-07-01,10.497,252,252,0.0,10967174386.906616,1549.05224609375,,True,2025-07-01
INOXWIND.NS,2015-04-09,2025-07-01,10.229,252,252,0.0,1217605932.062439,172.97000122070312,,True,2025-07-01
IOC.NS,2015-01-01,2025-07-01,10.497,252,252,0.0,2065270059.3859558,136.78277587890625,,True,2025-07-01
IREDA.NS,2023-11-29,2025-07-01,1.588,252,252,0.0,2137500692.6483917,169.49131774902344,short_history,False,2025-07-01
IRFC.NS,2021-01-29,2025-07-01,4.419,252,252,0.0,2794830482.4701843,138.83798217773438,,True,2025-07-01
ITC.NS,2015-01-01,2025-07-01,10.497,252,252,0.0,5755925841.014404,395.7962646484375,,True,2025-07-01
JINDALSTEL.NS,2015-01-01,2025-07-01,10.497,252,252,0.0,1516740036.625,947.669677734375,,True,2025-07-01
JIOFIN.NS,2023-08-21,2025-07-01,1.862,252,252,0.0,4638192050.86087,328.3179626464844,short_history,False,2025-07-01
JSWENERGY.NS,2015-01-01,2025-07-01,10.497,252,252,0.0,1674226248.6243286,525.3632202148438,,True,2025-07-01
JSWSTEEL.NS,2015-01-01,2025-07-01,10.497,252,252,0.0,1571645912.2699585,1020.9705200195312,,True,2025-07-01
JUBLFOOD.NS,2015-01-01,2025-07-01,10.497,252,252,0.0,1130651811.8494873,706.5054931640625,,True,2025-07-01
KALYANKJIL.NS,2021-03-26,2025-07-01,4.266,252,252,0.0,3269508292.618347,568.6858520507812,,True,2025-07-01
KAYNES.NS,2022-11-22,2025-07-01,2.606,252,252,0.0,2473401113.1726074,6140.5,short_history,False,2025-07-01
KEI.NS,2015-01-01,2025-07-01,10.497,252,252,0.0,1098908538.586914,3806.29345703125,,True,2025-07-01
KFINTECH.NS,2022-12-29,2025-07-01,2.505,252,252,0.0,1116966116.7503357,1307.2291259765625,short_history,False,2025-07-01
KOTAKBANK.NS,2015-01-01,2025-07-01,10.497,252,252,0.0,7176988636.519699,435.4652404785156,,True,2025-07-01
KPITTECH.NS,2019-04-22,2025-07-01,6.193,252,252,0.0,1384123038.4260864,1228.0111083984375,,True,2025-07-01
LAURUSLABS.NS,2016-12-19,2025-07-01,8.531,252,252,0.0,1049130339.6848297,744.6934814453125,,True,2025-07-01
LICHSGFIN.NS,2015-01-01,2025-07-01,10.497,252,252,0.0,1006770740.75,588.9451904296875,,True,2025-07-01
LICI.NS,2022-05-17,2025-07-01,3.124,252,252,0.0,1003028512.7192993,468.1480712890625,,True,2025-07-01
LODHA.NS,2021-04-19,2025-07-01,4.2,252,252,0.0,1557609297.855896,1382.072998046875,,True,2025-07-01
LT.NS,2015-01-01,2025-07-01,10.497,252,252,0.0,6703193097.945923,3631.232421875,,True,2025-07-01
LTF.NS,2015-01-01,2025-07-01,10.497,252,252,0.0,875083290.094696,205.721923828125,,True,2025-07-01
LTM.NS,2016-07-21,2025-07-01,8.945,252,252,0.0,1767627986.5656738,5213.359375,,True,2025-07-01
LUPIN.NS,2015-01-01,2025-07-01,10.497,252,252,0.0,2009523108.4246216,1934.7509765625,,True,2025-07-01
M&M.NS,2015-01-01,2025-07-01,10.497,252,252,0.0,7650533502.543457,3118.04248046875,,True,2025-07-01
MANAPPURAM.NS,2015-01-01,2025-07-01,10.497,252,252,0.0,1498890260.9808273,275.351318359375,,True,2025-07-01
MANKIND.NS,2023-05-09,2025-07-01,2.146,252,252,0.0,1007223839.5227051,2286.098876953125,short_history,False,2025-07-01
MARICO.NS,2015-01-01,2025-07-01,10.497,252,252,0.0,1229080419.7126465,706.992919921875,,True,2025-07-01
MARUTI.NS,2015-01-01,2025-07-01,10.497,252,252,0.0,4881505380.65332,12186.388671875,,True,2025-07-01
MAXHEALTH.NS,2020-08-21,2025-07-01,4.86,252,252,0.0,1912953459.1863098,1275.957275390625,,True,2025-07-01
MAZDOCK.NS,2020-10-12,2025-07-01,4.717,252,252,0.0,9174132585.301514,3248.878662109375,,True,2025-07-01
MCX.NS,2015-01-01,2025-07-01,10.497,252,252,0.0,2355377645.6085205,1805.20556640625,,True,2025-07-01
MFSL.NS,2015-01-01,2025-07-01,10.497,252,252,0.0,921763739.4048462,1653.9000244140625,,True,2025-07-01
MOTHERSON.NS,2015-01-01,2025-07-01,10.497,252,252,0.0,2278504812.2325134,100.94403839111328,,True,2025-07-01
MOTILALOFS.NS,2015-01-01,2025-07-01,10.497,252,252,0.0,1331051440.57547,861.6451416015625,,True,2025-07-01
MPHASIS.NS,2015-01-01,2025-07-01,10.497,252,252,0.0,1412949208.182373,2751.28955078125,,True,2025-07-01
MUTHOOTFIN.NS,2015-01-01,2025-07-01,10.497,252,252,0.0,1110158386.6845703,2619.748779296875,,True,2025-07-01
NAM-INDIA.NS,2017-11-06,2025-07-01,7.65,252,252,0.0,564066863.642273,780.9286499023438,,True,2025-07-01
NATIONALUM.NS,2015-01-01,2025-07-01,10.497,252,252,0.0,2295954178.505539,181.58607482910156,,True,2025-07-01
NAUKRI.NS,2015-01-01,2025-07-01,10.497,252,252,0.0,1754725914.5037842,1435.7806396484375,,True,2025-07-01
NBCC.NS,2015-01-01,2025-07-01,10.497,252,252,0.0,1230046961.742859,122.20785522460938,,True,2025-07-01
NESTLEIND.NS,2015-01-01,2025-07-01,10.497,252,252,0.0,1825543893.944336,1187.850341796875,,True,2025-07-01
NHPC.NS,2015-01-01,2025-07-01,10.497,252,252,0.0,1624914206.2601624,83.22261047363281,,True,2025-07-01
NMDC.NS,2015-01-01,2025-07-01,10.497,252,252,0.0,1739644801.745041,65.0367431640625,,True,2025-07-01
NTPC.NS,2015-01-01,2025-07-01,10.497,252,252,0.0,4799413224.661774,324.0480041503906,,True,2025-07-01
NYKAA.NS,2021-11-10,2025-07-01,3.639,252,252,0.0,1203653305.8902512,207.0500030517578,,True,2025-07-01
OBEROIRLTY.NS,2015-01-01,2025-07-01,10.497,252,252,0.0,1324883768.8034668,1901.9722900390625,,True,2025-07-01
OFSS.NS,2015-01-01,2025-07-01,10.497,252,252,0.0,1564054098.0356445,8575.078125,,True,2025-07-01
OIL.NS,2015-01-01,2025-07-01,10.497,252,252,0.0,1422635605.644928,422.8913269042969,,True,2025-07-01
ONGC.NS,2015-01-01,2025-07-01,10.497,252,252,0.0,3305735652.0567093,230.87400817871094,,True,2025-07-01
PAGEIND.NS,2015-01-01,2025-07-01,10.497,252,252,0.0,993602741.25,47257.359375,,True,2025-07-01
PATANJALI.NS,2015-01-01,2025-07-01,10.497,252,252,0.0,1087543550.164856,535.2835083007812,,True,2025-07-01
PAYTM.NS,2021-11-18,2025-07-01,3.617,252,252,0.0,4769441170.914215,930.25,,True,2025-07-01
PERSISTENT.NS,2015-01-01,2025-07-01,10.497,252,252,0.0,2305991050.25,5979.96826171875,,True,2025-07-01
PETRONET.NS,2015-01-01,2025-07-01,10.497,252,252,0.0,722776177.994873,286.2044677734375,,True,2025-07-01
PFC.NS,2015-01-01,2025-07-01,10.497,252,252,0.0,3597895823.2317505,404.5621032714844,,True,2025-07-01
PGEL.NS,2015-01-01,2025-07-01,10.497,252,252,0.0,998954256.923523,722.6814575195312,,True,2025-07-01
PHOENIXLTD.NS,2015-01-01,2025-07-01,10.497,252,252,0.0,1005377972.3776855,1543.8221435546875,,True,2025-07-01
PIDILITIND.NS,2015-01-01,2025-07-01,10.497,252,252,0.0,833505855.3977051,1501.7069091796875,,True,2025-07-01
PIIND.NS,2015-01-01,2025-07-01,10.497,252,252,0.0,977212947.7142334,4122.5341796875,,True,2025-07-01
PNB.NS,2015-01-01,2025-07-01,10.497,252,252,0.0,2604763751.2818527,109.8750228881836,,True,2025-07-01
PNBHOUSING.NS,2016-11-07,2025-07-01,8.646,252,252,0.0,961790238.9576721,1089.8970947265625,,True,2025-07-01
POLICYBZR.NS,2021-11-15,2025-07-01,3.625,252,252,0.0,2204001207.628174,1832.9000244140625,,True,2025-07-01
POLYCAB.NS,2019-04-16,2025-07-01,6.209,252,252,0.0,2059378966.7128906,6632.52978515625,,True,2025-07-01
POWERGRID.NS,2015-01-01,2025-07-01,10.497,252,252,0.0,3857943676.5017395,288.1328430175781,,True,2025-07-01
POWERINDIA.NS,2020-03-30,2025-07-01,5.254,252,252,0.0,949350533.2382812,19279.802734375,,True,2025-07-01
PRESTIGE.NS,2015-01-01,2025-07-01,10.497,252,252,0.0,1333273977.586609,1633.161865234375,,True,2025-07-01
RADICO.NS,2015-01-01,2025-07-01,10.497,252,252,0.0,442942667.55493164,2559.7998046875,,True,2025-07-01
RBLBANK.NS,2016-08-31,2025-07-01,8.832,252,252,0.0,1359040245.2618713,258.40887451171875,,True,2025-07-01
RECLTD.NS,2015-01-01,2025-07-01,10.497,252,252,0.0,3885523622.6800537,373.9340515136719,,True,2025-07-01
RELIANCE.NS,2015-01-01,2025-07-01,10.497,252,252,0.0,15933337557.312195,1515.3138427734375,,True,2025-07-01
RVNL.NS,2019-04-11,2025-07-01,6.223,252,252,0.0,3096203505.1128387,391.3392639160156,,True,2025-07-01
SAIL.NS,2015-01-01,2025-07-01,10.497,252,252,0.0,2088999315.7470894,131.6894989013672,,True,2025-07-01
SBICARD.NS,2020-03-16,2025-07-01,5.292,252,252,0.0,896527068.2478638,928.5469970703125,,True,2025-07-01
SBILIFE.NS,2017-10-03,2025-07-01,7.743,252,252,0.0,1874786571.6923218,1859.91455078125,,True,2025-07-01
SBIN.NS,2015-01-01,2025-07-01,10.497,252,252,0.0,9390668342.255005,805.7758178710938,,True,2025-07-01
SHREECEM.NS,2015-01-01,2025-07-01,10.497,252,252,0.0,829220030.0,30955.8125,,True,2025-07-01
SHRIRAMFIN.NS,2015-01-01,2025-07-01,10.497,252,252,0.0,3595522152.7371216,685.2640380859375,,True,2025-07-01
SIEMENS.NS,2015-01-01,2025-07-01,10.497,252,252,0.0,2090058991.5100098,3306.850341796875,,True,2025-07-01
SOLARINDS.NS,2015-01-01,2025-07-01,10.497,252,252,0.0,810702358.8173828,17175.564453125,,True,2025-07-01
SONACOMS.NS,2021-06-24,2025-07-01,4.019,252,252,0.0,925169484.299469,471.4052734375,,True,2025-07-01
SRF.NS,2015-01-01,2025-07-01,10.497,252,252,0.0,1332962425.7962646,3183.874755859375,,True,2025-07-01
SUNPHARMA.NS,2015-01-01,2025-07-01,10.497,252,252,0.0,3471957426.614929,1646.6895751953125,,True,2025-07-01
SUPREMEIND.NS,2015-01-01,2025-07-01,10.497,252,252,0.0,733727110.0255127,4332.53759765625,,True,2025-07-01
SUZLON.NS,2015-01-01,2025-07-01,10.497,252,252,0.0,3563845395.539112,67.19999694824219,,True,2025-07-01
TATACONSUM.NS,2015-01-01,2025-07-01,10.497,252,252,0.0,1489314448.3481445,1086.4071044921875,,True,2025-07-01
TATAELXSI.NS,2015-01-01,2025-07-01,10.497,252,252,0.0,916656631.3320312,6099.12353515625,,True,2025-07-01
TATAPOWER.NS,2015-01-01,2025-07-01,10.497,252,252,0.0,3396176954.25,404.0462951660156,,True,2025-07-01
TATASTEEL.NS,2015-01-01,2025-07-01,10.497,252,252,0.0,4866143481.271233,156.8258056640625,,True,2025-07-01
TCS.NS,2015-01-01,2025-07-01,10.497,252,252,0.0,8609928748.023926,3281.8603515625,,True,2025-07-01
TECHM.NS,2015-01-01,2025-07-01,10.497,252,252,0.0,2841370496.7786255,1583.06689453125,,True,2025-07-01
TIINDIA.NS,2017-11-02,2025-07-01,7.661,252,252,0.0,793152833.1899414,3081.1318359375,,True,2025-07-01
TITAN.NS,2015-01-01,2025-07-01,10.497,252,252,0.0,3334171151.4735107,3677.33056640625,,True,2025-07-01
TMPV.NS,2015-01-01,2025-07-01,10.497,252,252,0.0,9387379645.93634,678.17431640625,,True,2025-07-01
TORNTPHARM.NS,2015-01-01,2025-07-01,10.497,252,252,0.0,871187102.9863281,3386.70166015625,,True,2025-07-01
TRENT.NS,2015-01-01,2025-07-01,10.497,252,252,0.0,5170568928.0,6134.9345703125,,True,2025-07-01
TVSMOTOR.NS,2015-01-01,2025-07-01,10.497,252,252,0.0,1689186468.3625488,2883.521240234375,,True,2025-07-01
ULTRACEMCO.NS,2015-01-01,2025-07-01,10.497,252,252,0.0,3250669197.9189453,11890.3896484375,,True,2025-07-01
UNIONBANK.NS,2015-01-01,2025-07-01,10.497,252,252,0.0,1278713927.810135,145.28372192382812,,True,2025-07-01
UNITDSPR.NS,2015-01-01,2025-07-01,10.497,252,252,0.0,992770457.1898193,1375.1846923828125,,True,2025-07-01
UNOMINDA.NS,2015-01-01,2025-07-01,10.497,252,252,0.0,693734644.4716187,1076.842041015625,,True,2025-07-01
UPL.NS,2015-01-01,2025-07-01,10.497,252,252,0.0,1104798586.2953796,658.5897216796875,,True,2025-07-01
VBL.NS,2016-11-08,2025-07-01,8.643,252,252,0.0,3236666629.37648,449.6757507324219,,True,2025-07-01
VEDL.NS,2015-01-01,2025-07-01,10.497,252,252,0.0,4016615930.0002594,441.9645080566406,,True,2025-07-01
VOLTAS.NS,2015-01-01,2025-07-01,10.497,252,252,0.0,2063254285.5510254,1322.345947265625,,True,2025-07-01
WIPRO.NS,2015-01-01,2025-07-01,10.497,252,252,0.0,3147103846.9195557,250.06118774414062,,True,2025-07-01
YESBANK.NS,2015-01-01,2025-07-01,10.497,252,252,0.0,1758905149.2275743,20.43000030517578,,True,2025-07-01
ZYDUSLIFE.NS,2015-01-01,2025-07-01,10.497,252,252,0.0,1124528068.1062012,990.2562255859375,,True,2025-07-01
360ONE.NS,2019-09-19,2026-01-01,6.286,252,252,0.0,721365461.0758667,1172.891357421875,,True,2026-01-01
ABB.NS,2015-01-01,2026-01-01,11.001,252,252,0.0,1471653065.0214844,5095.42919921875,,True,2026-01-01
ABCAPITAL.NS,2017-09-01,2026-01-01,8.334,252,252,0.0,1007349230.6769638,361.95001220703125,,True,2026-01-01
ADANIENSOL.NS,2015-07-31,2026-01-01,10.423,252,252,0.0,1269820557.888794,1046.4000244140625,,True,2026-01-01
ADANIENT.NS,2015-01-01,2026-01-01,11.001,252,252,0.0,2113142254.428955,2258.989990234375,,True,2026-01-01
ADANIGREEN.NS,2018-06-18,2026-01-01,7.54,252,252,0.0,2258525796.875,1025.9000244140625,,True,2026-01-01
ADANIPORTS.NS,2015-01-01,2026-01-01,11.001,252,252,0.0,2595280942.1085205,1474.8841552734375,,True,2026-01-01
ADANIPOWER.NS,2015-01-01,2026-01-01,11.001,252,252,0.0,2189540297.9286575,148.75999450683594,,True,2026-01-01
ALKEM.NS,2015-12-23,2026-01-01,10.026,252,252,0.0,543024201.2441406,5410.12548828125,,True,2026-01-01
AMBER.NS,2018-01-30,2026-01-01,7.921,252,252,0.0,2387165671.823242,6447.5,,True,2026-01-01
AMBUJACEM.NS,2015-01-01,2026-01-01,11.001,252,252,0.0,1037242925.933136,556.8934936523438,,True,2026-01-01
ANGELONE.NS,2020-10-05,2026-01-01,5.24,252,252,0.0,2234318328.4928894,231.80526733398438,,True,2026-01-01
APLAPOLLO.NS,2015-01-01,2026-01-01,11.001,252,252,0.0,780044882.2661743,1970.0,,True,2026-01-01
APOLLOHOSP.NS,2015-01-01,2026-01-01,11.001,252,252,0.0,2363555576.5,7093.81298828125,,True,2026-01-01
ASHOKLEY.NS,2015-01-01,2026-01-01,11.001,252,252,0.0,1451225161.2406082,181.77903747558594,,True,2026-01-01
ASIANPAINT.NS,2015-01-01,2026-01-01,11.001,252,252,0.0,2386253395.702759,2728.3291015625,,True,2026-01-01
ASTRAL.NS,2015-01-01,2026-01-01,11.001,252,252,0.0,781780507.8623657,1432.646728515625,,True,2026-01-01
AUBANK.NS,2017-07-11,2026-01-01,8.476,252,252,0.0,1656591500.0619202,998.4803466796875,,True,2026-01-01
AUROPHARMA.NS,2015-01-01,2026-01-01,11.001,252,252,0.0,1054632612.4202881,1193.0,,True,2026-01-01
AXISBANK.NS,2015-01-01,2026-01-01,11.001,252,252,0.0,6630741236.445923,1273.41796875,,True,2026-01-01
BAJAJ-AUTO.NS,2015-01-01,2026-01-01,11.001,252,252,0.0,2984251854.0,9425.3544921875,,True,2026-01-01
BAJAJFINSV.NS,2015-01-01,2026-01-01,11.001,252,252,0.0,2399066759.0637207,2035.2633056640625,,True,2026-01-01
BAJAJHLDNG.NS,2015-01-01,2026-01-01,11.001,252,252,0.0,676985883.0,11202.794921875,,True,2026-01-01
BAJFINANCE.NS,2015-01-01,2026-01-01,11.001,252,252,0.0,6925182686.854675,967.1546630859375,,True,2026-01-01
BANDHANBNK.NS,2018-03-27,2026-01-01,7.767,252,252,0.0,1034478656.2189941,142.94097900390625,,True,2026-01-01
BANKBARODA.NS,2015-01-01,2026-01-01,11.001,252,252,0.0,2062383054.4192123,291.3273010253906,,True,2026-01-01
BANKINDIA.NS,2015-01-01,2026-01-01,11.001,252,252,0.0,935905771.0896416,142.34031677246094,,True,2026-01-01
BDL.NS,2018-03-23,2026-01-01,7.778,252,252,0.0,2199262899.7452393,1476.243896484375,,True,2026-01-01
BEL.NS,2015-01-01,2026-01-01,11.001,252,252,0.0,5371076325.864899,395.47723388671875,,True,2026-01-01
BHARATFORG.NS,2015-01-01,2026-01-01,11.001,252,252,0.0,1116308618.668213,1458.3031005859375,,True,2026-01-01
BHARTIARTL.NS,2015-01-01,2026-01-01,11.001,252,252,0.0,9641916625.457031,2084.170166015625,,True,2026-01-01
BHEL.NS,2015-01-01,2026-01-01,11.001,252,252,0.0,1990226386.4532547,290.51287841796875,,True,2026-01-01
BIOCON.NS,2015-01-01,2026-01-01,11.001,252,252,0.0,980506019.9495239,387.2868347167969,,True,2026-01-01
BLUESTARCO.NS,2015-01-01,2026-01-01,11.001,252,252,0.0,891530739.80896,1763.551025390625,,True,2026-01-01
BOSCHLTD.NS,2015-01-01,2026-01-01,11.001,252,252,0.0,676283142.5,35903.734375,,True,2026-01-01
BPCL.NS,2015-01-01,2026-01-01,11.001,252,252,0.0,2181743540.4918976,371.0335998535156,,True,2026-01-01
BRITANNIA.NS,2015-01-01,2026-01-01,11.001,252,252,0.0,1547123109.3146973,5911.05517578125,,True,2026-01-01
BSE.NS,2017-02-03,2026-01-01,8.909,252,252,0.0,12365999216.028687,2621.0947265625,,True,2026-01-01
CAMS.NS,2020-10-05,2026-01-01,5.24,252,252,0.0,1436002545.921936,725.3854370117188,,True,2026-01-01
CANBK.NS,2015-01-01,2026-01-01,11.001,252,252,0.0,2550190323.9759636,149.314453125,,True,2026-01-01
CDSL.NS,2017-06-30,2026-01-01,8.507,252,252,0.0,4047382376.875,1433.127197265625,,True,2026-01-01
CGPOWER.NS,2015-01-01,2026-01-01,11.001,252,252,0.0,1587416071.0535278,636.4951782226562,,True,2026-01-01
CHOLAFIN.NS,2015-01-01,2026-01-01,11.001,252,252,0.0,2242014636.847046,1722.0352783203125,,True,2026-01-01
CIPLA.NS,2015-01-01,2026-01-01,11.001,252,252,0.0,1824030412.0186768,1486.9501953125,,True,2026-01-01
COALINDIA.NS,2015-01-01,2026-01-01,11.001,252,252,0.0,2006129253.2142334,390.0150146484375,,True,2026-01-01
COCHINSHIP.NS,2017-08-11,2026-01-01,8.392,252,252,0.0,1603245461.8710938,1618.843994140625,,True,2026-01-01
COFORGE.NS,2015-01-01,2026-01-01,11.001,252,252,0.0,3011321032.527649,1644.2403564453125,,True,2026-01-01
COLPAL.NS,2015-01-01,2026-01-01,11.001,252,252,0.0,1057036416.25,2069.405029296875,,True,2026-01-01
CONCOR.NS,2015-01-01,2026-01-01,11.001,252,252,0.0,677779643.3380737,519.16455078125,,True,2026-01-01
CROMPTON.NS,2016-05-13,2026-01-01,9.637,252,252,0.0,669698095.3314056,246.28802490234375,,True,2026-01-01
CUMMINSIND.NS,2015-01-01,2026-01-01,11.001,252,252,0.0,1675995344.6228027,4413.75439453125,,True,2026-01-01
DABUR.NS,2015-01-01,2026-01-01,11.001,252,252,0.0,1020119554.5091248,493.547119140625,,True,2026-01-01
DALBHARAT.NS,2018-12-21,2026-01-01,7.031,252,252,0.0,541104295.600708,2129.957763671875,,True,2026-01-01
DELHIVERY.NS,2022-05-24,2026-01-01,3.608,252,252,0.0,841569425.6184387,400.6000061035156,,True,2026-01-01
DIVISLAB.NS,2015-01-01,2026-01-01,11.001,252,252,0.0,2095532869.5,6317.94677734375,,True,2026-01-01
DIXON.NS,2017-09-18,2026-01-01,8.287,252,252,0.0,4637005943.192383,12091.0,,True,2026-01-01
DLF.NS,2015-01-01,2026-01-01,11.001,252,252,0.0,1977797918.615326,682.8271484375,,True,2026-01-01
DMART.NS,2017-03-21,2026-01-01,8.783,252,252,0.0,1614707856.1801758,3716.10009765625,,True,2026-01-01
DRREDDY.NS,2015-01-01,2026-01-01,11.001,252,252,0.0,1865465435.9204712,1245.50146484375,,True,2026-01-01
EICHERMOT.NS,2015-01-01,2026-01-01,11.001,252,252,0.0,2480821736.9418945,7271.85009765625,,True,2026-01-01
ETERNAL.NS,2021-07-23,2026-01-01,4.444,252,250,0.0079,9264840474.045792,283.79998779296875,,True,2026-01-01
FEDERALBNK.NS,2015-01-01,2026-01-01,11.001,252,252,0.0,1387646555.12352,265.3434753417969,,True,2026-01-01
FORCEMOT.NS,2019-08-19,2026-01-01,6.371,252,252,0.0,1096334474.5,20860.0,,True,2026-01-01
FORTIS.NS,2015-01-01,2026-01-01,11.001,252,252,0.0,1288955637.9906616,899.5956420898438,,True,2026-01-01
GAIL.NS,2015-01-01,2026-01-01,11.001,252,252,0.0,1820723178.3944702,166.5777587890625,,True,2026-01-01
GLENMARK.NS,2015-01-01,2026-01-01,11.001,252,252,0.0,1074421002.8851318,2026.199951171875,,True,2026-01-01
GMRAIRPORT.NS,2015-01-01,2026-01-01,11.001,252,252,0.0,881714109.122757,105.5,,True,2026-01-01
GODFRYPHLP.NS,2015-01-01,2026-01-01,11.001,252,252,0.0,818198364.2318115,2257.478515625,,True,2026-01-01
GODREJCP.NS,2015-01-01,2026-01-01,11.001,252,252,0.0,1368491243.958374,1225.1265869140625,,True,2026-01-01
GODREJPROP.NS,2015-01-01,2026-01-01,11.001,252,252,0.0,1442597882.1520386,2005.6055908203125,,True,2026-01-01
GRASIM.NS,2015-01-01,2026-01-01,11.001,252,252,0.0,1436082969.025879,2842.84375,,True,2026-01-01
GVT&D.NS,2015-01-01,2026-01-01,11.001,252,248,0.0159,939676376.9641113,3156.686767578125,,True,2026-01-01
HAL.NS,2018-04-02,2026-01-01,7.751,252,252,0.0,5554980592.078491,4352.84130859375,,True,2026-01-01
HAVELLS.NS,2015-01-01,2026-01-01,11.001,252,252,0.0,1136424576.7215576,1406.1685791015625,,True,2026-01-01
HCLTECH.NS,2015-01-01,2026-01-01,11.001,252,252,0.0,3885598373.404358,1576.1693115234375,,True,2026-01-01
HDFCAMC.NS,2018-08-06,2026-01-01,7.406,252,252,0.0,1854832804.0,2591.51806640625,,True,2026-01-01
HDFCBANK.NS,2015-01-01,2026-01-01,11.001,252,252,0.0,17113419993.399658,975.023681640625,,True,2026-01-01
HDFCLIFE.NS,2017-11-17,2026-01-01,8.123,252,252,0.0,1714613691.102478,747.43603515625,,True,2026-01-01
HEROMOTOCO.NS,2015-01-01,2026-01-01,11.001,252,252,0.0,2676792233.9609375,5646.75732421875,,True,2026-01-01
HINDALCO.NS,2015-01-01,2026-01-01,11.001,252,252,0.0,3286859692.570862,890.3055419921875,,True,2026-01-01
HINDPETRO.NS,2015-01-01,2026-01-01,11.001,252,252,0.0,1661397463.1820984,474.1712646484375,,True,2026-01-01
HINDUNILVR.NS,2015-01-01,2026-01-01,11.001,252,252,0.0,3393144659.590576,2299.609375,,True,2026-01-01
HINDZINC.NS,2015-01-01,2026-01-01,11.001,252,252,0.0,997150048.9653625,600.9697265625,,True,2026-01-01
ICICIBANK.NS,2015-01-01,2026-01-01,11.001,252,252,0.0,12509593892.120361,1326.8143310546875,,True,2026-01-01
ICICIGI.NS,2017-09-27,2026-01-01,8.263,252,252,0.0,1041973874.5063477,1949.4979248046875,,True,2026-01-01
ICICIPRULI.NS,2016-09-29,2026-01-01,9.257,252,252,0.0,543951087.5882263,671.968017578125,,True,2026-01-01
IDEA.NS,2015-01-01,2026-01-01,11.001,252,252,0.0,3464792627.427349,11.600000381469727,low_price,False,2026-01-01
IDFCFIRSTB.NS,2015-11-06,2026-01-01,10.155,252,252,0.0,1552758985.2920341,85.35923767089844,,True,2026-01-01
IEX.NS,2017-10-23,2026-01-01,8.192,252,252,0.0,818247604.2967377,129.75289916992188,,True,2026-01-01
INDHOTEL.NS,2015-01-01,2026-01-01,11.001,252,252,0.0,2022088465.544159,735.3251342773438,,True,2026-01-01
INDIANB.NS,2015-01-01,2026-01-01,11.001,252,252,0.0,996842786.898468,815.2333374023438,,True,2026-01-01
INDIGO.NS,2015-11-10,2026-01-01,10.144,252,252,0.0,4439816813.358643,5110.5,,True,2026-01-01
INDUSINDBK.NS,2015-01-01,2026-01-01,11.001,252,252,0.0,3580846924.742737,888.760498046875,,True,2026-01-01
INDUSTOWER.NS,2015-01-01,2026-01-01,11.001,252,252,0.0,2181733829.8216553,419.9937744140625,,True,2026-01-01
INFY.NS,2015-01-01,2026-01-01,11.001,252,252,0.0,11369964793.49707,1595.2791748046875,,True,2026-01-01
INOXWIND.NS,2015-04-09,2026-01-01,10.732,252,252,0.0,941491319.1341324,122.8499984741211,,True,2026-01-01
IOC.NS,2015-01-01,2026-01-01,11.001,252,252,0.0,1554430335.0678864,162.3675079345703,,True,2026-01-01
IREDA.NS,2023-11-29,2026-01-01,2.092,252,252,0.0,1244906171.6560059,138.62498474121094,short_history,False,2026-01-01
IRFC.NS,2021-01-29,2026-01-01,4.923,252,252,0.0,1581364910.480877,124.46814727783203,,True,2026-01-01
ITC.NS,2015-01-01,2026-01-01,11.001,252,252,0.0,5150376881.942291,346.9295959472656,,True,2026-01-01
JINDALSTEL.NS,2015-01-01,2026-01-01,11.001,252,252,0.0,1425230076.7756348,1066.490234375,,True,2026-01-01
JIOFIN.NS,2023-08-21,2026-01-01,2.366,252,252,0.0,3735565689.768402,295.0091247558594,short_history,False,2026-01-01
JSWENERGY.NS,2015-01-01,2026-01-01,11.001,252,252,0.0,1411508196.143097,500.2984619140625,,True,2026-01-01
JSWSTEEL.NS,2015-01-01,2026-01-01,11.001,252,252,0.0,1568041507.1873474,1164.8094482421875,,True,2026-01-01
JUBLFOOD.NS,2015-01-01,2026-01-01,11.001,252,252,0.0,952981166.7937622,551.5813598632812,,True,2026-01-01
KALYANKJIL.NS,2021-03-26,2026-01-01,4.769,252,252,0.0,2234433023.168152,484.20001220703125,,True,2026-01-01
KAYNES.NS,2022-11-22,2026-01-01,3.11,252,252,0.0,3069788294.6313477,3943.5,,True,2026-01-01
KEI.NS,2015-01-01,2026-01-01,11.001,252,252,0.0,1010957733.7113037,4509.1611328125,,True,2026-01-01
KFINTECH.NS,2022-12-29,2026-01-01,3.009,252,252,0.0,1139948919.7157593,1062.3160400390625,,True,2026-01-01
KOTAKBANK.NS,2015-01-01,2026-01-01,11.001,252,252,0.0,6597059295.343399,442.7955322265625,,True,2026-01-01
KPITTECH.NS,2019-04-22,2026-01-01,6.697,252,252,0.0,972451664.6462402,1150.838134765625,,True,2026-01-01
LAURUSLABS.NS,2016-12-19,2026-01-01,9.035,252,252,0.0,1300793188.7341309,1109.295654296875,,True,2026-01-01
LICHSGFIN.NS,2015-01-01,2026-01-01,11.001,252,252,0.0,717636456.4432983,525.3027954101562,,True,2026-01-01
LICI.NS,2022-05-17,2026-01-01,3.628,252,252,0.0,839602272.2774963,416.63360595703125,,True,2026-01-01
LODHA.NS,2021-04-19,2026-01-01,4.704,252,252,0.0,1332086676.0,1069.0443115234375,,True,2026-01-01
LT.NS,2015-01-01,2026-01-01,11.001,252,252,0.0,5658781458.450439,4100.35009765625,,True,2026-01-01
LTF.NS,2015-01-01,2026-01-01,11.001,252,252,0.0,1074462532.4733353,314.0169677734375,,True,2026-01-01
LTM.NS,2016-07-21,2026-01-01,9.448,252,252,0.0,1357179597.355957,6031.173828125,,True,2026-01-01
LUPIN.NS,2015-01-01,2026-01-01,11.001,252,252,0.0,1683620403.869812,2087.662841796875,,True,2026-01-01
M&M.NS,2015-01-01,2026-01-01,11.001,252,251,0.004,7466756052.110352,3721.914306640625,,True,2026-01-01
MANAPPURAM.NS,2015-01-01,2026-01-01,11.001,252,252,0.0,1068544023.1536636,312.1739807128906,,True,2026-01-01
MANKIND.NS,2023-05-09,2026-01-01,2.65,252,252,0.0,1024639655.2180176,2164.60009765625,short_history,False,2026-01-01
MARICO.NS,2015-01-01,2026-01-01,11.001,252,252,0.0,1218846009.129181,756.98828125,,True,2026-01-01
MARUTI.NS,2015-01-01,2026-01-01,11.001,252,252,0.0,4439210024.152832,16541.869140625,,True,2026-01-01
MAXHEALTH.NS,2020-08-21,2026-01-01,5.363,252,252,0.0,2372856409.3152466,1047.538330078125,,True,2026-01-01
MAZDOCK.NS,2020-10-12,2026-01-01,5.221,252,252,0.0,4931936394.453369,2464.558837890625,,True,2026-01-01
MCX.NS,2015-01-01,2026-01-01,11.001,252,252,0.0,3380626211.591797,2197.800048828125,,True,2026-01-01
MFSL.NS,2015-01-01,2026-01-01,11.001,252,252,0.0,895960511.2120972,1674.0,,True,2026-01-01
MOTHERSON.NS,2015-01-01,2026-01-01,11.001,252,252,0.0,1605588746.1004295,121.92898559570312,,True,2026-01-01
MOTILALOFS.NS,2015-01-01,2026-01-01,11.001,252,252,0.0,1090836920.8856812,834.9110107421875,,True,2026-01-01
MPHASIS.NS,2015-01-01,2026-01-01,11.001,252,252,0.0,1177052490.8477783,2754.746337890625,,True,2026-01-01
MUTHOOTFIN.NS,2015-01-01,2026-01-01,11.001,252,252,0.0,1245395549.3579102,3806.8115234375,,True,2026-01-01
NAM-INDIA.NS,2017-11-06,2026-01-01,8.153,252,252,0.0,583926264.924408,865.599365234375,,True,2026-01-01
NATIONALUM.NS,2015-01-01,2026-01-01,11.001,252,252,0.0,1691689096.968132,308.38525390625,,True,2026-01-01
NAUKRI.NS,2015-01-01,2026-01-01,11.001,252,252,0.0,1587563105.6850586,1333.842529296875,,True,2026-01-01
NBCC.NS,2015-01-01,2026-01-01,11.001,252,252,0.0,923389851.6088905,121.73983764648438,,True,2026-01-01
NESTLEIND.NS,2015-01-01,2026-01-01,11.001,252,252,0.0,1359920999.409851,1281.883544921875,,True,2026-01-01
NHPC.NS,2015-01-01,2026-01-01,11.001,252,252,0.0,994962810.5901184,77.93501281738281,,True,2026-01-01
NMDC.NS,2015-01-01,2026-01-01,11.001,252,252,0.0,1336138908.3112907,81.19186401367188,,True,2026-01-01
NTPC.NS,2015-01-01,2026-01-01,11.001,252,252,0.0,3112860975.5472717,333.780029296875,,True,2026-01-01
NYKAA.NS,2021-11-10,2026-01-01,4.142,252,252,0.0,1100935024.2915497,265.75,,True,2026-01-01
OBEROIRLTY.NS,2015-01-01,2026-01-01,11.001,252,252,0.0,861514802.7293701,1689.6888427734375,,True,2026-01-01
OFSS.NS,2015-01-01,2026-01-01,11.001,252,252,0.0,1083134353.25,7473.396484375,,True,2026-01-01
OIL.NS,2015-01-01,2026-01-01,11.001,252,252,0.0,921215038.6076508,421.1095886230469,,True,2026-01-01
ONGC.NS,2015-01-01,2026-01-01,11.001,252,252,0.0,2162507209.3405304,232.4696044921875,,True,2026-01-01
PAGEIND.NS,2015-01-01,2026-01-01,11.001,252,252,0.0,913469745.0,35182.8984375,,True,2026-01-01
PATANJALI.NS,2015-01-01,2026-01-01,11.001,252,252,0.0,1036204197.2210999,546.8954467773438,,True,2026-01-01
PAYTM.NS,2021-11-18,2026-01-01,4.12,252,252,0.0,4141276470.332489,1291.699951171875,,True,2026-01-01
PERSISTENT.NS,2015-01-01,2026-01-01,11.001,252,252,0.0,2256899061.5,6238.376953125,,True,2026-01-01
PETRONET.NS,2015-01-01,2026-01-01,11.001,252,252,0.0,541703246.4616547,284.8143005371094,,True,2026-01-01
PFC.NS,2015-01-01,2026-01-01,11.001,252,252,0.0,2353736257.082306,353.4661865234375,,True,2026-01-01
PGEL.NS,2015-01-01,2026-01-01,11.001,252,252,0.0,1269536568.6853333,578.9500122070312,,True,2026-01-01
PHOENIXLTD.NS,2015-01-01,2026-01-01,11.001,252,252,0.0,859611564.8782349,1872.699951171875,,True,2026-01-01
PIDILITIND.NS,2015-01-01,2026-01-01,11.001,252,252,0.0,776168775.3272705,1458.7958984375,,True,2026-01-01
PIIND.NS,2015-01-01,2026-01-01,11.001,252,252,0.0,689705204.7471924,3202.324951171875,,True,2026-01-01
PNB.NS,2015-01-01,2026-01-01,11.001,252,252,0.0,1958971541.1729965,120.43788146972656,,True,2026-01-01
PNBHOUSING.NS,2016-11-07,2026-01-01,9.15,252,252,0.0,893793762.074707,978.9600830078125,,True,2026-01-01
POLICYBZR.NS,2021-11-15,2026-01-01,4.129,252,252,0.0,2231127646.2301025,1805.800048828125,,True,2026-01-01
POLYCAB.NS,2019-04-16,2026-01-01,6.713,252,252,0.0,1750525201.665039,7636.76513671875,,True,2026-01-01
POWERGRID.NS,2015-01-01,2026-01-01,11.001,252,252,0.0,3079299874.5747223,263.83807373046875,,True,2026-01-01
POWERINDIA.NS,2020-03-30,2026-01-01,5.758,252,252,0.0,1655782173.0,18477.587890625,,True,2026-01-01
PRESTIGE.NS,2015-01-01,2026-01-01,11.001,252,252,0.0,994475115.1761475,1602.0831298828125,,True,2026-01-01
RADICO.NS,2015-01-01,2026-01-01,11.001,252,252,0.0,538082745.9106445,3246.6962890625,,True,2026-01-01
RBLBANK.NS,2016-08-31,2026-01-01,9.336,252,252,0.0,1588250089.0193176,314.48577880859375,,True,2026-01-01
RECLTD.NS,2015-01-01,2026-01-01,11.001,252,252,0.0,2524021787.80748,354.1167907714844,,True,2026-01-01
RELIANCE.NS,2015-01-01,2026-01-01,11.001,252,252,0.0,13900800136.756653,1568.3485107421875,,True,2026-01-01
RVNL.NS,2019-04-11,2026-01-01,6.727,252,252,0.0,1914318246.8592224,359.2486267089844,,True,2026-01-01
SAIL.NS,2015-01-01,2026-01-01,11.001,252,252,0.0,1614623831.8115501,148.4499969482422,,True,2026-01-01
SBICARD.NS,2020-03-16,2026-01-01,5.796,252,252,0.0,843561087.4256897,856.4993896484375,,True,2026-01-01
SBILIFE.NS,2017-10-03,2026-01-01,8.246,252,252,0.0,1580277688.78125,2037.5675048828125,,True,2026-01-01
SBIN.NS,2015-01-01,2026-01-01,11.001,252,252,0.0,7675796976.552185,967.3140869140625,,True,2026-01-01
SHREECEM.NS,2015-01-01,2026-01-01,11.001,252,252,0.0,790721812.5,26765.427734375,,True,2026-01-01
SHRIRAMFIN.NS,2015-01-01,2026-01-01,11.001,252,252,0.0,3583634641.1658325,1013.96435546875,,True,2026-01-01
SIEMENS.NS,2015-01-01,2026-01-01,11.001,252,252,0.0,1480466258.734253,3076.18359375,,True,2026-01-01
SOLARINDS.NS,2015-01-01,2026-01-01,11.001,252,252,0.0,1305168474.0,12158.81640625,,True,2026-01-01
SONACOMS.NS,2021-06-24,2026-01-01,4.523,252,252,0.0,904179137.276001,471.3938293457031,,True,2026-01-01
SRF.NS,2015-01-01,2026-01-01,11.001,252,252,0.0,1335584324.1176758,3045.879638671875,,True,2026-01-01
SUNPHARMA.NS,2015-01-01,2026-01-01,11.001,252,252,0.0,3446724378.8652344,1705.5223388671875,,True,2026-01-01
SUPREMEIND.NS,2015-01-01,2026-01-01,11.001,252,252,0.0,726231335.8560791,3459.93359375,,True,2026-01-01
SUZLON.NS,2015-01-01,2026-01-01,11.001,252,252,0.0,3096323041.9018784,52.470001220703125,,True,2026-01-01
TATACONSUM.NS,2015-01-01,2026-01-01,11.001,252,252,0.0,1224386442.9613647,1167.0250244140625,,True,2026-01-01
TATAELXSI.NS,2015-01-01,2026-01-01,11.001,252,252,0.0,846424943.1606445,5119.68798828125,,True,2026-01-01
TATAPOWER.NS,2015-01-01,2026-01-01,11.001,252,252,0.0,2022309427.743576,379.4984130859375,,True,2026-01-01
TATASTEEL.NS,2015-01-01,2026-01-01,11.001,252,252,0.0,3662512839.1816025,178.21470642089844,,True,2026-01-01
TCS.NS,2015-01-01,2026-01-01,11.001,252,252,0.0,8229302614.514893,3110.31884765625,,True,2026-01-01
TECHM.NS,2015-01-01,2026-01-01,11.001,252,252,0.0,2496966649.01947,1566.9786376953125,,True,2026-01-01
TIINDIA.NS,2017-11-02,2026-01-01,8.164,252,252,0.0,738127074.4544678,2619.252685546875,,True,2026-01-01
TITAN.NS,2015-01-01,2026-01-01,11.001,252,252,0.0,2542286999.2144775,4036.056640625,,True,2026-01-01
TMPV.NS,2015-01-01,2026-01-01,11.001,252,252,0.0,7018098522.922485,364.526123046875,,True,2026-01-01
TORNTPHARM.NS,2015-01-01,2026-01-01,11.001,252,252,0.0,838592466.4772949,3814.611328125,,True,2026-01-01
TRENT.NS,2015-01-01,2026-01-01,11.001,252,252,0.0,4791148950.272949,2860.7060546875,,True,2026-01-01
TVSMOTOR.NS,2015-01-01,2026-01-01,11.001,252,252,0.0,1888451728.809082,3781.18359375,,True,2026-01-01
ULTRACEMCO.NS,2015-01-01,2026-01-01,11.001,252,252,0.0,2736442594.5844727,11662.9404296875,,True,2026-01-01
UNIONBANK.NS,2015-01-01,2026-01-01,11.001,252,252,0.0,1358372567.4304695,149.17564392089844,,True,2026-01-01
UNITDSPR.NS,2015-01-01,2026-01-01,11.001,252,252,0.0,1104061256.2225952,1387.19677734375,,True,2026-01-01
UNOMINDA.NS,2015-01-01,2026-01-01,11.001,252,252,0.0,693077040.6189575,1283.76953125,,True,2026-01-01
UPL.NS,2015-01-01,2026-01-01,11.001,252,252,0.0,1279895102.8670044,797.6290893554688,,True,2026-01-01
VBL.NS,2016-11-08,2026-01-01,9.147,252,252,0.0,2838350446.562683,490.12359619140625,,True,2026-01-01
VEDL.NS,2015-01-01,2026-01-01,11.001,252,252,0.0,3655142256.7895203,592.7506103515625,,True,2026-01-01
VOLTAS.NS,2015-01-01,2026-01-01,11.001,252,252,0.0,1529795484.696167,1379.9649658203125,,True,2026-01-01
WIPRO.NS,2015-01-01,2026-01-01,11.001,252,252,0.0,2319209185.9039917,257.67852783203125,,True,2026-01-01
YESBANK.NS,2015-01-01,2026-01-01,11.001,252,252,0.0,1630027069.912548,21.489999771118164,,True,2026-01-01
ZYDUSLIFE.NS,2015-01-01,2026-01-01,11.001,252,252,0.0,809901063.4526978,914.2284545898438,,True,2026-01-01
